ISO-10303-21;
HEADER;
/* Generated by software containing ST-Developer
 * from STEP Tools, Inc. (www.steptools.com) 
 */

FILE_DESCRIPTION(
/* description */ (''),
/* implementation_level */ '2;1');

FILE_NAME(
/* name */ 'esp32-p4-wifi6-guiton-800x480.step',
/* time_stamp */ '2026-08-03T16:38:18+02:00',
/* author */ (''),
/* organization */ (''),
/* preprocessor_version */ 'ST-DEVELOPER v20.1',
/* originating_system */ 'Autodesk Translation Framework v15.8.0.0',
/* authorisation */ '');

FILE_SCHEMA (('AUTOMOTIVE_DESIGN { 1 0 10303 214 3 1 1 }'));
ENDSEC;

DATA;
#10=MECHANICAL_DESIGN_GEOMETRIC_PRESENTATION_REPRESENTATION('',(#39,#40,
#41,#42),#6198);
#11=ITEM_DEFINED_TRANSFORMATION($,$,#3528,#3857);
#12=ITEM_DEFINED_TRANSFORMATION($,$,#3740,#3858);
#13=ITEM_DEFINED_TRANSFORMATION($,$,#3778,#3859);
#14=ITEM_DEFINED_TRANSFORMATION($,$,#3803,#3860);
#15=ITEM_DEFINED_TRANSFORMATION($,$,#3803,#3861);
#16=(
REPRESENTATION_RELATIONSHIP($,$,#6219,#6218)
REPRESENTATION_RELATIONSHIP_WITH_TRANSFORMATION(#11)
SHAPE_REPRESENTATION_RELATIONSHIP()
);
#17=(
REPRESENTATION_RELATIONSHIP($,$,#6220,#6218)
REPRESENTATION_RELATIONSHIP_WITH_TRANSFORMATION(#12)
SHAPE_REPRESENTATION_RELATIONSHIP()
);
#18=(
REPRESENTATION_RELATIONSHIP($,$,#6221,#6218)
REPRESENTATION_RELATIONSHIP_WITH_TRANSFORMATION(#13)
SHAPE_REPRESENTATION_RELATIONSHIP()
);
#19=(
REPRESENTATION_RELATIONSHIP($,$,#6222,#6218)
REPRESENTATION_RELATIONSHIP_WITH_TRANSFORMATION(#14)
SHAPE_REPRESENTATION_RELATIONSHIP()
);
#20=(
REPRESENTATION_RELATIONSHIP($,$,#6222,#6218)
REPRESENTATION_RELATIONSHIP_WITH_TRANSFORMATION(#15)
SHAPE_REPRESENTATION_RELATIONSHIP()
);
#21=CONTEXT_DEPENDENT_SHAPE_REPRESENTATION(#16,#6213);
#22=CONTEXT_DEPENDENT_SHAPE_REPRESENTATION(#17,#6214);
#23=CONTEXT_DEPENDENT_SHAPE_REPRESENTATION(#18,#6215);
#24=CONTEXT_DEPENDENT_SHAPE_REPRESENTATION(#19,#6216);
#25=CONTEXT_DEPENDENT_SHAPE_REPRESENTATION(#20,#6217);
#26=NEXT_ASSEMBLY_USAGE_OCCURRENCE('main:1','main:1','main:1',#6224,#6225,
'main:1');
#27=NEXT_ASSEMBLY_USAGE_OCCURRENCE('cover-TPU:1','cover-TPU:1',
'cover-TPU:1',#6224,#6226,'cover-TPU:1');
#28=NEXT_ASSEMBLY_USAGE_OCCURRENCE('insert:1','insert:1','insert:1',#6224,
#6227,'insert:1');
#29=NEXT_ASSEMBLY_USAGE_OCCURRENCE('u-holder:3','u-holder:3',
'u-holder:3',#6224,#6228,'u-holder:3');
#30=NEXT_ASSEMBLY_USAGE_OCCURRENCE('u-holder:4','u-holder:4',
'u-holder:4',#6224,#6228,'u-holder:4');
#31=SHAPE_REPRESENTATION_RELATIONSHIP('SRR','None',#6219,#35);
#32=SHAPE_REPRESENTATION_RELATIONSHIP('SRR','None',#6220,#36);
#33=SHAPE_REPRESENTATION_RELATIONSHIP('SRR','None',#6221,#37);
#34=SHAPE_REPRESENTATION_RELATIONSHIP('SRR','None',#6222,#38);
#35=ADVANCED_BREP_SHAPE_REPRESENTATION('',(#43),#6194);
#36=ADVANCED_BREP_SHAPE_REPRESENTATION('',(#44),#6195);
#37=ADVANCED_BREP_SHAPE_REPRESENTATION('',(#45),#6196);
#38=ADVANCED_BREP_SHAPE_REPRESENTATION('',(#46),#6197);
#39=STYLED_ITEM('',(#6247),#43);
#40=STYLED_ITEM('',(#6247),#44);
#41=STYLED_ITEM('',(#6247),#45);
#42=STYLED_ITEM('',(#6247),#46);
#43=MANIFOLD_SOLID_BREP('Body1',#3478);
#44=MANIFOLD_SOLID_BREP('Body1',#3479);
#45=MANIFOLD_SOLID_BREP('Body1',#3480);
#46=MANIFOLD_SOLID_BREP('Body1',#3481);
#47=TOROIDAL_SURFACE('',#3650,3.00000000000001,1.);
#48=TOROIDAL_SURFACE('',#3655,3.,1.);
#49=SPHERICAL_SURFACE('',#3614,1.);
#50=SPHERICAL_SURFACE('',#3624,1.);
#51=ELLIPSE('',#3607,4.2426406871193,3.00000000000001);
#52=ELLIPSE('',#3608,5.00000000000002,4.00000000000001);
#53=ELLIPSE('',#3621,4.2426406871193,3.00000000000001);
#54=ELLIPSE('',#3622,5.00000000000002,4.00000000000001);
#55=B_SPLINE_SURFACE_WITH_KNOTS('',3,3,((#5181,#5182,#5183,#5184,#5185),
(#5186,#5187,#5188,#5189,#5190),(#5191,#5192,#5193,#5194,#5195),(#5196,
#5197,#5198,#5199,#5200),(#5201,#5202,#5203,#5204,#5205)),.UNSPECIFIED.,
 .F.,.F.,.F.,(4,1,4),(4,1,4),(0.,0.571428571428571,1.),(-1.57079632679489,
-0.897597901025654,-9.25185853854293E-17),.UNSPECIFIED.);
#56=B_SPLINE_SURFACE_WITH_KNOTS('',3,3,((#5233,#5234,#5235,#5236,#5237),
(#5238,#5239,#5240,#5241,#5242),(#5243,#5244,#5245,#5246,#5247),(#5248,
#5249,#5250,#5251,#5252),(#5253,#5254,#5255,#5256,#5257)),.UNSPECIFIED.,
 .F.,.F.,.F.,(4,1,4),(4,1,4),(0.,0.571428571428571,1.),(0.,0.897597901025656,
1.5707963267949),.UNSPECIFIED.);
#57=B_SPLINE_SURFACE_WITH_KNOTS('',3,3,((#5548,#5549,#5550,#5551),(#5552,
#5553,#5554,#5555),(#5556,#5557,#5558,#5559),(#5560,#5561,#5562,#5563)),
 .UNSPECIFIED.,.F.,.F.,.F.,(4,4),(4,4),(-7.95015251065003E-13,1.),(-1.34622261298883E-15,
0.522061735008284),.UNSPECIFIED.);
#58=B_SPLINE_SURFACE_WITH_KNOTS('',3,3,((#5584,#5585,#5586,#5587),(#5588,
#5589,#5590,#5591),(#5592,#5593,#5594,#5595),(#5596,#5597,#5598,#5599)),
 .UNSPECIFIED.,.F.,.F.,.F.,(4,4),(4,4),(-1.62591766123839E-12,1.),(2.61953123923138,
3.14159358412249),.UNSPECIFIED.);
#59=CONICAL_SURFACE('',#3575,4.75356286856883,0.785398163397451);
#60=CONICAL_SURFACE('',#3577,4.75356286856883,0.78539816339745);
#61=CONICAL_SURFACE('',#3611,2.25,0.785398163397448);
#62=CONICAL_SURFACE('',#3617,2.25,0.785398163397448);
#63=CONICAL_SURFACE('',#3670,2.25,0.785398163397448);
#64=CONICAL_SURFACE('',#3672,3.,0.785398163397449);
#65=CONICAL_SURFACE('',#3693,2.25,0.785398163397448);
#66=CONICAL_SURFACE('',#3743,4.00356286856883,0.785398163397441);
#67=CONICAL_SURFACE('',#3746,4.00356286856883,0.785398163397439);
#68=CONICAL_SURFACE('',#3757,4.75356286856883,0.785398163397451);
#69=CONICAL_SURFACE('',#3760,4.75356286856883,0.78539816339745);
#70=CONICAL_SURFACE('',#3766,5.55356286856883,0.785398163397451);
#71=CONICAL_SURFACE('',#3770,5.55356286856883,0.78539816339745);
#72=CONICAL_SURFACE('',#3797,4.55356286856883,0.78539816339745);
#73=CONICAL_SURFACE('',#3800,4.55356286856883,0.785398163397451);
#74=B_SPLINE_CURVE_WITH_KNOTS('',3,(#4920,#4921,#4922,#4923),
 .UNSPECIFIED.,.F.,.F.,(4,4),(1.87514019584126,1.87515696754374),
 .UNSPECIFIED.);
#75=B_SPLINE_CURVE_WITH_KNOTS('',3,(#5566,#5567,#5568,#5569),
 .UNSPECIFIED.,.F.,.F.,(4,4),(-0.284524440075848,-0.0879476734360722),
 .UNSPECIFIED.);
#76=B_SPLINE_CURVE_WITH_KNOTS('',3,(#5573,#5574,#5575,#5576),
 .UNSPECIFIED.,.F.,.F.,(4,4),(-1.34622261298883E-15,0.522061082456336),
 .UNSPECIFIED.);
#77=B_SPLINE_CURVE_WITH_KNOTS('',3,(#5601,#5602,#5603,#5604),
 .UNSPECIFIED.,.F.,.F.,(4,4),(-1.76025737877194,-1.56390156173287),
 .UNSPECIFIED.);
#78=B_SPLINE_CURVE_WITH_KNOTS('',3,(#5607,#5608,#5609,#5610),
 .UNSPECIFIED.,.F.,.F.,(4,4),(2.61953157113346,3.14159265358979),
 .UNSPECIFIED.);
#79=B_SPLINE_CURVE_WITH_KNOTS('',3,(#5772,#5773,#5774,#5775,#5776,#5777,
#5778,#5779,#5780,#5781),.UNSPECIFIED.,.F.,.F.,(4,2,2,2,4),(0.,0.0508937746371907,
0.101787549274381,0.152681105933866,0.203574662593351),.UNSPECIFIED.);
#80=B_SPLINE_CURVE_WITH_KNOTS('',3,(#5782,#5783,#5784,#5785,#5786,#5787,
#5788,#5789,#5790,#5791,#5792,#5793,#5794,#5795,#5796,#5797,#5798,#5799,
#5800,#5801,#5802,#5803,#5804,#5805,#5806,#5807),.UNSPECIFIED.,.F.,.F.,
(4,2,2,2,2,2,2,2,2,2,2,2,4),(0.203574662593351,0.254468219252836,0.30536177591232,
0.356255550549512,0.407149325186702,0.458043099823893,0.508936874461084,
0.559830431120569,0.610723987780054,0.661617544439538,0.712511101099023,
0.763404875736214,0.814298650373405),.UNSPECIFIED.);
#81=B_SPLINE_CURVE_WITH_KNOTS('',3,(#5815,#5816,#5817,#5818,#5819,#5820,
#5821,#5822,#5823,#5824),.UNSPECIFIED.,.F.,.F.,(4,2,2,2,4),(0.,0.0508937746371909,
0.101787549274382,0.152681105933867,0.203574662593352),.UNSPECIFIED.);
#82=B_SPLINE_CURVE_WITH_KNOTS('',3,(#5825,#5826,#5827,#5828,#5829,#5830,
#5831,#5832,#5833,#5834,#5835,#5836,#5837,#5838,#5839,#5840,#5841,#5842,
#5843,#5844,#5845,#5846,#5847,#5848,#5849,#5850),.UNSPECIFIED.,.F.,.F.,
(4,2,2,2,2,2,2,2,2,2,2,2,4),(0.203574662593352,0.254468219252836,0.30536177591232,
0.356255550549511,0.407149325186702,0.458043099823893,0.508936874461084,
0.559830431120569,0.610723987780053,0.661617544439538,0.712511101099023,
0.763404875736214,0.814298650373404),.UNSPECIFIED.);
#83=B_SPLINE_CURVE_WITH_KNOTS('',3,(#5858,#5859,#5860,#5861,#5862,#5863,
#5864,#5865,#5866,#5867),.UNSPECIFIED.,.F.,.F.,(4,2,2,2,4),(0.,0.0508937746371909,
0.101787549274382,0.152681105933867,0.203574662593351),.UNSPECIFIED.);
#84=B_SPLINE_CURVE_WITH_KNOTS('',3,(#5868,#5869,#5870,#5871,#5872,#5873,
#5874,#5875,#5876,#5877,#5878,#5879,#5880,#5881,#5882,#5883,#5884,#5885,
#5886,#5887,#5888,#5889,#5890,#5891,#5892,#5893),.UNSPECIFIED.,.F.,.F.,
(4,2,2,2,2,2,2,2,2,2,2,2,4),(0.203574662593351,0.254468219252836,0.30536177591232,
0.356255550549511,0.407149325186702,0.458043099823893,0.508936874461084,
0.559830431120568,0.610723987780053,0.661617544439538,0.712511101099023,
0.763404875736213,0.814298650373404),.UNSPECIFIED.);
#85=B_SPLINE_CURVE_WITH_KNOTS('',3,(#5901,#5902,#5903,#5904,#5905,#5906,
#5907,#5908,#5909,#5910),.UNSPECIFIED.,.F.,.F.,(4,2,2,2,4),(0.,0.0508937746371908,
0.101787549274382,0.152681105933866,0.203574662593351),.UNSPECIFIED.);
#86=B_SPLINE_CURVE_WITH_KNOTS('',3,(#5911,#5912,#5913,#5914,#5915,#5916,
#5917,#5918,#5919,#5920,#5921,#5922,#5923,#5924,#5925,#5926,#5927,#5928,
#5929,#5930,#5931,#5932,#5933,#5934,#5935,#5936),.UNSPECIFIED.,.F.,.F.,
(4,2,2,2,2,2,2,2,2,2,2,2,4),(0.203574662593351,0.254468219252836,0.30536177591232,
0.356255550549511,0.407149325186702,0.458043099823893,0.508936874461084,
0.559830431120568,0.610723987780053,0.661617544439538,0.712511101099023,
0.763404875736213,0.814298650373404),.UNSPECIFIED.);
#87=B_SPLINE_CURVE_WITH_KNOTS('',3,(#5944,#5945,#5946,#5947,#5948,#5949,
#5950,#5951,#5952,#5953),.UNSPECIFIED.,.F.,.F.,(4,2,2,2,4),(0.,0.0508937746371908,
0.101787549274382,0.152681105933866,0.203574662593351),.UNSPECIFIED.);
#88=B_SPLINE_CURVE_WITH_KNOTS('',3,(#5954,#5955,#5956,#5957,#5958,#5959,
#5960,#5961,#5962,#5963,#5964,#5965,#5966,#5967,#5968,#5969,#5970,#5971,
#5972,#5973,#5974,#5975,#5976,#5977,#5978,#5979),.UNSPECIFIED.,.F.,.F.,
(4,2,2,2,2,2,2,2,2,2,2,2,4),(0.203574662593351,0.254468219252835,0.30536177591232,
0.356255550549511,0.407149325186702,0.458043099823893,0.508936874461083,
0.559830431120568,0.610723987780053,0.661617544439537,0.712511101099022,
0.763404875736213,0.814298650373404),.UNSPECIFIED.);
#89=B_SPLINE_CURVE_WITH_KNOTS('',3,(#5987,#5988,#5989,#5990,#5991,#5992,
#5993,#5994,#5995,#5996),.UNSPECIFIED.,.F.,.F.,(4,2,2,2,4),(0.,0.0508937746371908,
0.101787549274382,0.152681105933866,0.203574662593351),.UNSPECIFIED.);
#90=B_SPLINE_CURVE_WITH_KNOTS('',3,(#5997,#5998,#5999,#6000,#6001,#6002,
#6003,#6004,#6005,#6006,#6007,#6008,#6009,#6010,#6011,#6012,#6013,#6014,
#6015,#6016,#6017,#6018,#6019,#6020,#6021,#6022),.UNSPECIFIED.,.F.,.F.,
(4,2,2,2,2,2,2,2,2,2,2,2,4),(0.203574662593351,0.254468219252836,0.30536177591232,
0.356255550549511,0.407149325186702,0.458043099823893,0.508936874461084,
0.559830431120568,0.610723987780053,0.661617544439538,0.712511101099023,
0.763404875736214,0.814298650373404),.UNSPECIFIED.);
#91=B_SPLINE_CURVE_WITH_KNOTS('',3,(#6030,#6031,#6032,#6033,#6034,#6035,
#6036,#6037,#6038,#6039),.UNSPECIFIED.,.F.,.F.,(4,2,2,2,4),(0.,0.0508937746371907,
0.101787549274381,0.152681105933866,0.203574662593351),.UNSPECIFIED.);
#92=B_SPLINE_CURVE_WITH_KNOTS('',3,(#6040,#6041,#6042,#6043,#6044,#6045,
#6046,#6047,#6048,#6049,#6050,#6051,#6052,#6053,#6054,#6055,#6056,#6057,
#6058,#6059,#6060,#6061,#6062,#6063,#6064,#6065),.UNSPECIFIED.,.F.,.F.,
(4,2,2,2,2,2,2,2,2,2,2,2,4),(0.203574662593351,0.254468219252836,0.30536177591232,
0.356255550549511,0.407149325186702,0.458043099823893,0.508936874461084,
0.559830431120569,0.610723987780053,0.661617544439538,0.712511101099023,
0.763404875736214,0.814298650373404),.UNSPECIFIED.);
#93=CYLINDRICAL_SURFACE('',#3535,4.25356286856883);
#94=CYLINDRICAL_SURFACE('',#3538,6.25356286856882);
#95=CYLINDRICAL_SURFACE('',#3543,6.);
#96=CYLINDRICAL_SURFACE('',#3550,5.45356286856883);
#97=CYLINDRICAL_SURFACE('',#3554,5.45356286856883);
#98=CYLINDRICAL_SURFACE('',#3559,6.25356286856883);
#99=CYLINDRICAL_SURFACE('',#3572,4.25356286856883);
#100=CYLINDRICAL_SURFACE('',#3600,6.);
#101=CYLINDRICAL_SURFACE('',#3603,1.);
#102=CYLINDRICAL_SURFACE('',#3609,1.);
#103=CYLINDRICAL_SURFACE('',#3628,4.00000000000001);
#104=CYLINDRICAL_SURFACE('',#3632,4.00000000000001);
#105=CYLINDRICAL_SURFACE('',#3636,3.);
#106=CYLINDRICAL_SURFACE('',#3638,3.);
#107=CYLINDRICAL_SURFACE('',#3640,3.);
#108=CYLINDRICAL_SURFACE('',#3643,1.5);
#109=CYLINDRICAL_SURFACE('',#3648,1.);
#110=CYLINDRICAL_SURFACE('',#3653,1.);
#111=CYLINDRICAL_SURFACE('',#3659,1.);
#112=CYLINDRICAL_SURFACE('',#3660,1.5);
#113=CYLINDRICAL_SURFACE('',#3661,4.00000000000001);
#114=CYLINDRICAL_SURFACE('',#3663,1.);
#115=CYLINDRICAL_SURFACE('',#3664,1.);
#116=CYLINDRICAL_SURFACE('',#3665,3.99999999999999);
#117=CYLINDRICAL_SURFACE('',#3667,3.);
#118=CYLINDRICAL_SURFACE('',#3681,1.5);
#119=CYLINDRICAL_SURFACE('',#3683,1.5);
#120=CYLINDRICAL_SURFACE('',#3695,1.5);
#121=CYLINDRICAL_SURFACE('',#3696,1.5);
#122=CYLINDRICAL_SURFACE('',#3697,1.5);
#123=CYLINDRICAL_SURFACE('',#3698,2.5);
#124=CYLINDRICAL_SURFACE('',#3699,1.5);
#125=CYLINDRICAL_SURFACE('',#3700,1.5);
#126=CYLINDRICAL_SURFACE('',#3701,6.);
#127=CYLINDRICAL_SURFACE('',#3718,2.00000000000001);
#128=CYLINDRICAL_SURFACE('',#3721,2.00000000000001);
#129=CYLINDRICAL_SURFACE('',#3724,1.99999999999999);
#130=CYLINDRICAL_SURFACE('',#3727,2.00000000000001);
#131=CYLINDRICAL_SURFACE('',#3731,1.5);
#132=CYLINDRICAL_SURFACE('',#3734,6.);
#133=CYLINDRICAL_SURFACE('',#3750,4.25356286856883);
#134=CYLINDRICAL_SURFACE('',#3753,4.25356286856883);
#135=CYLINDRICAL_SURFACE('',#3773,6.05356286856883);
#136=CYLINDRICAL_SURFACE('',#3776,6.05356286856883);
#137=CYLINDRICAL_SURFACE('',#3784,4.05356286856883);
#138=CYLINDRICAL_SURFACE('',#3788,5.35356286856883);
#139=CYLINDRICAL_SURFACE('',#3790,4.05356286856883);
#140=CYLINDRICAL_SURFACE('',#3794,5.35356286856883);
#141=CYLINDRICAL_SURFACE('',#3804,1.35);
#142=CYLINDRICAL_SURFACE('',#3807,1.35);
#143=CYLINDRICAL_SURFACE('',#3810,1.35);
#144=CYLINDRICAL_SURFACE('',#3813,1.35);
#145=CYLINDRICAL_SURFACE('',#3816,1.35);
#146=CYLINDRICAL_SURFACE('',#3819,1.35);
#147=CYLINDRICAL_SURFACE('',#3822,1.35);
#148=CYLINDRICAL_SURFACE('',#3825,3.25);
#149=CYLINDRICAL_SURFACE('',#3830,3.25);
#150=CYLINDRICAL_SURFACE('',#3835,12.75);
#151=CYLINDRICAL_SURFACE('',#3848,1.75);
#152=CYLINDRICAL_SURFACE('',#3850,1.75);
#153=FACE_BOUND('',#393,.T.);
#154=FACE_BOUND('',#401,.T.);
#155=FACE_BOUND('',#411,.T.);
#156=FACE_BOUND('',#412,.T.);
#157=FACE_BOUND('',#413,.T.);
#158=FACE_BOUND('',#414,.T.);
#159=FACE_BOUND('',#415,.T.);
#160=FACE_BOUND('',#416,.T.);
#161=FACE_BOUND('',#417,.T.);
#162=FACE_BOUND('',#430,.T.);
#163=FACE_BOUND('',#432,.T.);
#164=FACE_BOUND('',#436,.T.);
#165=FACE_BOUND('',#457,.T.);
#166=FACE_BOUND('',#478,.T.);
#167=FACE_BOUND('',#479,.T.);
#168=FACE_BOUND('',#480,.T.);
#169=FACE_BOUND('',#481,.T.);
#170=FACE_BOUND('',#482,.T.);
#171=FACE_BOUND('',#483,.T.);
#172=FACE_BOUND('',#484,.T.);
#173=FACE_BOUND('',#485,.T.);
#174=FACE_BOUND('',#486,.T.);
#175=FACE_BOUND('',#487,.T.);
#176=FACE_BOUND('',#492,.T.);
#177=FACE_BOUND('',#514,.T.);
#178=FACE_BOUND('',#518,.T.);
#179=FACE_BOUND('',#537,.T.);
#180=FACE_BOUND('',#556,.T.);
#181=FACE_BOUND('',#567,.T.);
#182=FACE_BOUND('',#581,.T.);
#183=FACE_BOUND('',#598,.T.);
#184=FACE_BOUND('',#601,.T.);
#185=FACE_BOUND('',#603,.T.);
#186=FACE_BOUND('',#604,.T.);
#187=FACE_BOUND('',#605,.T.);
#188=FACE_BOUND('',#606,.T.);
#189=FACE_BOUND('',#607,.T.);
#190=FACE_BOUND('',#608,.T.);
#191=FACE_BOUND('',#609,.T.);
#192=FACE_BOUND('',#617,.T.);
#193=FACE_BOUND('',#627,.T.);
#194=FACE_BOUND('',#629,.T.);
#195=FACE_BOUND('',#630,.T.);
#196=FACE_OUTER_BOUND('',#392,.T.);
#197=FACE_OUTER_BOUND('',#394,.T.);
#198=FACE_OUTER_BOUND('',#395,.T.);
#199=FACE_OUTER_BOUND('',#396,.T.);
#200=FACE_OUTER_BOUND('',#397,.T.);
#201=FACE_OUTER_BOUND('',#398,.T.);
#202=FACE_OUTER_BOUND('',#399,.T.);
#203=FACE_OUTER_BOUND('',#400,.T.);
#204=FACE_OUTER_BOUND('',#402,.T.);
#205=FACE_OUTER_BOUND('',#403,.T.);
#206=FACE_OUTER_BOUND('',#404,.T.);
#207=FACE_OUTER_BOUND('',#405,.T.);
#208=FACE_OUTER_BOUND('',#406,.T.);
#209=FACE_OUTER_BOUND('',#407,.T.);
#210=FACE_OUTER_BOUND('',#408,.T.);
#211=FACE_OUTER_BOUND('',#409,.T.);
#212=FACE_OUTER_BOUND('',#410,.T.);
#213=FACE_OUTER_BOUND('',#418,.T.);
#214=FACE_OUTER_BOUND('',#419,.T.);
#215=FACE_OUTER_BOUND('',#420,.T.);
#216=FACE_OUTER_BOUND('',#421,.T.);
#217=FACE_OUTER_BOUND('',#422,.T.);
#218=FACE_OUTER_BOUND('',#423,.T.);
#219=FACE_OUTER_BOUND('',#424,.T.);
#220=FACE_OUTER_BOUND('',#425,.T.);
#221=FACE_OUTER_BOUND('',#426,.T.);
#222=FACE_OUTER_BOUND('',#427,.T.);
#223=FACE_OUTER_BOUND('',#428,.T.);
#224=FACE_OUTER_BOUND('',#429,.T.);
#225=FACE_OUTER_BOUND('',#431,.T.);
#226=FACE_OUTER_BOUND('',#433,.T.);
#227=FACE_OUTER_BOUND('',#434,.T.);
#228=FACE_OUTER_BOUND('',#435,.T.);
#229=FACE_OUTER_BOUND('',#437,.T.);
#230=FACE_OUTER_BOUND('',#438,.T.);
#231=FACE_OUTER_BOUND('',#439,.T.);
#232=FACE_OUTER_BOUND('',#440,.T.);
#233=FACE_OUTER_BOUND('',#441,.T.);
#234=FACE_OUTER_BOUND('',#442,.T.);
#235=FACE_OUTER_BOUND('',#443,.T.);
#236=FACE_OUTER_BOUND('',#444,.T.);
#237=FACE_OUTER_BOUND('',#445,.T.);
#238=FACE_OUTER_BOUND('',#446,.T.);
#239=FACE_OUTER_BOUND('',#447,.T.);
#240=FACE_OUTER_BOUND('',#448,.T.);
#241=FACE_OUTER_BOUND('',#449,.T.);
#242=FACE_OUTER_BOUND('',#450,.T.);
#243=FACE_OUTER_BOUND('',#451,.T.);
#244=FACE_OUTER_BOUND('',#452,.T.);
#245=FACE_OUTER_BOUND('',#453,.T.);
#246=FACE_OUTER_BOUND('',#454,.T.);
#247=FACE_OUTER_BOUND('',#455,.T.);
#248=FACE_OUTER_BOUND('',#456,.T.);
#249=FACE_OUTER_BOUND('',#458,.T.);
#250=FACE_OUTER_BOUND('',#459,.T.);
#251=FACE_OUTER_BOUND('',#460,.T.);
#252=FACE_OUTER_BOUND('',#461,.T.);
#253=FACE_OUTER_BOUND('',#462,.T.);
#254=FACE_OUTER_BOUND('',#463,.T.);
#255=FACE_OUTER_BOUND('',#464,.T.);
#256=FACE_OUTER_BOUND('',#465,.T.);
#257=FACE_OUTER_BOUND('',#466,.T.);
#258=FACE_OUTER_BOUND('',#467,.T.);
#259=FACE_OUTER_BOUND('',#468,.T.);
#260=FACE_OUTER_BOUND('',#469,.T.);
#261=FACE_OUTER_BOUND('',#470,.T.);
#262=FACE_OUTER_BOUND('',#471,.T.);
#263=FACE_OUTER_BOUND('',#472,.T.);
#264=FACE_OUTER_BOUND('',#473,.T.);
#265=FACE_OUTER_BOUND('',#474,.T.);
#266=FACE_OUTER_BOUND('',#475,.T.);
#267=FACE_OUTER_BOUND('',#476,.T.);
#268=FACE_OUTER_BOUND('',#477,.T.);
#269=FACE_OUTER_BOUND('',#488,.T.);
#270=FACE_OUTER_BOUND('',#489,.T.);
#271=FACE_OUTER_BOUND('',#490,.T.);
#272=FACE_OUTER_BOUND('',#491,.T.);
#273=FACE_OUTER_BOUND('',#493,.T.);
#274=FACE_OUTER_BOUND('',#494,.T.);
#275=FACE_OUTER_BOUND('',#495,.T.);
#276=FACE_OUTER_BOUND('',#496,.T.);
#277=FACE_OUTER_BOUND('',#497,.T.);
#278=FACE_OUTER_BOUND('',#498,.T.);
#279=FACE_OUTER_BOUND('',#499,.T.);
#280=FACE_OUTER_BOUND('',#500,.T.);
#281=FACE_OUTER_BOUND('',#501,.T.);
#282=FACE_OUTER_BOUND('',#502,.T.);
#283=FACE_OUTER_BOUND('',#503,.T.);
#284=FACE_OUTER_BOUND('',#504,.T.);
#285=FACE_OUTER_BOUND('',#505,.T.);
#286=FACE_OUTER_BOUND('',#506,.T.);
#287=FACE_OUTER_BOUND('',#507,.T.);
#288=FACE_OUTER_BOUND('',#508,.T.);
#289=FACE_OUTER_BOUND('',#509,.T.);
#290=FACE_OUTER_BOUND('',#510,.T.);
#291=FACE_OUTER_BOUND('',#511,.T.);
#292=FACE_OUTER_BOUND('',#512,.T.);
#293=FACE_OUTER_BOUND('',#513,.T.);
#294=FACE_OUTER_BOUND('',#515,.T.);
#295=FACE_OUTER_BOUND('',#516,.T.);
#296=FACE_OUTER_BOUND('',#517,.T.);
#297=FACE_OUTER_BOUND('',#519,.T.);
#298=FACE_OUTER_BOUND('',#520,.T.);
#299=FACE_OUTER_BOUND('',#521,.T.);
#300=FACE_OUTER_BOUND('',#522,.T.);
#301=FACE_OUTER_BOUND('',#523,.T.);
#302=FACE_OUTER_BOUND('',#524,.T.);
#303=FACE_OUTER_BOUND('',#525,.T.);
#304=FACE_OUTER_BOUND('',#526,.T.);
#305=FACE_OUTER_BOUND('',#527,.T.);
#306=FACE_OUTER_BOUND('',#528,.T.);
#307=FACE_OUTER_BOUND('',#529,.T.);
#308=FACE_OUTER_BOUND('',#530,.T.);
#309=FACE_OUTER_BOUND('',#531,.T.);
#310=FACE_OUTER_BOUND('',#532,.T.);
#311=FACE_OUTER_BOUND('',#533,.T.);
#312=FACE_OUTER_BOUND('',#534,.T.);
#313=FACE_OUTER_BOUND('',#535,.T.);
#314=FACE_OUTER_BOUND('',#536,.T.);
#315=FACE_OUTER_BOUND('',#538,.T.);
#316=FACE_OUTER_BOUND('',#539,.T.);
#317=FACE_OUTER_BOUND('',#540,.T.);
#318=FACE_OUTER_BOUND('',#541,.T.);
#319=FACE_OUTER_BOUND('',#542,.T.);
#320=FACE_OUTER_BOUND('',#543,.T.);
#321=FACE_OUTER_BOUND('',#544,.T.);
#322=FACE_OUTER_BOUND('',#545,.T.);
#323=FACE_OUTER_BOUND('',#546,.T.);
#324=FACE_OUTER_BOUND('',#547,.T.);
#325=FACE_OUTER_BOUND('',#548,.T.);
#326=FACE_OUTER_BOUND('',#549,.T.);
#327=FACE_OUTER_BOUND('',#550,.T.);
#328=FACE_OUTER_BOUND('',#551,.T.);
#329=FACE_OUTER_BOUND('',#552,.T.);
#330=FACE_OUTER_BOUND('',#553,.T.);
#331=FACE_OUTER_BOUND('',#554,.T.);
#332=FACE_OUTER_BOUND('',#555,.T.);
#333=FACE_OUTER_BOUND('',#557,.T.);
#334=FACE_OUTER_BOUND('',#558,.T.);
#335=FACE_OUTER_BOUND('',#559,.T.);
#336=FACE_OUTER_BOUND('',#560,.T.);
#337=FACE_OUTER_BOUND('',#561,.T.);
#338=FACE_OUTER_BOUND('',#562,.T.);
#339=FACE_OUTER_BOUND('',#563,.T.);
#340=FACE_OUTER_BOUND('',#564,.T.);
#341=FACE_OUTER_BOUND('',#565,.T.);
#342=FACE_OUTER_BOUND('',#566,.T.);
#343=FACE_OUTER_BOUND('',#568,.T.);
#344=FACE_OUTER_BOUND('',#569,.T.);
#345=FACE_OUTER_BOUND('',#570,.T.);
#346=FACE_OUTER_BOUND('',#571,.T.);
#347=FACE_OUTER_BOUND('',#572,.T.);
#348=FACE_OUTER_BOUND('',#573,.T.);
#349=FACE_OUTER_BOUND('',#574,.T.);
#350=FACE_OUTER_BOUND('',#575,.T.);
#351=FACE_OUTER_BOUND('',#576,.T.);
#352=FACE_OUTER_BOUND('',#577,.T.);
#353=FACE_OUTER_BOUND('',#578,.T.);
#354=FACE_OUTER_BOUND('',#579,.T.);
#355=FACE_OUTER_BOUND('',#580,.T.);
#356=FACE_OUTER_BOUND('',#582,.T.);
#357=FACE_OUTER_BOUND('',#583,.T.);
#358=FACE_OUTER_BOUND('',#584,.T.);
#359=FACE_OUTER_BOUND('',#585,.T.);
#360=FACE_OUTER_BOUND('',#586,.T.);
#361=FACE_OUTER_BOUND('',#587,.T.);
#362=FACE_OUTER_BOUND('',#588,.T.);
#363=FACE_OUTER_BOUND('',#589,.T.);
#364=FACE_OUTER_BOUND('',#590,.T.);
#365=FACE_OUTER_BOUND('',#591,.T.);
#366=FACE_OUTER_BOUND('',#592,.T.);
#367=FACE_OUTER_BOUND('',#593,.T.);
#368=FACE_OUTER_BOUND('',#594,.T.);
#369=FACE_OUTER_BOUND('',#595,.T.);
#370=FACE_OUTER_BOUND('',#596,.T.);
#371=FACE_OUTER_BOUND('',#597,.T.);
#372=FACE_OUTER_BOUND('',#599,.T.);
#373=FACE_OUTER_BOUND('',#600,.T.);
#374=FACE_OUTER_BOUND('',#602,.T.);
#375=FACE_OUTER_BOUND('',#610,.T.);
#376=FACE_OUTER_BOUND('',#611,.T.);
#377=FACE_OUTER_BOUND('',#612,.T.);
#378=FACE_OUTER_BOUND('',#613,.T.);
#379=FACE_OUTER_BOUND('',#614,.T.);
#380=FACE_OUTER_BOUND('',#615,.T.);
#381=FACE_OUTER_BOUND('',#616,.T.);
#382=FACE_OUTER_BOUND('',#618,.T.);
#383=FACE_OUTER_BOUND('',#619,.T.);
#384=FACE_OUTER_BOUND('',#620,.T.);
#385=FACE_OUTER_BOUND('',#621,.T.);
#386=FACE_OUTER_BOUND('',#622,.T.);
#387=FACE_OUTER_BOUND('',#623,.T.);
#388=FACE_OUTER_BOUND('',#624,.T.);
#389=FACE_OUTER_BOUND('',#625,.T.);
#390=FACE_OUTER_BOUND('',#626,.T.);
#391=FACE_OUTER_BOUND('',#628,.T.);
#392=EDGE_LOOP('',(#2207,#2208,#2209,#2210));
#393=EDGE_LOOP('',(#2211,#2212,#2213,#2214));
#394=EDGE_LOOP('',(#2215,#2216,#2217,#2218));
#395=EDGE_LOOP('',(#2219,#2220,#2221,#2222));
#396=EDGE_LOOP('',(#2223,#2224,#2225,#2226));
#397=EDGE_LOOP('',(#2227,#2228,#2229,#2230));
#398=EDGE_LOOP('',(#2231,#2232,#2233,#2234));
#399=EDGE_LOOP('',(#2235,#2236,#2237,#2238,#2239,#2240,#2241));
#400=EDGE_LOOP('',(#2242,#2243,#2244,#2245,#2246));
#401=EDGE_LOOP('',(#2247));
#402=EDGE_LOOP('',(#2248,#2249,#2250));
#403=EDGE_LOOP('',(#2251,#2252,#2253,#2254));
#404=EDGE_LOOP('',(#2255,#2256,#2257,#2258));
#405=EDGE_LOOP('',(#2259,#2260,#2261,#2262));
#406=EDGE_LOOP('',(#2263,#2264,#2265,#2266,#2267,#2268,#2269,#2270));
#407=EDGE_LOOP('',(#2271,#2272,#2273,#2274));
#408=EDGE_LOOP('',(#2275,#2276,#2277,#2278));
#409=EDGE_LOOP('',(#2279,#2280,#2281,#2282));
#410=EDGE_LOOP('',(#2283,#2284,#2285,#2286,#2287,#2288,#2289,#2290,#2291,
#2292,#2293,#2294,#2295,#2296,#2297,#2298,#2299,#2300,#2301,#2302,#2303,
#2304,#2305,#2306,#2307,#2308,#2309,#2310,#2311,#2312,#2313,#2314,#2315));
#411=EDGE_LOOP('',(#2316));
#412=EDGE_LOOP('',(#2317));
#413=EDGE_LOOP('',(#2318));
#414=EDGE_LOOP('',(#2319));
#415=EDGE_LOOP('',(#2320));
#416=EDGE_LOOP('',(#2321));
#417=EDGE_LOOP('',(#2322,#2323,#2324,#2325));
#418=EDGE_LOOP('',(#2326,#2327,#2328,#2329));
#419=EDGE_LOOP('',(#2330,#2331,#2332,#2333));
#420=EDGE_LOOP('',(#2334,#2335,#2336,#2337));
#421=EDGE_LOOP('',(#2338,#2339,#2340,#2341));
#422=EDGE_LOOP('',(#2342,#2343,#2344,#2345));
#423=EDGE_LOOP('',(#2346,#2347,#2348,#2349,#2350,#2351,#2352,#2353,#2354,
#2355));
#424=EDGE_LOOP('',(#2356,#2357,#2358,#2359));
#425=EDGE_LOOP('',(#2360,#2361,#2362,#2363,#2364,#2365));
#426=EDGE_LOOP('',(#2366,#2367,#2368,#2369,#2370));
#427=EDGE_LOOP('',(#2371,#2372,#2373,#2374));
#428=EDGE_LOOP('',(#2375,#2376,#2377,#2378,#2379,#2380,#2381,#2382,#2383,
#2384,#2385,#2386,#2387,#2388,#2389,#2390,#2391,#2392));
#429=EDGE_LOOP('',(#2393));
#430=EDGE_LOOP('',(#2394));
#431=EDGE_LOOP('',(#2395,#2396,#2397));
#432=EDGE_LOOP('',(#2398));
#433=EDGE_LOOP('',(#2399,#2400,#2401,#2402,#2403,#2404,#2405));
#434=EDGE_LOOP('',(#2406,#2407,#2408,#2409,#2410,#2411,#2412));
#435=EDGE_LOOP('',(#2413,#2414));
#436=EDGE_LOOP('',(#2415));
#437=EDGE_LOOP('',(#2416,#2417,#2418,#2419));
#438=EDGE_LOOP('',(#2420,#2421,#2422,#2423));
#439=EDGE_LOOP('',(#2424,#2425,#2426,#2427));
#440=EDGE_LOOP('',(#2428,#2429,#2430,#2431,#2432,#2433));
#441=EDGE_LOOP('',(#2434,#2435,#2436,#2437));
#442=EDGE_LOOP('',(#2438,#2439,#2440,#2441));
#443=EDGE_LOOP('',(#2442,#2443,#2444,#2445));
#444=EDGE_LOOP('',(#2446,#2447,#2448,#2449));
#445=EDGE_LOOP('',(#2450,#2451,#2452,#2453));
#446=EDGE_LOOP('',(#2454,#2455,#2456,#2457));
#447=EDGE_LOOP('',(#2458,#2459,#2460));
#448=EDGE_LOOP('',(#2461,#2462,#2463,#2464));
#449=EDGE_LOOP('',(#2465,#2466,#2467,#2468));
#450=EDGE_LOOP('',(#2469,#2470,#2471,#2472,#2473,#2474));
#451=EDGE_LOOP('',(#2475,#2476,#2477));
#452=EDGE_LOOP('',(#2478,#2479,#2480,#2481));
#453=EDGE_LOOP('',(#2482,#2483,#2484,#2485,#2486));
#454=EDGE_LOOP('',(#2487,#2488,#2489,#2490));
#455=EDGE_LOOP('',(#2491,#2492,#2493,#2494));
#456=EDGE_LOOP('',(#2495,#2496,#2497,#2498));
#457=EDGE_LOOP('',(#2499,#2500,#2501,#2502));
#458=EDGE_LOOP('',(#2503,#2504,#2505,#2506));
#459=EDGE_LOOP('',(#2507,#2508,#2509,#2510));
#460=EDGE_LOOP('',(#2511,#2512,#2513,#2514));
#461=EDGE_LOOP('',(#2515,#2516,#2517,#2518));
#462=EDGE_LOOP('',(#2519));
#463=EDGE_LOOP('',(#2520));
#464=EDGE_LOOP('',(#2521,#2522,#2523,#2524));
#465=EDGE_LOOP('',(#2525,#2526,#2527,#2528));
#466=EDGE_LOOP('',(#2529,#2530,#2531,#2532));
#467=EDGE_LOOP('',(#2533,#2534,#2535,#2536));
#468=EDGE_LOOP('',(#2537,#2538,#2539,#2540));
#469=EDGE_LOOP('',(#2541,#2542,#2543,#2544));
#470=EDGE_LOOP('',(#2545,#2546,#2547,#2548));
#471=EDGE_LOOP('',(#2549,#2550,#2551,#2552));
#472=EDGE_LOOP('',(#2553,#2554,#2555,#2556));
#473=EDGE_LOOP('',(#2557,#2558,#2559,#2560));
#474=EDGE_LOOP('',(#2561,#2562,#2563,#2564));
#475=EDGE_LOOP('',(#2565,#2566,#2567,#2568));
#476=EDGE_LOOP('',(#2569,#2570,#2571,#2572));
#477=EDGE_LOOP('',(#2573,#2574,#2575,#2576,#2577,#2578,#2579,#2580));
#478=EDGE_LOOP('',(#2581,#2582,#2583,#2584));
#479=EDGE_LOOP('',(#2585));
#480=EDGE_LOOP('',(#2586));
#481=EDGE_LOOP('',(#2587));
#482=EDGE_LOOP('',(#2588));
#483=EDGE_LOOP('',(#2589));
#484=EDGE_LOOP('',(#2590));
#485=EDGE_LOOP('',(#2591));
#486=EDGE_LOOP('',(#2592));
#487=EDGE_LOOP('',(#2593));
#488=EDGE_LOOP('',(#2594,#2595,#2596,#2597));
#489=EDGE_LOOP('',(#2598,#2599,#2600,#2601));
#490=EDGE_LOOP('',(#2602,#2603,#2604,#2605));
#491=EDGE_LOOP('',(#2606,#2607,#2608,#2609,#2610,#2611));
#492=EDGE_LOOP('',(#2612,#2613,#2614,#2615,#2616,#2617,#2618,#2619));
#493=EDGE_LOOP('',(#2620,#2621,#2622));
#494=EDGE_LOOP('',(#2623,#2624,#2625,#2626));
#495=EDGE_LOOP('',(#2627,#2628,#2629,#2630,#2631));
#496=EDGE_LOOP('',(#2632,#2633,#2634,#2635));
#497=EDGE_LOOP('',(#2636,#2637,#2638,#2639));
#498=EDGE_LOOP('',(#2640,#2641,#2642,#2643));
#499=EDGE_LOOP('',(#2644,#2645,#2646,#2647));
#500=EDGE_LOOP('',(#2648,#2649,#2650,#2651));
#501=EDGE_LOOP('',(#2652,#2653,#2654,#2655));
#502=EDGE_LOOP('',(#2656,#2657,#2658,#2659));
#503=EDGE_LOOP('',(#2660,#2661,#2662,#2663));
#504=EDGE_LOOP('',(#2664,#2665,#2666,#2667));
#505=EDGE_LOOP('',(#2668,#2669,#2670,#2671,#2672));
#506=EDGE_LOOP('',(#2673,#2674,#2675,#2676,#2677,#2678));
#507=EDGE_LOOP('',(#2679,#2680,#2681,#2682));
#508=EDGE_LOOP('',(#2683,#2684,#2685,#2686,#2687));
#509=EDGE_LOOP('',(#2688,#2689,#2690,#2691));
#510=EDGE_LOOP('',(#2692,#2693,#2694,#2695));
#511=EDGE_LOOP('',(#2696,#2697,#2698,#2699));
#512=EDGE_LOOP('',(#2700,#2701,#2702,#2703));
#513=EDGE_LOOP('',(#2704,#2705,#2706,#2707,#2708));
#514=EDGE_LOOP('',(#2709));
#515=EDGE_LOOP('',(#2710,#2711,#2712,#2713));
#516=EDGE_LOOP('',(#2714,#2715,#2716,#2717));
#517=EDGE_LOOP('',(#2718,#2719,#2720,#2721,#2722));
#518=EDGE_LOOP('',(#2723));
#519=EDGE_LOOP('',(#2724,#2725,#2726,#2727));
#520=EDGE_LOOP('',(#2728,#2729,#2730,#2731));
#521=EDGE_LOOP('',(#2732,#2733,#2734,#2735));
#522=EDGE_LOOP('',(#2736,#2737,#2738,#2739));
#523=EDGE_LOOP('',(#2740,#2741,#2742,#2743));
#524=EDGE_LOOP('',(#2744,#2745,#2746,#2747));
#525=EDGE_LOOP('',(#2748,#2749,#2750,#2751));
#526=EDGE_LOOP('',(#2752,#2753,#2754,#2755));
#527=EDGE_LOOP('',(#2756,#2757,#2758,#2759));
#528=EDGE_LOOP('',(#2760,#2761,#2762,#2763));
#529=EDGE_LOOP('',(#2764,#2765,#2766,#2767,#2768,#2769,#2770,#2771,#2772,
#2773,#2774));
#530=EDGE_LOOP('',(#2775,#2776,#2777));
#531=EDGE_LOOP('',(#2778,#2779,#2780,#2781));
#532=EDGE_LOOP('',(#2782,#2783,#2784,#2785,#2786,#2787));
#533=EDGE_LOOP('',(#2788,#2789,#2790,#2791));
#534=EDGE_LOOP('',(#2792,#2793,#2794,#2795,#2796,#2797));
#535=EDGE_LOOP('',(#2798,#2799,#2800,#2801,#2802,#2803,#2804,#2805,#2806,
#2807,#2808,#2809));
#536=EDGE_LOOP('',(#2810,#2811,#2812,#2813,#2814,#2815,#2816,#2817));
#537=EDGE_LOOP('',(#2818,#2819,#2820,#2821));
#538=EDGE_LOOP('',(#2822,#2823,#2824,#2825));
#539=EDGE_LOOP('',(#2826,#2827,#2828,#2829,#2830,#2831,#2832));
#540=EDGE_LOOP('',(#2833,#2834,#2835,#2836));
#541=EDGE_LOOP('',(#2837,#2838,#2839,#2840));
#542=EDGE_LOOP('',(#2841,#2842,#2843,#2844));
#543=EDGE_LOOP('',(#2845,#2846,#2847,#2848));
#544=EDGE_LOOP('',(#2849,#2850,#2851,#2852));
#545=EDGE_LOOP('',(#2853,#2854,#2855,#2856));
#546=EDGE_LOOP('',(#2857,#2858,#2859,#2860,#2861,#2862));
#547=EDGE_LOOP('',(#2863,#2864,#2865,#2866,#2867));
#548=EDGE_LOOP('',(#2868,#2869,#2870,#2871));
#549=EDGE_LOOP('',(#2872,#2873,#2874,#2875,#2876));
#550=EDGE_LOOP('',(#2877,#2878,#2879,#2880));
#551=EDGE_LOOP('',(#2881,#2882,#2883,#2884));
#552=EDGE_LOOP('',(#2885,#2886,#2887,#2888));
#553=EDGE_LOOP('',(#2889,#2890,#2891,#2892));
#554=EDGE_LOOP('',(#2893,#2894,#2895,#2896));
#555=EDGE_LOOP('',(#2897,#2898,#2899,#2900));
#556=EDGE_LOOP('',(#2901,#2902,#2903,#2904));
#557=EDGE_LOOP('',(#2905,#2906,#2907,#2908));
#558=EDGE_LOOP('',(#2909,#2910,#2911,#2912));
#559=EDGE_LOOP('',(#2913,#2914,#2915,#2916));
#560=EDGE_LOOP('',(#2917,#2918,#2919,#2920));
#561=EDGE_LOOP('',(#2921,#2922,#2923,#2924));
#562=EDGE_LOOP('',(#2925,#2926,#2927,#2928));
#563=EDGE_LOOP('',(#2929,#2930,#2931,#2932));
#564=EDGE_LOOP('',(#2933,#2934,#2935,#2936));
#565=EDGE_LOOP('',(#2937,#2938,#2939,#2940));
#566=EDGE_LOOP('',(#2941,#2942,#2943,#2944));
#567=EDGE_LOOP('',(#2945,#2946,#2947,#2948));
#568=EDGE_LOOP('',(#2949,#2950,#2951,#2952));
#569=EDGE_LOOP('',(#2953,#2954,#2955,#2956));
#570=EDGE_LOOP('',(#2957,#2958,#2959,#2960));
#571=EDGE_LOOP('',(#2961,#2962,#2963,#2964));
#572=EDGE_LOOP('',(#2965,#2966,#2967,#2968));
#573=EDGE_LOOP('',(#2969,#2970,#2971,#2972));
#574=EDGE_LOOP('',(#2973,#2974,#2975,#2976));
#575=EDGE_LOOP('',(#2977,#2978,#2979,#2980));
#576=EDGE_LOOP('',(#2981,#2982,#2983,#2984));
#577=EDGE_LOOP('',(#2985,#2986,#2987,#2988));
#578=EDGE_LOOP('',(#2989,#2990,#2991,#2992));
#579=EDGE_LOOP('',(#2993,#2994,#2995,#2996));
#580=EDGE_LOOP('',(#2997,#2998,#2999,#3000));
#581=EDGE_LOOP('',(#3001,#3002,#3003,#3004));
#582=EDGE_LOOP('',(#3005,#3006,#3007,#3008,#3009));
#583=EDGE_LOOP('',(#3010));
#584=EDGE_LOOP('',(#3011,#3012,#3013,#3014,#3015));
#585=EDGE_LOOP('',(#3016));
#586=EDGE_LOOP('',(#3017,#3018,#3019,#3020,#3021));
#587=EDGE_LOOP('',(#3022));
#588=EDGE_LOOP('',(#3023,#3024,#3025,#3026,#3027));
#589=EDGE_LOOP('',(#3028));
#590=EDGE_LOOP('',(#3029,#3030,#3031,#3032,#3033));
#591=EDGE_LOOP('',(#3034));
#592=EDGE_LOOP('',(#3035,#3036,#3037,#3038,#3039));
#593=EDGE_LOOP('',(#3040));
#594=EDGE_LOOP('',(#3041,#3042,#3043,#3044,#3045));
#595=EDGE_LOOP('',(#3046));
#596=EDGE_LOOP('',(#3047,#3048,#3049,#3050));
#597=EDGE_LOOP('',(#3051));
#598=EDGE_LOOP('',(#3052));
#599=EDGE_LOOP('',(#3053,#3054,#3055,#3056));
#600=EDGE_LOOP('',(#3057));
#601=EDGE_LOOP('',(#3058));
#602=EDGE_LOOP('',(#3059,#3060,#3061,#3062));
#603=EDGE_LOOP('',(#3063,#3064));
#604=EDGE_LOOP('',(#3065,#3066));
#605=EDGE_LOOP('',(#3067,#3068));
#606=EDGE_LOOP('',(#3069,#3070));
#607=EDGE_LOOP('',(#3071,#3072));
#608=EDGE_LOOP('',(#3073,#3074));
#609=EDGE_LOOP('',(#3075,#3076));
#610=EDGE_LOOP('',(#3077,#3078,#3079,#3080));
#611=EDGE_LOOP('',(#3081,#3082,#3083,#3084));
#612=EDGE_LOOP('',(#3085,#3086,#3087,#3088));
#613=EDGE_LOOP('',(#3089,#3090,#3091,#3092));
#614=EDGE_LOOP('',(#3093,#3094,#3095,#3096));
#615=EDGE_LOOP('',(#3097,#3098,#3099,#3100));
#616=EDGE_LOOP('',(#3101,#3102,#3103,#3104));
#617=EDGE_LOOP('',(#3105));
#618=EDGE_LOOP('',(#3106,#3107,#3108,#3109));
#619=EDGE_LOOP('',(#3110,#3111,#3112,#3113,#3114,#3115,#3116,#3117,#3118,
#3119,#3120,#3121,#3122,#3123));
#620=EDGE_LOOP('',(#3124,#3125,#3126,#3127));
#621=EDGE_LOOP('',(#3128,#3129,#3130,#3131));
#622=EDGE_LOOP('',(#3132,#3133,#3134,#3135));
#623=EDGE_LOOP('',(#3136,#3137,#3138,#3139));
#624=EDGE_LOOP('',(#3140,#3141,#3142,#3143));
#625=EDGE_LOOP('',(#3144,#3145,#3146,#3147,#3148,#3149,#3150,#3151,#3152,
#3153,#3154,#3155,#3156,#3157));
#626=EDGE_LOOP('',(#3158,#3159,#3160,#3161));
#627=EDGE_LOOP('',(#3162));
#628=EDGE_LOOP('',(#3163,#3164,#3165,#3166));
#629=EDGE_LOOP('',(#3167));
#630=EDGE_LOOP('',(#3168));
#631=LINE('',#4868,#960);
#632=LINE('',#4871,#961);
#633=LINE('',#4876,#962);
#634=LINE('',#4879,#963);
#635=LINE('',#4882,#964);
#636=LINE('',#4884,#965);
#637=LINE('',#4885,#966);
#638=LINE('',#4888,#967);
#639=LINE('',#4892,#968);
#640=LINE('',#4894,#969);
#641=LINE('',#4895,#970);
#642=LINE('',#4898,#971);
#643=LINE('',#4903,#972);
#644=LINE('',#4907,#973);
#645=LINE('',#4911,#974);
#646=LINE('',#4915,#975);
#647=LINE('',#4919,#976);
#648=LINE('',#4926,#977);
#649=LINE('',#4927,#978);
#650=LINE('',#4928,#979);
#651=LINE('',#4935,#980);
#652=LINE('',#4937,#981);
#653=LINE('',#4939,#982);
#654=LINE('',#4940,#983);
#655=LINE('',#4944,#984);
#656=LINE('',#4950,#985);
#657=LINE('',#4951,#986);
#658=LINE('',#4952,#987);
#659=LINE('',#4959,#988);
#660=LINE('',#4960,#989);
#661=LINE('',#4965,#990);
#662=LINE('',#4967,#991);
#663=LINE('',#4968,#992);
#664=LINE('',#4972,#993);
#665=LINE('',#4974,#994);
#666=LINE('',#4976,#995);
#667=LINE('',#4978,#996);
#668=LINE('',#4980,#997);
#669=LINE('',#4982,#998);
#670=LINE('',#4984,#999);
#671=LINE('',#4986,#1000);
#672=LINE('',#4988,#1001);
#673=LINE('',#4990,#1002);
#674=LINE('',#4992,#1003);
#675=LINE('',#4995,#1004);
#676=LINE('',#4997,#1005);
#677=LINE('',#4999,#1006);
#678=LINE('',#5001,#1007);
#679=LINE('',#5003,#1008);
#680=LINE('',#5005,#1009);
#681=LINE('',#5007,#1010);
#682=LINE('',#5009,#1011);
#683=LINE('',#5011,#1012);
#684=LINE('',#5013,#1013);
#685=LINE('',#5015,#1014);
#686=LINE('',#5017,#1015);
#687=LINE('',#5019,#1016);
#688=LINE('',#5021,#1017);
#689=LINE('',#5023,#1018);
#690=LINE('',#5025,#1019);
#691=LINE('',#5027,#1020);
#692=LINE('',#5031,#1021);
#693=LINE('',#5032,#1022);
#694=LINE('',#5047,#1023);
#695=LINE('',#5049,#1024);
#696=LINE('',#5051,#1025);
#697=LINE('',#5052,#1026);
#698=LINE('',#5055,#1027);
#699=LINE('',#5064,#1028);
#700=LINE('',#5066,#1029);
#701=LINE('',#5068,#1030);
#702=LINE('',#5070,#1031);
#703=LINE('',#5072,#1032);
#704=LINE('',#5074,#1033);
#705=LINE('',#5076,#1034);
#706=LINE('',#5078,#1035);
#707=LINE('',#5080,#1036);
#708=LINE('',#5081,#1037);
#709=LINE('',#5085,#1038);
#710=LINE('',#5086,#1039);
#711=LINE('',#5087,#1040);
#712=LINE('',#5090,#1041);
#713=LINE('',#5092,#1042);
#714=LINE('',#5093,#1043);
#715=LINE('',#5094,#1044);
#716=LINE('',#5097,#1045);
#717=LINE('',#5098,#1046);
#718=LINE('',#5100,#1047);
#719=LINE('',#5103,#1048);
#720=LINE('',#5105,#1049);
#721=LINE('',#5107,#1050);
#722=LINE('',#5108,#1051);
#723=LINE('',#5110,#1052);
#724=LINE('',#5112,#1053);
#725=LINE('',#5113,#1054);
#726=LINE('',#5124,#1055);
#727=LINE('',#5125,#1056);
#728=LINE('',#5129,#1057);
#729=LINE('',#5131,#1058);
#730=LINE('',#5133,#1059);
#731=LINE('',#5135,#1060);
#732=LINE('',#5136,#1061);
#733=LINE('',#5141,#1062);
#734=LINE('',#5143,#1063);
#735=LINE('',#5145,#1064);
#736=LINE('',#5147,#1065);
#737=LINE('',#5148,#1066);
#738=LINE('',#5154,#1067);
#739=LINE('',#5155,#1068);
#740=LINE('',#5157,#1069);
#741=LINE('',#5159,#1070);
#742=LINE('',#5161,#1071);
#743=LINE('',#5164,#1072);
#744=LINE('',#5166,#1073);
#745=LINE('',#5167,#1074);
#746=LINE('',#5170,#1075);
#747=LINE('',#5171,#1076);
#748=LINE('',#5177,#1077);
#749=LINE('',#5180,#1078);
#750=LINE('',#5213,#1079);
#751=LINE('',#5216,#1080);
#752=LINE('',#5221,#1081);
#753=LINE('',#5231,#1082);
#754=LINE('',#5265,#1083);
#755=LINE('',#5266,#1084);
#756=LINE('',#5278,#1085);
#757=LINE('',#5281,#1086);
#758=LINE('',#5283,#1087);
#759=LINE('',#5285,#1088);
#760=LINE('',#5286,#1089);
#761=LINE('',#5290,#1090);
#762=LINE('',#5293,#1091);
#763=LINE('',#5294,#1092);
#764=LINE('',#5297,#1093);
#765=LINE('',#5299,#1094);
#766=LINE('',#5300,#1095);
#767=LINE('',#5304,#1096);
#768=LINE('',#5308,#1097);
#769=LINE('',#5313,#1098);
#770=LINE('',#5316,#1099);
#771=LINE('',#5325,#1100);
#772=LINE('',#5333,#1101);
#773=LINE('',#5342,#1102);
#774=LINE('',#5344,#1103);
#775=LINE('',#5348,#1104);
#776=LINE('',#5350,#1105);
#777=LINE('',#5352,#1106);
#778=LINE('',#5353,#1107);
#779=LINE('',#5356,#1108);
#780=LINE('',#5362,#1109);
#781=LINE('',#5366,#1110);
#782=LINE('',#5372,#1111);
#783=LINE('',#5375,#1112);
#784=LINE('',#5386,#1113);
#785=LINE('',#5388,#1114);
#786=LINE('',#5389,#1115);
#787=LINE('',#5393,#1116);
#788=LINE('',#5397,#1117);
#789=LINE('',#5401,#1118);
#790=LINE('',#5405,#1119);
#791=LINE('',#5409,#1120);
#792=LINE('',#5413,#1121);
#793=LINE('',#5417,#1122);
#794=LINE('',#5418,#1123);
#795=LINE('',#5421,#1124);
#796=LINE('',#5422,#1125);
#797=LINE('',#5426,#1126);
#798=LINE('',#5429,#1127);
#799=LINE('',#5431,#1128);
#800=LINE('',#5433,#1129);
#801=LINE('',#5435,#1130);
#802=LINE('',#5437,#1131);
#803=LINE('',#5439,#1132);
#804=LINE('',#5441,#1133);
#805=LINE('',#5443,#1134);
#806=LINE('',#5445,#1135);
#807=LINE('',#5448,#1136);
#808=LINE('',#5450,#1137);
#809=LINE('',#5453,#1138);
#810=LINE('',#5455,#1139);
#811=LINE('',#5456,#1140);
#812=LINE('',#5459,#1141);
#813=LINE('',#5460,#1142);
#814=LINE('',#5463,#1143);
#815=LINE('',#5465,#1144);
#816=LINE('',#5466,#1145);
#817=LINE('',#5469,#1146);
#818=LINE('',#5470,#1147);
#819=LINE('',#5473,#1148);
#820=LINE('',#5475,#1149);
#821=LINE('',#5476,#1150);
#822=LINE('',#5478,#1151);
#823=LINE('',#5481,#1152);
#824=LINE('',#5482,#1153);
#825=LINE('',#5485,#1154);
#826=LINE('',#5486,#1155);
#827=LINE('',#5488,#1156);
#828=LINE('',#5490,#1157);
#829=LINE('',#5493,#1158);
#830=LINE('',#5495,#1159);
#831=LINE('',#5496,#1160);
#832=LINE('',#5500,#1161);
#833=LINE('',#5503,#1162);
#834=LINE('',#5504,#1163);
#835=LINE('',#5508,#1164);
#836=LINE('',#5511,#1165);
#837=LINE('',#5512,#1166);
#838=LINE('',#5516,#1167);
#839=LINE('',#5519,#1168);
#840=LINE('',#5520,#1169);
#841=LINE('',#5525,#1170);
#842=LINE('',#5527,#1171);
#843=LINE('',#5528,#1172);
#844=LINE('',#5530,#1173);
#845=LINE('',#5532,#1174);
#846=LINE('',#5534,#1175);
#847=LINE('',#5537,#1176);
#848=LINE('',#5538,#1177);
#849=LINE('',#5542,#1178);
#850=LINE('',#5544,#1179);
#851=LINE('',#5571,#1180);
#852=LINE('',#5577,#1181);
#853=LINE('',#5580,#1182);
#854=LINE('',#5582,#1183);
#855=LINE('',#5583,#1184);
#856=LINE('',#5606,#1185);
#857=LINE('',#5614,#1186);
#858=LINE('',#5616,#1187);
#859=LINE('',#5618,#1188);
#860=LINE('',#5619,#1189);
#861=LINE('',#5629,#1190);
#862=LINE('',#5632,#1191);
#863=LINE('',#5635,#1192);
#864=LINE('',#5636,#1193);
#865=LINE('',#5639,#1194);
#866=LINE('',#5642,#1195);
#867=LINE('',#5645,#1196);
#868=LINE('',#5647,#1197);
#869=LINE('',#5648,#1198);
#870=LINE('',#5651,#1199);
#871=LINE('',#5655,#1200);
#872=LINE('',#5656,#1201);
#873=LINE('',#5662,#1202);
#874=LINE('',#5666,#1203);
#875=LINE('',#5671,#1204);
#876=LINE('',#5673,#1205);
#877=LINE('',#5675,#1206);
#878=LINE('',#5676,#1207);
#879=LINE('',#5680,#1208);
#880=LINE('',#5686,#1209);
#881=LINE('',#5687,#1210);
#882=LINE('',#5688,#1211);
#883=LINE('',#5693,#1212);
#884=LINE('',#5694,#1213);
#885=LINE('',#5696,#1214);
#886=LINE('',#5699,#1215);
#887=LINE('',#5707,#1216);
#888=LINE('',#5710,#1217);
#889=LINE('',#5713,#1218);
#890=LINE('',#5717,#1219);
#891=LINE('',#5721,#1220);
#892=LINE('',#5724,#1221);
#893=LINE('',#5727,#1222);
#894=LINE('',#5728,#1223);
#895=LINE('',#5731,#1224);
#896=LINE('',#5733,#1225);
#897=LINE('',#5734,#1226);
#898=LINE('',#5737,#1227);
#899=LINE('',#5741,#1228);
#900=LINE('',#5744,#1229);
#901=LINE('',#5747,#1230);
#902=LINE('',#5748,#1231);
#903=LINE('',#5753,#1232);
#904=LINE('',#5755,#1233);
#905=LINE('',#5756,#1234);
#906=LINE('',#5759,#1235);
#907=LINE('',#5763,#1236);
#908=LINE('',#5764,#1237);
#909=LINE('',#5809,#1238);
#910=LINE('',#5852,#1239);
#911=LINE('',#5895,#1240);
#912=LINE('',#5938,#1241);
#913=LINE('',#5981,#1242);
#914=LINE('',#6024,#1243);
#915=LINE('',#6067,#1244);
#916=LINE('',#6074,#1245);
#917=LINE('',#6083,#1246);
#918=LINE('',#6093,#1247);
#919=LINE('',#6096,#1248);
#920=LINE('',#6100,#1249);
#921=LINE('',#6102,#1250);
#922=LINE('',#6104,#1251);
#923=LINE('',#6105,#1252);
#924=LINE('',#6108,#1253);
#925=LINE('',#6110,#1254);
#926=LINE('',#6111,#1255);
#927=LINE('',#6114,#1256);
#928=LINE('',#6116,#1257);
#929=LINE('',#6117,#1258);
#930=LINE('',#6121,#1259);
#931=LINE('',#6123,#1260);
#932=LINE('',#6125,#1261);
#933=LINE('',#6126,#1262);
#934=LINE('',#6129,#1263);
#935=LINE('',#6131,#1264);
#936=LINE('',#6132,#1265);
#937=LINE('',#6135,#1266);
#938=LINE('',#6137,#1267);
#939=LINE('',#6138,#1268);
#940=LINE('',#6141,#1269);
#941=LINE('',#6143,#1270);
#942=LINE('',#6144,#1271);
#943=LINE('',#6147,#1272);
#944=LINE('',#6149,#1273);
#945=LINE('',#6150,#1274);
#946=LINE('',#6152,#1275);
#947=LINE('',#6154,#1276);
#948=LINE('',#6156,#1277);
#949=LINE('',#6157,#1278);
#950=LINE('',#6158,#1279);
#951=LINE('',#6160,#1280);
#952=LINE('',#6163,#1281);
#953=LINE('',#6167,#1282);
#954=LINE('',#6171,#1283);
#955=LINE('',#6172,#1284);
#956=LINE('',#6175,#1285);
#957=LINE('',#6176,#1286);
#958=LINE('',#6178,#1287);
#959=LINE('',#6179,#1288);
#960=VECTOR('',#3870,10.);
#961=VECTOR('',#3873,10.);
#962=VECTOR('',#3876,10.);
#963=VECTOR('',#3879,10.);
#964=VECTOR('',#3882,10.);
#965=VECTOR('',#3883,10.);
#966=VECTOR('',#3884,10.);
#967=VECTOR('',#3887,10.);
#968=VECTOR('',#3892,10.);
#969=VECTOR('',#3893,10.);
#970=VECTOR('',#3894,10.);
#971=VECTOR('',#3897,10.);
#972=VECTOR('',#3902,10.);
#973=VECTOR('',#3905,10.);
#974=VECTOR('',#3910,10.);
#975=VECTOR('',#3913,10.);
#976=VECTOR('',#3916,10.);
#977=VECTOR('',#3919,10.);
#978=VECTOR('',#3920,10.);
#979=VECTOR('',#3921,10.);
#980=VECTOR('',#3928,10.);
#981=VECTOR('',#3929,10.);
#982=VECTOR('',#3930,10.);
#983=VECTOR('',#3931,10.);
#984=VECTOR('',#3934,10.);
#985=VECTOR('',#3941,10.);
#986=VECTOR('',#3942,10.);
#987=VECTOR('',#3943,10.);
#988=VECTOR('',#3954,10.);
#989=VECTOR('',#3955,10.);
#990=VECTOR('',#3962,10.);
#991=VECTOR('',#3963,10.);
#992=VECTOR('',#3964,10.);
#993=VECTOR('',#3967,10.);
#994=VECTOR('',#3968,10.);
#995=VECTOR('',#3969,10.);
#996=VECTOR('',#3970,10.);
#997=VECTOR('',#3971,10.);
#998=VECTOR('',#3972,10.);
#999=VECTOR('',#3973,10.);
#1000=VECTOR('',#3974,10.);
#1001=VECTOR('',#3975,10.);
#1002=VECTOR('',#3976,10.);
#1003=VECTOR('',#3977,10.);
#1004=VECTOR('',#3980,10.);
#1005=VECTOR('',#3981,10.);
#1006=VECTOR('',#3982,10.);
#1007=VECTOR('',#3983,10.);
#1008=VECTOR('',#3984,10.);
#1009=VECTOR('',#3985,10.);
#1010=VECTOR('',#3986,10.);
#1011=VECTOR('',#3987,10.);
#1012=VECTOR('',#3988,10.);
#1013=VECTOR('',#3989,10.);
#1014=VECTOR('',#3990,10.);
#1015=VECTOR('',#3991,10.);
#1016=VECTOR('',#3992,10.);
#1017=VECTOR('',#3993,10.);
#1018=VECTOR('',#3994,10.);
#1019=VECTOR('',#3995,10.);
#1020=VECTOR('',#3996,10.);
#1021=VECTOR('',#3999,10.);
#1022=VECTOR('',#4000,10.);
#1023=VECTOR('',#4015,10.);
#1024=VECTOR('',#4016,10.);
#1025=VECTOR('',#4017,10.);
#1026=VECTOR('',#4018,10.);
#1027=VECTOR('',#4023,10.);
#1028=VECTOR('',#4036,10.);
#1029=VECTOR('',#4037,10.);
#1030=VECTOR('',#4038,10.);
#1031=VECTOR('',#4039,10.);
#1032=VECTOR('',#4040,10.);
#1033=VECTOR('',#4041,10.);
#1034=VECTOR('',#4042,10.);
#1035=VECTOR('',#4043,10.);
#1036=VECTOR('',#4044,10.);
#1037=VECTOR('',#4045,10.);
#1038=VECTOR('',#4048,10.);
#1039=VECTOR('',#4049,10.);
#1040=VECTOR('',#4050,10.);
#1041=VECTOR('',#4053,10.);
#1042=VECTOR('',#4054,10.);
#1043=VECTOR('',#4055,10.);
#1044=VECTOR('',#4056,10.);
#1045=VECTOR('',#4059,10.);
#1046=VECTOR('',#4060,10.);
#1047=VECTOR('',#4063,10.);
#1048=VECTOR('',#4066,10.);
#1049=VECTOR('',#4067,10.);
#1050=VECTOR('',#4068,10.);
#1051=VECTOR('',#4069,10.);
#1052=VECTOR('',#4070,10.);
#1053=VECTOR('',#4071,10.);
#1054=VECTOR('',#4072,10.);
#1055=VECTOR('',#4083,10.);
#1056=VECTOR('',#4084,10.);
#1057=VECTOR('',#4089,10.);
#1058=VECTOR('',#4090,10.);
#1059=VECTOR('',#4091,10.);
#1060=VECTOR('',#4092,10.);
#1061=VECTOR('',#4093,10.);
#1062=VECTOR('',#4098,10.);
#1063=VECTOR('',#4099,10.);
#1064=VECTOR('',#4100,10.);
#1065=VECTOR('',#4101,10.);
#1066=VECTOR('',#4102,10.);
#1067=VECTOR('',#4111,10.);
#1068=VECTOR('',#4112,10.);
#1069=VECTOR('',#4115,10.);
#1070=VECTOR('',#4118,10.);
#1071=VECTOR('',#4121,10.);
#1072=VECTOR('',#4124,10.);
#1073=VECTOR('',#4125,10.);
#1074=VECTOR('',#4126,10.);
#1075=VECTOR('',#4129,10.);
#1076=VECTOR('',#4130,10.);
#1077=VECTOR('',#4135,10.);
#1078=VECTOR('',#4138,10.);
#1079=VECTOR('',#4147,10.);
#1080=VECTOR('',#4150,10.);
#1081=VECTOR('',#4155,2.25);
#1082=VECTOR('',#4168,2.25);
#1083=VECTOR('',#4179,10.);
#1084=VECTOR('',#4180,10.);
#1085=VECTOR('',#4193,10.);
#1086=VECTOR('',#4196,10.);
#1087=VECTOR('',#4199,10.);
#1088=VECTOR('',#4200,10.);
#1089=VECTOR('',#4201,10.);
#1090=VECTOR('',#4206,10.);
#1091=VECTOR('',#4209,10.);
#1092=VECTOR('',#4210,10.);
#1093=VECTOR('',#4213,10.);
#1094=VECTOR('',#4214,10.);
#1095=VECTOR('',#4215,10.);
#1096=VECTOR('',#4220,3.);
#1097=VECTOR('',#4225,3.);
#1098=VECTOR('',#4230,3.);
#1099=VECTOR('',#4235,1.5);
#1100=VECTOR('',#4246,10.);
#1101=VECTOR('',#4257,10.);
#1102=VECTOR('',#4270,10.);
#1103=VECTOR('',#4273,1.5);
#1104=VECTOR('',#4278,10.);
#1105=VECTOR('',#4281,10.);
#1106=VECTOR('',#4284,10.);
#1107=VECTOR('',#4285,10.);
#1108=VECTOR('',#4288,10.);
#1109=VECTOR('',#4295,3.);
#1110=VECTOR('',#4300,2.25);
#1111=VECTOR('',#4307,3.);
#1112=VECTOR('',#4312,10.);
#1113=VECTOR('',#4323,10.);
#1114=VECTOR('',#4324,10.);
#1115=VECTOR('',#4325,10.);
#1116=VECTOR('',#4330,1.5);
#1117=VECTOR('',#4335,1.5);
#1118=VECTOR('',#4338,10.);
#1119=VECTOR('',#4341,10.);
#1120=VECTOR('',#4344,10.);
#1121=VECTOR('',#4347,10.);
#1122=VECTOR('',#4352,10.);
#1123=VECTOR('',#4353,10.);
#1124=VECTOR('',#4356,10.);
#1125=VECTOR('',#4357,10.);
#1126=VECTOR('',#4362,2.25);
#1127=VECTOR('',#4367,1.5);
#1128=VECTOR('',#4370,1.5);
#1129=VECTOR('',#4373,1.5);
#1130=VECTOR('',#4376,2.5);
#1131=VECTOR('',#4379,1.5);
#1132=VECTOR('',#4382,1.5);
#1133=VECTOR('',#4385,6.);
#1134=VECTOR('',#4388,10.);
#1135=VECTOR('',#4391,10.);
#1136=VECTOR('',#4396,10.);
#1137=VECTOR('',#4399,10.);
#1138=VECTOR('',#4402,10.);
#1139=VECTOR('',#4403,10.);
#1140=VECTOR('',#4404,10.);
#1141=VECTOR('',#4407,10.);
#1142=VECTOR('',#4408,10.);
#1143=VECTOR('',#4411,10.);
#1144=VECTOR('',#4412,10.);
#1145=VECTOR('',#4413,10.);
#1146=VECTOR('',#4416,10.);
#1147=VECTOR('',#4417,10.);
#1148=VECTOR('',#4420,10.);
#1149=VECTOR('',#4421,10.);
#1150=VECTOR('',#4422,10.);
#1151=VECTOR('',#4425,10.);
#1152=VECTOR('',#4428,10.);
#1153=VECTOR('',#4429,10.);
#1154=VECTOR('',#4432,10.);
#1155=VECTOR('',#4433,10.);
#1156=VECTOR('',#4436,10.);
#1157=VECTOR('',#4439,10.);
#1158=VECTOR('',#4442,10.);
#1159=VECTOR('',#4443,10.);
#1160=VECTOR('',#4444,10.);
#1161=VECTOR('',#4449,10.);
#1162=VECTOR('',#4452,10.);
#1163=VECTOR('',#4453,10.);
#1164=VECTOR('',#4458,10.);
#1165=VECTOR('',#4461,10.);
#1166=VECTOR('',#4462,10.);
#1167=VECTOR('',#4467,10.);
#1168=VECTOR('',#4470,10.);
#1169=VECTOR('',#4471,10.);
#1170=VECTOR('',#4478,10.);
#1171=VECTOR('',#4479,10.);
#1172=VECTOR('',#4480,10.);
#1173=VECTOR('',#4483,10.);
#1174=VECTOR('',#4486,1.5);
#1175=VECTOR('',#4489,10.);
#1176=VECTOR('',#4492,10.);
#1177=VECTOR('',#4493,10.);
#1178=VECTOR('',#4500,10.);
#1179=VECTOR('',#4503,10.);
#1180=VECTOR('',#4510,10.);
#1181=VECTOR('',#4511,10.);
#1182=VECTOR('',#4514,10.);
#1183=VECTOR('',#4515,10.);
#1184=VECTOR('',#4516,10.);
#1185=VECTOR('',#4517,10.);
#1186=VECTOR('',#4520,10.);
#1187=VECTOR('',#4521,10.);
#1188=VECTOR('',#4522,10.);
#1189=VECTOR('',#4523,10.);
#1190=VECTOR('',#4540,4.05356286856883);
#1191=VECTOR('',#4543,10.);
#1192=VECTOR('',#4546,10.);
#1193=VECTOR('',#4547,10.);
#1194=VECTOR('',#4550,10.);
#1195=VECTOR('',#4555,10.);
#1196=VECTOR('',#4558,10.);
#1197=VECTOR('',#4559,10.);
#1198=VECTOR('',#4560,10.);
#1199=VECTOR('',#4563,10.);
#1200=VECTOR('',#4568,10.);
#1201=VECTOR('',#4569,10.);
#1202=VECTOR('',#4576,10.);
#1203=VECTOR('',#4579,10.);
#1204=VECTOR('',#4584,10.);
#1205=VECTOR('',#4585,10.);
#1206=VECTOR('',#4586,10.);
#1207=VECTOR('',#4587,10.);
#1208=VECTOR('',#4590,10.);
#1209=VECTOR('',#4597,10.);
#1210=VECTOR('',#4598,10.);
#1211=VECTOR('',#4599,10.);
#1212=VECTOR('',#4608,10.);
#1213=VECTOR('',#4609,10.);
#1214=VECTOR('',#4612,10.);
#1215=VECTOR('',#4617,10.);
#1216=VECTOR('',#4626,10.);
#1217=VECTOR('',#4629,10.);
#1218=VECTOR('',#4630,10.);
#1219=VECTOR('',#4633,10.);
#1220=VECTOR('',#4638,10.);
#1221=VECTOR('',#4641,10.);
#1222=VECTOR('',#4644,10.);
#1223=VECTOR('',#4645,10.);
#1224=VECTOR('',#4648,10.);
#1225=VECTOR('',#4649,10.);
#1226=VECTOR('',#4650,10.);
#1227=VECTOR('',#4653,10.);
#1228=VECTOR('',#4658,10.);
#1229=VECTOR('',#4663,10.);
#1230=VECTOR('',#4666,10.);
#1231=VECTOR('',#4667,10.);
#1232=VECTOR('',#4674,10.);
#1233=VECTOR('',#4675,10.);
#1234=VECTOR('',#4676,10.);
#1235=VECTOR('',#4679,10.);
#1236=VECTOR('',#4684,10.);
#1237=VECTOR('',#4685,10.);
#1238=VECTOR('',#4696,1.35);
#1239=VECTOR('',#4703,1.35);
#1240=VECTOR('',#4710,1.35);
#1241=VECTOR('',#4717,1.35);
#1242=VECTOR('',#4724,1.35);
#1243=VECTOR('',#4731,1.35);
#1244=VECTOR('',#4738,1.35);
#1245=VECTOR('',#4747,3.25);
#1246=VECTOR('',#4758,3.25);
#1247=VECTOR('',#4769,10.);
#1248=VECTOR('',#4772,10.);
#1249=VECTOR('',#4775,10.);
#1250=VECTOR('',#4776,10.);
#1251=VECTOR('',#4777,10.);
#1252=VECTOR('',#4778,10.);
#1253=VECTOR('',#4781,10.);
#1254=VECTOR('',#4782,10.);
#1255=VECTOR('',#4783,10.);
#1256=VECTOR('',#4786,10.);
#1257=VECTOR('',#4787,10.);
#1258=VECTOR('',#4788,10.);
#1259=VECTOR('',#4791,10.);
#1260=VECTOR('',#4792,10.);
#1261=VECTOR('',#4793,10.);
#1262=VECTOR('',#4794,10.);
#1263=VECTOR('',#4797,10.);
#1264=VECTOR('',#4798,10.);
#1265=VECTOR('',#4799,10.);
#1266=VECTOR('',#4802,10.);
#1267=VECTOR('',#4803,10.);
#1268=VECTOR('',#4804,10.);
#1269=VECTOR('',#4807,10.);
#1270=VECTOR('',#4808,10.);
#1271=VECTOR('',#4809,10.);
#1272=VECTOR('',#4812,10.);
#1273=VECTOR('',#4813,10.);
#1274=VECTOR('',#4814,10.);
#1275=VECTOR('',#4817,10.);
#1276=VECTOR('',#4818,10.);
#1277=VECTOR('',#4819,10.);
#1278=VECTOR('',#4820,10.);
#1279=VECTOR('',#4821,10.);
#1280=VECTOR('',#4824,10.);
#1281=VECTOR('',#4827,1.5);
#1282=VECTOR('',#4832,1.5);
#1283=VECTOR('',#4837,10.);
#1284=VECTOR('',#4838,10.);
#1285=VECTOR('',#4841,10.);
#1286=VECTOR('',#4842,10.);
#1287=VECTOR('',#4845,10.);
#1288=VECTOR('',#4846,10.);
#1289=CIRCLE('',#3530,6.25356286856882);
#1290=CIRCLE('',#3531,6.25356286856883);
#1291=CIRCLE('',#3532,4.25356286856883);
#1292=CIRCLE('',#3533,4.25356286856883);
#1293=CIRCLE('',#3536,4.25356286856883);
#1294=CIRCLE('',#3539,6.25356286856882);
#1295=CIRCLE('',#3541,5.45356286856883);
#1296=CIRCLE('',#3542,4.05356286856883);
#1297=CIRCLE('',#3544,6.);
#1298=CIRCLE('',#3545,6.);
#1299=CIRCLE('',#3547,1.5);
#1300=CIRCLE('',#3551,5.45356286856883);
#1301=CIRCLE('',#3552,5.45356286856883);
#1302=CIRCLE('',#3555,5.45356286856883);
#1303=CIRCLE('',#3556,5.45356286856883);
#1304=CIRCLE('',#3557,5.45356286856883);
#1305=CIRCLE('',#3560,6.25356286856883);
#1306=CIRCLE('',#3563,6.);
#1307=CIRCLE('',#3564,6.);
#1308=CIRCLE('',#3565,6.);
#1309=CIRCLE('',#3566,1.5);
#1310=CIRCLE('',#3567,1.5);
#1311=CIRCLE('',#3568,2.5);
#1312=CIRCLE('',#3569,1.5);
#1313=CIRCLE('',#3570,1.5);
#1314=CIRCLE('',#3573,4.25356286856883);
#1315=CIRCLE('',#3576,5.25356286856919);
#1316=CIRCLE('',#3578,5.25356286856919);
#1317=CIRCLE('',#3586,6.);
#1318=CIRCLE('',#3587,1.5);
#1319=CIRCLE('',#3589,6.00000000000001);
#1320=CIRCLE('',#3590,1.5);
#1321=CIRCLE('',#3593,6.00000000000001);
#1322=CIRCLE('',#3595,6.00000000000001);
#1323=CIRCLE('',#3596,1.49999999999999);
#1324=CIRCLE('',#3604,1.);
#1325=CIRCLE('',#3605,0.999999999999996);
#1326=CIRCLE('',#3606,0.999999999999998);
#1327=CIRCLE('',#3610,0.999999999999996);
#1328=CIRCLE('',#3612,3.);
#1329=CIRCLE('',#3613,1.5);
#1330=CIRCLE('',#3615,1.);
#1331=CIRCLE('',#3616,0.999999999999996);
#1332=CIRCLE('',#3618,3.);
#1333=CIRCLE('',#3619,1.5);
#1334=CIRCLE('',#3620,0.999999999999996);
#1335=CIRCLE('',#3625,1.);
#1336=CIRCLE('',#3626,1.);
#1337=CIRCLE('',#3627,0.999999999999988);
#1338=CIRCLE('',#3629,4.00000000000001);
#1339=CIRCLE('',#3630,4.00000000000001);
#1340=CIRCLE('',#3633,4.00000000000001);
#1341=CIRCLE('',#3637,3.);
#1342=CIRCLE('',#3639,3.);
#1343=CIRCLE('',#3641,3.);
#1344=CIRCLE('',#3642,3.);
#1345=CIRCLE('',#3645,1.5);
#1346=CIRCLE('',#3647,1.5);
#1347=CIRCLE('',#3649,0.999999999999996);
#1348=CIRCLE('',#3651,3.00000000000001);
#1349=CIRCLE('',#3652,0.999999999999996);
#1350=CIRCLE('',#3654,1.00000000000001);
#1351=CIRCLE('',#3656,3.);
#1352=CIRCLE('',#3657,0.999999999999996);
#1353=CIRCLE('',#3658,3.99999999999999);
#1354=CIRCLE('',#3662,4.00000000000001);
#1355=CIRCLE('',#3666,3.99999999999999);
#1356=CIRCLE('',#3668,3.);
#1357=CIRCLE('',#3669,3.);
#1358=CIRCLE('',#3671,1.5);
#1359=CIRCLE('',#3673,3.5);
#1360=CIRCLE('',#3674,2.5);
#1361=CIRCLE('',#3676,1.5);
#1362=CIRCLE('',#3677,1.5);
#1363=CIRCLE('',#3678,1.5);
#1364=CIRCLE('',#3679,1.5);
#1365=CIRCLE('',#3682,1.5);
#1366=CIRCLE('',#3684,1.5);
#1367=CIRCLE('',#3686,2.00000000000001);
#1368=CIRCLE('',#3687,1.99999999999999);
#1369=CIRCLE('',#3688,2.00000000000001);
#1370=CIRCLE('',#3689,2.00000000000001);
#1371=CIRCLE('',#3694,1.5);
#1372=CIRCLE('',#3719,2.00000000000001);
#1373=CIRCLE('',#3722,2.00000000000001);
#1374=CIRCLE('',#3725,1.99999999999999);
#1375=CIRCLE('',#3728,2.00000000000001);
#1376=CIRCLE('',#3735,6.00000000000001);
#1377=CIRCLE('',#3744,3.75356286856883);
#1378=CIRCLE('',#3745,4.25356286856883);
#1379=CIRCLE('',#3747,4.25356286856883);
#1380=CIRCLE('',#3748,3.75356286856883);
#1381=CIRCLE('',#3751,4.25356286856883);
#1382=CIRCLE('',#3754,4.25356286856883);
#1383=CIRCLE('',#3758,5.25356286856883);
#1384=CIRCLE('',#3761,5.25356286856883);
#1385=CIRCLE('',#3763,6.05356286856883);
#1386=CIRCLE('',#3764,6.05356286856883);
#1387=CIRCLE('',#3767,5.05356286856883);
#1388=CIRCLE('',#3768,6.05356286856883);
#1389=CIRCLE('',#3771,5.05356286856883);
#1390=CIRCLE('',#3772,6.05356286856883);
#1391=CIRCLE('',#3780,5.35356286856883);
#1392=CIRCLE('',#3781,5.35356286856883);
#1393=CIRCLE('',#3782,4.05356286856883);
#1394=CIRCLE('',#3783,4.05356286856883);
#1395=CIRCLE('',#3785,4.05356286856883);
#1396=CIRCLE('',#3789,5.35356286856883);
#1397=CIRCLE('',#3791,4.05356286856883);
#1398=CIRCLE('',#3795,5.35356286856883);
#1399=CIRCLE('',#3798,5.05356286856883);
#1400=CIRCLE('',#3801,5.05356286856883);
#1401=CIRCLE('',#3805,1.35);
#1402=CIRCLE('',#3808,1.35);
#1403=CIRCLE('',#3811,1.35);
#1404=CIRCLE('',#3814,1.35);
#1405=CIRCLE('',#3817,1.35);
#1406=CIRCLE('',#3820,1.35);
#1407=CIRCLE('',#3823,1.35);
#1408=CIRCLE('',#3826,3.25);
#1409=CIRCLE('',#3827,3.25);
#1410=CIRCLE('',#3829,1.75);
#1411=CIRCLE('',#3831,3.25);
#1412=CIRCLE('',#3832,3.25);
#1413=CIRCLE('',#3834,1.75);
#1414=CIRCLE('',#3836,12.75);
#1415=CIRCLE('',#3837,12.75);
#1416=CIRCLE('',#3849,1.75);
#1417=CIRCLE('',#3851,1.75);
#1418=VERTEX_POINT('',#4864);
#1419=VERTEX_POINT('',#4865);
#1420=VERTEX_POINT('',#4867);
#1421=VERTEX_POINT('',#4869);
#1422=VERTEX_POINT('',#4872);
#1423=VERTEX_POINT('',#4873);
#1424=VERTEX_POINT('',#4875);
#1425=VERTEX_POINT('',#4877);
#1426=VERTEX_POINT('',#4881);
#1427=VERTEX_POINT('',#4883);
#1428=VERTEX_POINT('',#4887);
#1429=VERTEX_POINT('',#4891);
#1430=VERTEX_POINT('',#4893);
#1431=VERTEX_POINT('',#4897);
#1432=VERTEX_POINT('',#4901);
#1433=VERTEX_POINT('',#4902);
#1434=VERTEX_POINT('',#4904);
#1435=VERTEX_POINT('',#4906);
#1436=VERTEX_POINT('',#4910);
#1437=VERTEX_POINT('',#4912);
#1438=VERTEX_POINT('',#4914);
#1439=VERTEX_POINT('',#4916);
#1440=VERTEX_POINT('',#4918);
#1441=VERTEX_POINT('',#4925);
#1442=VERTEX_POINT('',#4929);
#1443=VERTEX_POINT('',#4933);
#1444=VERTEX_POINT('',#4934);
#1445=VERTEX_POINT('',#4936);
#1446=VERTEX_POINT('',#4938);
#1447=VERTEX_POINT('',#4942);
#1448=VERTEX_POINT('',#4943);
#1449=VERTEX_POINT('',#4948);
#1450=VERTEX_POINT('',#4949);
#1451=VERTEX_POINT('',#4958);
#1452=VERTEX_POINT('',#4964);
#1453=VERTEX_POINT('',#4966);
#1454=VERTEX_POINT('',#4970);
#1455=VERTEX_POINT('',#4971);
#1456=VERTEX_POINT('',#4973);
#1457=VERTEX_POINT('',#4975);
#1458=VERTEX_POINT('',#4977);
#1459=VERTEX_POINT('',#4979);
#1460=VERTEX_POINT('',#4981);
#1461=VERTEX_POINT('',#4983);
#1462=VERTEX_POINT('',#4985);
#1463=VERTEX_POINT('',#4987);
#1464=VERTEX_POINT('',#4989);
#1465=VERTEX_POINT('',#4991);
#1466=VERTEX_POINT('',#4993);
#1467=VERTEX_POINT('',#4996);
#1468=VERTEX_POINT('',#4998);
#1469=VERTEX_POINT('',#5000);
#1470=VERTEX_POINT('',#5002);
#1471=VERTEX_POINT('',#5004);
#1472=VERTEX_POINT('',#5006);
#1473=VERTEX_POINT('',#5008);
#1474=VERTEX_POINT('',#5010);
#1475=VERTEX_POINT('',#5012);
#1476=VERTEX_POINT('',#5014);
#1477=VERTEX_POINT('',#5016);
#1478=VERTEX_POINT('',#5018);
#1479=VERTEX_POINT('',#5020);
#1480=VERTEX_POINT('',#5022);
#1481=VERTEX_POINT('',#5024);
#1482=VERTEX_POINT('',#5026);
#1483=VERTEX_POINT('',#5028);
#1484=VERTEX_POINT('',#5030);
#1485=VERTEX_POINT('',#5033);
#1486=VERTEX_POINT('',#5035);
#1487=VERTEX_POINT('',#5037);
#1488=VERTEX_POINT('',#5039);
#1489=VERTEX_POINT('',#5041);
#1490=VERTEX_POINT('',#5043);
#1491=VERTEX_POINT('',#5046);
#1492=VERTEX_POINT('',#5048);
#1493=VERTEX_POINT('',#5050);
#1494=VERTEX_POINT('',#5062);
#1495=VERTEX_POINT('',#5063);
#1496=VERTEX_POINT('',#5065);
#1497=VERTEX_POINT('',#5067);
#1498=VERTEX_POINT('',#5069);
#1499=VERTEX_POINT('',#5071);
#1500=VERTEX_POINT('',#5073);
#1501=VERTEX_POINT('',#5075);
#1502=VERTEX_POINT('',#5077);
#1503=VERTEX_POINT('',#5079);
#1504=VERTEX_POINT('',#5083);
#1505=VERTEX_POINT('',#5084);
#1506=VERTEX_POINT('',#5089);
#1507=VERTEX_POINT('',#5091);
#1508=VERTEX_POINT('',#5096);
#1509=VERTEX_POINT('',#5102);
#1510=VERTEX_POINT('',#5104);
#1511=VERTEX_POINT('',#5106);
#1512=VERTEX_POINT('',#5109);
#1513=VERTEX_POINT('',#5111);
#1514=VERTEX_POINT('',#5115);
#1515=VERTEX_POINT('',#5117);
#1516=VERTEX_POINT('',#5120);
#1517=VERTEX_POINT('',#5121);
#1518=VERTEX_POINT('',#5123);
#1519=VERTEX_POINT('',#5126);
#1520=VERTEX_POINT('',#5130);
#1521=VERTEX_POINT('',#5132);
#1522=VERTEX_POINT('',#5134);
#1523=VERTEX_POINT('',#5138);
#1524=VERTEX_POINT('',#5139);
#1525=VERTEX_POINT('',#5142);
#1526=VERTEX_POINT('',#5144);
#1527=VERTEX_POINT('',#5146);
#1528=VERTEX_POINT('',#5151);
#1529=VERTEX_POINT('',#5163);
#1530=VERTEX_POINT('',#5165);
#1531=VERTEX_POINT('',#5169);
#1532=VERTEX_POINT('',#5173);
#1533=VERTEX_POINT('',#5174);
#1534=VERTEX_POINT('',#5176);
#1535=VERTEX_POINT('',#5178);
#1536=VERTEX_POINT('',#5206);
#1537=VERTEX_POINT('',#5207);
#1538=VERTEX_POINT('',#5212);
#1539=VERTEX_POINT('',#5214);
#1540=VERTEX_POINT('',#5218);
#1541=VERTEX_POINT('',#5220);
#1542=VERTEX_POINT('',#5224);
#1543=VERTEX_POINT('',#5228);
#1544=VERTEX_POINT('',#5230);
#1545=VERTEX_POINT('',#5258);
#1546=VERTEX_POINT('',#5259);
#1547=VERTEX_POINT('',#5264);
#1548=VERTEX_POINT('',#5268);
#1549=VERTEX_POINT('',#5269);
#1550=VERTEX_POINT('',#5274);
#1551=VERTEX_POINT('',#5275);
#1552=VERTEX_POINT('',#5277);
#1553=VERTEX_POINT('',#5279);
#1554=VERTEX_POINT('',#5284);
#1555=VERTEX_POINT('',#5288);
#1556=VERTEX_POINT('',#5292);
#1557=VERTEX_POINT('',#5296);
#1558=VERTEX_POINT('',#5298);
#1559=VERTEX_POINT('',#5302);
#1560=VERTEX_POINT('',#5306);
#1561=VERTEX_POINT('',#5310);
#1562=VERTEX_POINT('',#5312);
#1563=VERTEX_POINT('',#5318);
#1564=VERTEX_POINT('',#5321);
#1565=VERTEX_POINT('',#5324);
#1566=VERTEX_POINT('',#5328);
#1567=VERTEX_POINT('',#5332);
#1568=VERTEX_POINT('',#5336);
#1569=VERTEX_POINT('',#5338);
#1570=VERTEX_POINT('',#5346);
#1571=VERTEX_POINT('',#5355);
#1572=VERTEX_POINT('',#5359);
#1573=VERTEX_POINT('',#5361);
#1574=VERTEX_POINT('',#5365);
#1575=VERTEX_POINT('',#5369);
#1576=VERTEX_POINT('',#5371);
#1577=VERTEX_POINT('',#5376);
#1578=VERTEX_POINT('',#5378);
#1579=VERTEX_POINT('',#5380);
#1580=VERTEX_POINT('',#5382);
#1581=VERTEX_POINT('',#5385);
#1582=VERTEX_POINT('',#5387);
#1583=VERTEX_POINT('',#5391);
#1584=VERTEX_POINT('',#5395);
#1585=VERTEX_POINT('',#5399);
#1586=VERTEX_POINT('',#5400);
#1587=VERTEX_POINT('',#5402);
#1588=VERTEX_POINT('',#5404);
#1589=VERTEX_POINT('',#5406);
#1590=VERTEX_POINT('',#5408);
#1591=VERTEX_POINT('',#5410);
#1592=VERTEX_POINT('',#5412);
#1593=VERTEX_POINT('',#5416);
#1594=VERTEX_POINT('',#5420);
#1595=VERTEX_POINT('',#5425);
#1596=VERTEX_POINT('',#5452);
#1597=VERTEX_POINT('',#5454);
#1598=VERTEX_POINT('',#5458);
#1599=VERTEX_POINT('',#5462);
#1600=VERTEX_POINT('',#5464);
#1601=VERTEX_POINT('',#5468);
#1602=VERTEX_POINT('',#5472);
#1603=VERTEX_POINT('',#5474);
#1604=VERTEX_POINT('',#5480);
#1605=VERTEX_POINT('',#5484);
#1606=VERTEX_POINT('',#5492);
#1607=VERTEX_POINT('',#5494);
#1608=VERTEX_POINT('',#5498);
#1609=VERTEX_POINT('',#5502);
#1610=VERTEX_POINT('',#5506);
#1611=VERTEX_POINT('',#5510);
#1612=VERTEX_POINT('',#5514);
#1613=VERTEX_POINT('',#5518);
#1614=VERTEX_POINT('',#5524);
#1615=VERTEX_POINT('',#5526);
#1616=VERTEX_POINT('',#5536);
#1617=VERTEX_POINT('',#5564);
#1618=VERTEX_POINT('',#5565);
#1619=VERTEX_POINT('',#5570);
#1620=VERTEX_POINT('',#5572);
#1621=VERTEX_POINT('',#5579);
#1622=VERTEX_POINT('',#5581);
#1623=VERTEX_POINT('',#5600);
#1624=VERTEX_POINT('',#5605);
#1625=VERTEX_POINT('',#5612);
#1626=VERTEX_POINT('',#5613);
#1627=VERTEX_POINT('',#5615);
#1628=VERTEX_POINT('',#5617);
#1629=VERTEX_POINT('',#5628);
#1630=VERTEX_POINT('',#5630);
#1631=VERTEX_POINT('',#5634);
#1632=VERTEX_POINT('',#5638);
#1633=VERTEX_POINT('',#5644);
#1634=VERTEX_POINT('',#5646);
#1635=VERTEX_POINT('',#5650);
#1636=VERTEX_POINT('',#5654);
#1637=VERTEX_POINT('',#5660);
#1638=VERTEX_POINT('',#5661);
#1639=VERTEX_POINT('',#5663);
#1640=VERTEX_POINT('',#5665);
#1641=VERTEX_POINT('',#5669);
#1642=VERTEX_POINT('',#5670);
#1643=VERTEX_POINT('',#5672);
#1644=VERTEX_POINT('',#5674);
#1645=VERTEX_POINT('',#5678);
#1646=VERTEX_POINT('',#5679);
#1647=VERTEX_POINT('',#5684);
#1648=VERTEX_POINT('',#5685);
#1649=VERTEX_POINT('',#5703);
#1650=VERTEX_POINT('',#5704);
#1651=VERTEX_POINT('',#5706);
#1652=VERTEX_POINT('',#5708);
#1653=VERTEX_POINT('',#5711);
#1654=VERTEX_POINT('',#5712);
#1655=VERTEX_POINT('',#5714);
#1656=VERTEX_POINT('',#5716);
#1657=VERTEX_POINT('',#5720);
#1658=VERTEX_POINT('',#5722);
#1659=VERTEX_POINT('',#5726);
#1660=VERTEX_POINT('',#5730);
#1661=VERTEX_POINT('',#5732);
#1662=VERTEX_POINT('',#5736);
#1663=VERTEX_POINT('',#5740);
#1664=VERTEX_POINT('',#5746);
#1665=VERTEX_POINT('',#5752);
#1666=VERTEX_POINT('',#5754);
#1667=VERTEX_POINT('',#5758);
#1668=VERTEX_POINT('',#5762);
#1669=VERTEX_POINT('',#5770);
#1670=VERTEX_POINT('',#5771);
#1671=VERTEX_POINT('',#5808);
#1672=VERTEX_POINT('',#5813);
#1673=VERTEX_POINT('',#5814);
#1674=VERTEX_POINT('',#5851);
#1675=VERTEX_POINT('',#5856);
#1676=VERTEX_POINT('',#5857);
#1677=VERTEX_POINT('',#5894);
#1678=VERTEX_POINT('',#5899);
#1679=VERTEX_POINT('',#5900);
#1680=VERTEX_POINT('',#5937);
#1681=VERTEX_POINT('',#5942);
#1682=VERTEX_POINT('',#5943);
#1683=VERTEX_POINT('',#5980);
#1684=VERTEX_POINT('',#5985);
#1685=VERTEX_POINT('',#5986);
#1686=VERTEX_POINT('',#6023);
#1687=VERTEX_POINT('',#6028);
#1688=VERTEX_POINT('',#6029);
#1689=VERTEX_POINT('',#6066);
#1690=VERTEX_POINT('',#6071);
#1691=VERTEX_POINT('',#6073);
#1692=VERTEX_POINT('',#6077);
#1693=VERTEX_POINT('',#6080);
#1694=VERTEX_POINT('',#6082);
#1695=VERTEX_POINT('',#6086);
#1696=VERTEX_POINT('',#6089);
#1697=VERTEX_POINT('',#6090);
#1698=VERTEX_POINT('',#6092);
#1699=VERTEX_POINT('',#6094);
#1700=VERTEX_POINT('',#6098);
#1701=VERTEX_POINT('',#6099);
#1702=VERTEX_POINT('',#6101);
#1703=VERTEX_POINT('',#6103);
#1704=VERTEX_POINT('',#6107);
#1705=VERTEX_POINT('',#6109);
#1706=VERTEX_POINT('',#6113);
#1707=VERTEX_POINT('',#6115);
#1708=VERTEX_POINT('',#6119);
#1709=VERTEX_POINT('',#6120);
#1710=VERTEX_POINT('',#6122);
#1711=VERTEX_POINT('',#6124);
#1712=VERTEX_POINT('',#6128);
#1713=VERTEX_POINT('',#6130);
#1714=VERTEX_POINT('',#6134);
#1715=VERTEX_POINT('',#6136);
#1716=VERTEX_POINT('',#6140);
#1717=VERTEX_POINT('',#6142);
#1718=VERTEX_POINT('',#6146);
#1719=VERTEX_POINT('',#6148);
#1720=VERTEX_POINT('',#6153);
#1721=VERTEX_POINT('',#6155);
#1722=VERTEX_POINT('',#6162);
#1723=VERTEX_POINT('',#6166);
#1724=VERTEX_POINT('',#6170);
#1725=VERTEX_POINT('',#6174);
#1726=EDGE_CURVE('',#1418,#1419,#1289,.T.);
#1727=EDGE_CURVE('',#1420,#1418,#631,.T.);
#1728=EDGE_CURVE('',#1421,#1420,#1290,.T.);
#1729=EDGE_CURVE('',#1419,#1421,#632,.T.);
#1730=EDGE_CURVE('',#1422,#1423,#1291,.T.);
#1731=EDGE_CURVE('',#1424,#1422,#633,.T.);
#1732=EDGE_CURVE('',#1425,#1424,#1292,.T.);
#1733=EDGE_CURVE('',#1423,#1425,#634,.T.);
#1734=EDGE_CURVE('',#1426,#1425,#635,.T.);
#1735=EDGE_CURVE('',#1426,#1427,#636,.T.);
#1736=EDGE_CURVE('',#1427,#1423,#637,.T.);
#1737=EDGE_CURVE('',#1424,#1428,#638,.T.);
#1738=EDGE_CURVE('',#1428,#1426,#1293,.T.);
#1739=EDGE_CURVE('',#1429,#1418,#639,.T.);
#1740=EDGE_CURVE('',#1430,#1429,#640,.T.);
#1741=EDGE_CURVE('',#1430,#1420,#641,.T.);
#1742=EDGE_CURVE('',#1431,#1419,#642,.T.);
#1743=EDGE_CURVE('',#1429,#1431,#1294,.T.);
#1744=EDGE_CURVE('',#1432,#1433,#643,.T.);
#1745=EDGE_CURVE('',#1434,#1432,#1295,.T.);
#1746=EDGE_CURVE('',#1435,#1434,#644,.T.);
#1747=EDGE_CURVE('',#1435,#1433,#1296,.T.);
#1748=EDGE_CURVE('',#1436,#1433,#645,.T.);
#1749=EDGE_CURVE('',#1437,#1436,#1297,.T.);
#1750=EDGE_CURVE('',#1438,#1437,#646,.T.);
#1751=EDGE_CURVE('',#1439,#1438,#1298,.T.);
#1752=EDGE_CURVE('',#1440,#1439,#647,.T.);
#1753=EDGE_CURVE('',#1440,#1432,#74,.T.);
#1754=EDGE_CURVE('',#1434,#1441,#648,.F.);
#1755=EDGE_CURVE('',#1437,#1441,#649,.T.);
#1756=EDGE_CURVE('',#1435,#1436,#650,.T.);
#1757=EDGE_CURVE('',#1442,#1442,#1299,.T.);
#1758=EDGE_CURVE('',#1443,#1444,#651,.T.);
#1759=EDGE_CURVE('',#1445,#1444,#652,.F.);
#1760=EDGE_CURVE('',#1446,#1445,#653,.T.);
#1761=EDGE_CURVE('',#1443,#1446,#654,.T.);
#1762=EDGE_CURVE('',#1447,#1448,#655,.T.);
#1763=EDGE_CURVE('',#1444,#1448,#1300,.F.);
#1764=EDGE_CURVE('',#1447,#1443,#1301,.T.);
#1765=EDGE_CURVE('',#1449,#1450,#656,.T.);
#1766=EDGE_CURVE('',#1448,#1450,#657,.F.);
#1767=EDGE_CURVE('',#1449,#1447,#658,.T.);
#1768=EDGE_CURVE('',#1441,#1445,#1302,.F.);
#1769=EDGE_CURVE('',#1450,#1440,#1303,.F.);
#1770=EDGE_CURVE('',#1446,#1449,#1304,.T.);
#1771=EDGE_CURVE('',#1451,#1421,#659,.T.);
#1772=EDGE_CURVE('',#1431,#1451,#660,.T.);
#1773=EDGE_CURVE('',#1451,#1430,#1305,.T.);
#1774=EDGE_CURVE('',#1452,#1426,#661,.T.);
#1775=EDGE_CURVE('',#1453,#1452,#662,.T.);
#1776=EDGE_CURVE('',#1427,#1453,#663,.T.);
#1777=EDGE_CURVE('',#1454,#1455,#664,.T.);
#1778=EDGE_CURVE('',#1456,#1455,#665,.T.);
#1779=EDGE_CURVE('',#1457,#1456,#666,.T.);
#1780=EDGE_CURVE('',#1458,#1457,#667,.T.);
#1781=EDGE_CURVE('',#1458,#1459,#668,.T.);
#1782=EDGE_CURVE('',#1460,#1459,#669,.T.);
#1783=EDGE_CURVE('',#1461,#1460,#670,.T.);
#1784=EDGE_CURVE('',#1462,#1461,#671,.T.);
#1785=EDGE_CURVE('',#1462,#1463,#672,.T.);
#1786=EDGE_CURVE('',#1463,#1464,#673,.T.);
#1787=EDGE_CURVE('',#1464,#1465,#674,.T.);
#1788=EDGE_CURVE('',#1465,#1466,#1306,.T.);
#1789=EDGE_CURVE('',#1439,#1466,#675,.T.);
#1790=EDGE_CURVE('',#1467,#1438,#676,.T.);
#1791=EDGE_CURVE('',#1468,#1467,#677,.T.);
#1792=EDGE_CURVE('',#1468,#1469,#678,.T.);
#1793=EDGE_CURVE('',#1469,#1470,#679,.T.);
#1794=EDGE_CURVE('',#1470,#1471,#680,.T.);
#1795=EDGE_CURVE('',#1471,#1472,#681,.T.);
#1796=EDGE_CURVE('',#1472,#1473,#682,.T.);
#1797=EDGE_CURVE('',#1473,#1474,#683,.T.);
#1798=EDGE_CURVE('',#1474,#1475,#684,.T.);
#1799=EDGE_CURVE('',#1475,#1476,#685,.T.);
#1800=EDGE_CURVE('',#1476,#1477,#686,.T.);
#1801=EDGE_CURVE('',#1477,#1478,#687,.T.);
#1802=EDGE_CURVE('',#1479,#1478,#688,.T.);
#1803=EDGE_CURVE('',#1479,#1480,#689,.T.);
#1804=EDGE_CURVE('',#1480,#1481,#690,.T.);
#1805=EDGE_CURVE('',#1482,#1481,#691,.T.);
#1806=EDGE_CURVE('',#1482,#1483,#1307,.T.);
#1807=EDGE_CURVE('',#1483,#1484,#692,.T.);
#1808=EDGE_CURVE('',#1484,#1454,#693,.T.);
#1809=EDGE_CURVE('',#1485,#1485,#1308,.T.);
#1810=EDGE_CURVE('',#1486,#1486,#1309,.T.);
#1811=EDGE_CURVE('',#1487,#1487,#1310,.T.);
#1812=EDGE_CURVE('',#1488,#1488,#1311,.T.);
#1813=EDGE_CURVE('',#1489,#1489,#1312,.T.);
#1814=EDGE_CURVE('',#1490,#1490,#1313,.T.);
#1815=EDGE_CURVE('',#1491,#1428,#694,.T.);
#1816=EDGE_CURVE('',#1491,#1492,#695,.T.);
#1817=EDGE_CURVE('',#1493,#1492,#696,.T.);
#1818=EDGE_CURVE('',#1428,#1493,#697,.T.);
#1819=EDGE_CURVE('',#1427,#1491,#1314,.T.);
#1820=EDGE_CURVE('',#1491,#1422,#698,.T.);
#1821=EDGE_CURVE('',#1492,#1453,#1315,.T.);
#1822=EDGE_CURVE('',#1452,#1493,#1316,.T.);
#1823=EDGE_CURVE('',#1494,#1495,#699,.T.);
#1824=EDGE_CURVE('',#1496,#1494,#700,.T.);
#1825=EDGE_CURVE('',#1497,#1496,#701,.T.);
#1826=EDGE_CURVE('',#1497,#1498,#702,.T.);
#1827=EDGE_CURVE('',#1499,#1498,#703,.T.);
#1828=EDGE_CURVE('',#1500,#1499,#704,.T.);
#1829=EDGE_CURVE('',#1501,#1500,#705,.T.);
#1830=EDGE_CURVE('',#1501,#1502,#706,.T.);
#1831=EDGE_CURVE('',#1502,#1503,#707,.T.);
#1832=EDGE_CURVE('',#1495,#1503,#708,.T.);
#1833=EDGE_CURVE('',#1504,#1505,#709,.T.);
#1834=EDGE_CURVE('',#1460,#1504,#710,.T.);
#1835=EDGE_CURVE('',#1505,#1459,#711,.T.);
#1836=EDGE_CURVE('',#1506,#1505,#712,.T.);
#1837=EDGE_CURVE('',#1506,#1507,#713,.T.);
#1838=EDGE_CURVE('',#1507,#1500,#714,.T.);
#1839=EDGE_CURVE('',#1499,#1504,#715,.T.);
#1840=EDGE_CURVE('',#1508,#1499,#716,.T.);
#1841=EDGE_CURVE('',#1461,#1508,#717,.T.);
#1842=EDGE_CURVE('',#1458,#1506,#718,.T.);
#1843=EDGE_CURVE('',#1466,#1509,#719,.T.);
#1844=EDGE_CURVE('',#1509,#1510,#720,.T.);
#1845=EDGE_CURVE('',#1510,#1511,#721,.T.);
#1846=EDGE_CURVE('',#1496,#1511,#722,.T.);
#1847=EDGE_CURVE('',#1494,#1512,#723,.T.);
#1848=EDGE_CURVE('',#1513,#1512,#724,.T.);
#1849=EDGE_CURVE('',#1467,#1513,#725,.T.);
#1850=EDGE_CURVE('',#1514,#1514,#1317,.T.);
#1851=EDGE_CURVE('',#1515,#1515,#1318,.T.);
#1852=EDGE_CURVE('',#1516,#1517,#1319,.T.);
#1853=EDGE_CURVE('',#1518,#1517,#726,.T.);
#1854=EDGE_CURVE('',#1516,#1518,#727,.T.);
#1855=EDGE_CURVE('',#1519,#1519,#1320,.T.);
#1856=EDGE_CURVE('',#1517,#1482,#728,.F.);
#1857=EDGE_CURVE('',#1481,#1520,#729,.T.);
#1858=EDGE_CURVE('',#1521,#1520,#730,.T.);
#1859=EDGE_CURVE('',#1522,#1521,#731,.F.);
#1860=EDGE_CURVE('',#1518,#1522,#732,.T.);
#1861=EDGE_CURVE('',#1523,#1524,#1321,.T.);
#1862=EDGE_CURVE('',#1503,#1524,#733,.T.);
#1863=EDGE_CURVE('',#1502,#1525,#734,.T.);
#1864=EDGE_CURVE('',#1526,#1525,#735,.T.);
#1865=EDGE_CURVE('',#1526,#1527,#736,.T.);
#1866=EDGE_CURVE('',#1527,#1523,#737,.T.);
#1867=EDGE_CURVE('',#1509,#1510,#1322,.T.);
#1868=EDGE_CURVE('',#1528,#1528,#1323,.T.);
#1869=EDGE_CURVE('',#1483,#1523,#738,.T.);
#1870=EDGE_CURVE('',#1527,#1484,#739,.T.);
#1871=EDGE_CURVE('',#1454,#1526,#740,.T.);
#1872=EDGE_CURVE('',#1455,#1525,#741,.T.);
#1873=EDGE_CURVE('',#1524,#1516,#742,.T.);
#1874=EDGE_CURVE('',#1462,#1529,#743,.T.);
#1875=EDGE_CURVE('',#1529,#1530,#744,.T.);
#1876=EDGE_CURVE('',#1463,#1530,#745,.T.);
#1877=EDGE_CURVE('',#1530,#1531,#746,.T.);
#1878=EDGE_CURVE('',#1464,#1531,#747,.T.);
#1879=EDGE_CURVE('',#1532,#1533,#1324,.T.);
#1880=EDGE_CURVE('',#1533,#1534,#748,.T.);
#1881=EDGE_CURVE('',#1534,#1535,#1325,.T.);
#1882=EDGE_CURVE('',#1535,#1532,#749,.T.);
#1883=EDGE_CURVE('',#1536,#1537,#1326,.T.);
#1884=EDGE_CURVE('',#1536,#1535,#51,.T.);
#1885=EDGE_CURVE('',#1534,#1537,#52,.T.);
#1886=EDGE_CURVE('',#1537,#1538,#750,.T.);
#1887=EDGE_CURVE('',#1538,#1539,#1327,.T.);
#1888=EDGE_CURVE('',#1539,#1536,#751,.T.);
#1889=EDGE_CURVE('',#1540,#1540,#1328,.T.);
#1890=EDGE_CURVE('',#1540,#1541,#752,.T.);
#1891=EDGE_CURVE('',#1541,#1541,#1329,.T.);
#1892=EDGE_CURVE('',#1532,#1542,#1330,.T.);
#1893=EDGE_CURVE('',#1533,#1542,#1331,.T.);
#1894=EDGE_CURVE('',#1543,#1543,#1332,.T.);
#1895=EDGE_CURVE('',#1543,#1544,#753,.T.);
#1896=EDGE_CURVE('',#1544,#1544,#1333,.T.);
#1897=EDGE_CURVE('',#1545,#1546,#1334,.T.);
#1898=EDGE_CURVE('',#1546,#1539,#53,.T.);
#1899=EDGE_CURVE('',#1538,#1545,#54,.T.);
#1900=EDGE_CURVE('',#1547,#1546,#754,.T.);
#1901=EDGE_CURVE('',#1532,#1547,#755,.T.);
#1902=EDGE_CURVE('',#1548,#1549,#1335,.T.);
#1903=EDGE_CURVE('',#1548,#1547,#1336,.T.);
#1904=EDGE_CURVE('',#1549,#1547,#1337,.T.);
#1905=EDGE_CURVE('',#1550,#1551,#1338,.T.);
#1906=EDGE_CURVE('',#1550,#1552,#756,.T.);
#1907=EDGE_CURVE('',#1553,#1552,#1339,.T.);
#1908=EDGE_CURVE('',#1551,#1553,#757,.T.);
#1909=EDGE_CURVE('',#1551,#1533,#758,.T.);
#1910=EDGE_CURVE('',#1554,#1553,#759,.T.);
#1911=EDGE_CURVE('',#1534,#1554,#760,.T.);
#1912=EDGE_CURVE('',#1554,#1555,#1340,.T.);
#1913=EDGE_CURVE('',#1555,#1537,#761,.T.);
#1914=EDGE_CURVE('',#1556,#1555,#762,.T.);
#1915=EDGE_CURVE('',#1538,#1556,#763,.T.);
#1916=EDGE_CURVE('',#1557,#1550,#764,.T.);
#1917=EDGE_CURVE('',#1557,#1558,#765,.T.);
#1918=EDGE_CURVE('',#1552,#1558,#766,.T.);
#1919=EDGE_CURVE('',#1559,#1559,#1341,.T.);
#1920=EDGE_CURVE('',#1559,#1543,#767,.T.);
#1921=EDGE_CURVE('',#1560,#1560,#1342,.T.);
#1922=EDGE_CURVE('',#1560,#1540,#768,.T.);
#1923=EDGE_CURVE('',#1561,#1561,#1343,.T.);
#1924=EDGE_CURVE('',#1561,#1562,#769,.T.);
#1925=EDGE_CURVE('',#1562,#1562,#1344,.T.);
#1926=EDGE_CURVE('',#1541,#1515,#770,.T.);
#1927=EDGE_CURVE('',#1563,#1563,#1345,.T.);
#1928=EDGE_CURVE('',#1564,#1564,#1346,.T.);
#1929=EDGE_CURVE('',#1542,#1565,#771,.T.);
#1930=EDGE_CURVE('',#1551,#1565,#1347,.T.);
#1931=EDGE_CURVE('',#1565,#1566,#1348,.T.);
#1932=EDGE_CURVE('',#1550,#1566,#1349,.T.);
#1933=EDGE_CURVE('',#1566,#1567,#772,.T.);
#1934=EDGE_CURVE('',#1557,#1567,#1350,.T.);
#1935=EDGE_CURVE('',#1567,#1568,#1351,.T.);
#1936=EDGE_CURVE('',#1569,#1568,#1352,.T.);
#1937=EDGE_CURVE('',#1569,#1557,#1353,.T.);
#1938=EDGE_CURVE('',#1548,#1542,#773,.T.);
#1939=EDGE_CURVE('',#1544,#1519,#774,.T.);
#1940=EDGE_CURVE('',#1556,#1570,#1354,.T.);
#1941=EDGE_CURVE('',#1570,#1545,#775,.T.);
#1942=EDGE_CURVE('',#1545,#1549,#776,.T.);
#1943=EDGE_CURVE('',#1549,#1569,#777,.T.);
#1944=EDGE_CURVE('',#1568,#1548,#778,.T.);
#1945=EDGE_CURVE('',#1569,#1571,#779,.T.);
#1946=EDGE_CURVE('',#1558,#1571,#1355,.T.);
#1947=EDGE_CURVE('',#1572,#1572,#1356,.T.);
#1948=EDGE_CURVE('',#1572,#1573,#780,.T.);
#1949=EDGE_CURVE('',#1573,#1573,#1357,.T.);
#1950=EDGE_CURVE('',#1562,#1574,#781,.T.);
#1951=EDGE_CURVE('',#1574,#1574,#1358,.T.);
#1952=EDGE_CURVE('',#1575,#1575,#1359,.T.);
#1953=EDGE_CURVE('',#1575,#1576,#782,.T.);
#1954=EDGE_CURVE('',#1576,#1576,#1360,.T.);
#1955=EDGE_CURVE('',#1571,#1570,#783,.T.);
#1956=EDGE_CURVE('',#1577,#1577,#1361,.T.);
#1957=EDGE_CURVE('',#1578,#1578,#1362,.T.);
#1958=EDGE_CURVE('',#1579,#1579,#1363,.T.);
#1959=EDGE_CURVE('',#1580,#1580,#1364,.T.);
#1960=EDGE_CURVE('',#1521,#1581,#784,.T.);
#1961=EDGE_CURVE('',#1520,#1582,#785,.T.);
#1962=EDGE_CURVE('',#1581,#1582,#786,.T.);
#1963=EDGE_CURVE('',#1583,#1583,#1365,.T.);
#1964=EDGE_CURVE('',#1583,#1563,#787,.T.);
#1965=EDGE_CURVE('',#1584,#1584,#1366,.T.);
#1966=EDGE_CURVE('',#1584,#1564,#788,.T.);
#1967=EDGE_CURVE('',#1585,#1586,#789,.T.);
#1968=EDGE_CURVE('',#1587,#1586,#1367,.T.);
#1969=EDGE_CURVE('',#1587,#1588,#790,.T.);
#1970=EDGE_CURVE('',#1588,#1589,#1368,.F.);
#1971=EDGE_CURVE('',#1589,#1590,#791,.T.);
#1972=EDGE_CURVE('',#1591,#1590,#1369,.T.);
#1973=EDGE_CURVE('',#1591,#1592,#792,.T.);
#1974=EDGE_CURVE('',#1585,#1592,#1370,.T.);
#1975=EDGE_CURVE('',#1500,#1593,#793,.T.);
#1976=EDGE_CURVE('',#1593,#1501,#794,.T.);
#1977=EDGE_CURVE('',#1581,#1594,#795,.F.);
#1978=EDGE_CURVE('',#1594,#1522,#796,.T.);
#1979=EDGE_CURVE('',#1573,#1595,#797,.T.);
#1980=EDGE_CURVE('',#1595,#1595,#1371,.T.);
#1981=EDGE_CURVE('',#1574,#1442,#798,.T.);
#1982=EDGE_CURVE('',#1577,#1490,#799,.T.);
#1983=EDGE_CURVE('',#1578,#1489,#800,.T.);
#1984=EDGE_CURVE('',#1488,#1576,#801,.T.);
#1985=EDGE_CURVE('',#1579,#1487,#802,.T.);
#1986=EDGE_CURVE('',#1580,#1486,#803,.T.);
#1987=EDGE_CURVE('',#1485,#1514,#804,.T.);
#1988=EDGE_CURVE('',#1457,#1507,#805,.T.);
#1989=EDGE_CURVE('',#1456,#1593,#806,.T.);
#1990=EDGE_CURVE('',#1582,#1480,#807,.T.);
#1991=EDGE_CURVE('',#1594,#1479,#808,.T.);
#1992=EDGE_CURVE('',#1475,#1596,#809,.T.);
#1993=EDGE_CURVE('',#1596,#1597,#810,.T.);
#1994=EDGE_CURVE('',#1476,#1597,#811,.T.);
#1995=EDGE_CURVE('',#1474,#1598,#812,.T.);
#1996=EDGE_CURVE('',#1598,#1596,#813,.T.);
#1997=EDGE_CURVE('',#1470,#1599,#814,.T.);
#1998=EDGE_CURVE('',#1599,#1600,#815,.T.);
#1999=EDGE_CURVE('',#1471,#1600,#816,.T.);
#2000=EDGE_CURVE('',#1469,#1601,#817,.T.);
#2001=EDGE_CURVE('',#1601,#1599,#818,.T.);
#2002=EDGE_CURVE('',#1602,#1601,#819,.T.);
#2003=EDGE_CURVE('',#1603,#1602,#820,.T.);
#2004=EDGE_CURVE('',#1600,#1603,#821,.T.);
#2005=EDGE_CURVE('',#1472,#1603,#822,.T.);
#2006=EDGE_CURVE('',#1604,#1473,#823,.T.);
#2007=EDGE_CURVE('',#1604,#1598,#824,.T.);
#2008=EDGE_CURVE('',#1605,#1604,#825,.T.);
#2009=EDGE_CURVE('',#1597,#1605,#826,.T.);
#2010=EDGE_CURVE('',#1477,#1605,#827,.T.);
#2011=EDGE_CURVE('',#1602,#1468,#828,.T.);
#2012=EDGE_CURVE('',#1606,#1591,#829,.T.);
#2013=EDGE_CURVE('',#1607,#1606,#830,.T.);
#2014=EDGE_CURVE('',#1592,#1607,#831,.T.);
#2015=EDGE_CURVE('',#1608,#1607,#1372,.T.);
#2016=EDGE_CURVE('',#1608,#1585,#832,.T.);
#2017=EDGE_CURVE('',#1609,#1608,#833,.T.);
#2018=EDGE_CURVE('',#1586,#1609,#834,.T.);
#2019=EDGE_CURVE('',#1610,#1609,#1373,.T.);
#2020=EDGE_CURVE('',#1610,#1587,#835,.T.);
#2021=EDGE_CURVE('',#1611,#1610,#836,.T.);
#2022=EDGE_CURVE('',#1588,#1611,#837,.T.);
#2023=EDGE_CURVE('',#1612,#1611,#1374,.T.);
#2024=EDGE_CURVE('',#1612,#1589,#838,.T.);
#2025=EDGE_CURVE('',#1590,#1613,#839,.T.);
#2026=EDGE_CURVE('',#1613,#1612,#840,.T.);
#2027=EDGE_CURVE('',#1606,#1613,#1375,.T.);
#2028=EDGE_CURVE('',#1614,#1495,#841,.T.);
#2029=EDGE_CURVE('',#1615,#1478,#842,.T.);
#2030=EDGE_CURVE('',#1614,#1615,#843,.T.);
#2031=EDGE_CURVE('',#1498,#1508,#844,.T.);
#2032=EDGE_CURVE('',#1595,#1528,#845,.T.);
#2033=EDGE_CURVE('',#1529,#1497,#846,.T.);
#2034=EDGE_CURVE('',#1616,#1531,#847,.T.);
#2035=EDGE_CURVE('',#1616,#1465,#848,.F.);
#2036=EDGE_CURVE('',#1511,#1616,#1376,.T.);
#2037=EDGE_CURVE('',#1615,#1513,#849,.T.);
#2038=EDGE_CURVE('',#1512,#1614,#850,.T.);
#2039=EDGE_CURVE('',#1617,#1618,#75,.T.);
#2040=EDGE_CURVE('',#1617,#1619,#851,.T.);
#2041=EDGE_CURVE('',#1619,#1620,#76,.T.);
#2042=EDGE_CURVE('',#1618,#1620,#852,.T.);
#2043=EDGE_CURVE('',#1621,#1617,#853,.T.);
#2044=EDGE_CURVE('',#1622,#1621,#854,.T.);
#2045=EDGE_CURVE('',#1622,#1619,#855,.T.);
#2046=EDGE_CURVE('',#1623,#1621,#77,.T.);
#2047=EDGE_CURVE('',#1624,#1623,#856,.T.);
#2048=EDGE_CURVE('',#1624,#1622,#78,.T.);
#2049=EDGE_CURVE('',#1625,#1626,#857,.T.);
#2050=EDGE_CURVE('',#1626,#1627,#858,.T.);
#2051=EDGE_CURVE('',#1627,#1628,#859,.T.);
#2052=EDGE_CURVE('',#1628,#1625,#860,.T.);
#2053=EDGE_CURVE('',#1623,#1626,#1377,.T.);
#2054=EDGE_CURVE('',#1625,#1624,#1378,.T.);
#2055=EDGE_CURVE('',#1620,#1628,#1379,.T.);
#2056=EDGE_CURVE('',#1627,#1618,#1380,.T.);
#2057=EDGE_CURVE('',#1625,#1629,#861,.T.);
#2058=EDGE_CURVE('',#1630,#1629,#1381,.T.);
#2059=EDGE_CURVE('',#1622,#1630,#862,.T.);
#2060=EDGE_CURVE('',#1628,#1631,#863,.T.);
#2061=EDGE_CURVE('',#1629,#1631,#864,.T.);
#2062=EDGE_CURVE('',#1619,#1632,#865,.T.);
#2063=EDGE_CURVE('',#1631,#1632,#1382,.T.);
#2064=EDGE_CURVE('',#1632,#1630,#866,.T.);
#2065=EDGE_CURVE('',#1631,#1633,#867,.T.);
#2066=EDGE_CURVE('',#1633,#1634,#868,.T.);
#2067=EDGE_CURVE('',#1634,#1629,#869,.T.);
#2068=EDGE_CURVE('',#1632,#1635,#870,.T.);
#2069=EDGE_CURVE('',#1635,#1633,#1383,.T.);
#2070=EDGE_CURVE('',#1630,#1636,#871,.T.);
#2071=EDGE_CURVE('',#1636,#1635,#872,.T.);
#2072=EDGE_CURVE('',#1634,#1636,#1384,.T.);
#2073=EDGE_CURVE('',#1637,#1638,#873,.T.);
#2074=EDGE_CURVE('',#1639,#1637,#1385,.T.);
#2075=EDGE_CURVE('',#1640,#1639,#874,.T.);
#2076=EDGE_CURVE('',#1638,#1640,#1386,.T.);
#2077=EDGE_CURVE('',#1641,#1642,#875,.T.);
#2078=EDGE_CURVE('',#1642,#1643,#876,.T.);
#2079=EDGE_CURVE('',#1643,#1644,#877,.T.);
#2080=EDGE_CURVE('',#1644,#1641,#878,.T.);
#2081=EDGE_CURVE('',#1645,#1646,#879,.T.);
#2082=EDGE_CURVE('',#1646,#1642,#1387,.T.);
#2083=EDGE_CURVE('',#1641,#1645,#1388,.T.);
#2084=EDGE_CURVE('',#1647,#1648,#880,.T.);
#2085=EDGE_CURVE('',#1648,#1646,#881,.T.);
#2086=EDGE_CURVE('',#1645,#1647,#882,.T.);
#2087=EDGE_CURVE('',#1643,#1648,#1389,.T.);
#2088=EDGE_CURVE('',#1647,#1644,#1390,.T.);
#2089=EDGE_CURVE('',#1639,#1641,#883,.T.);
#2090=EDGE_CURVE('',#1637,#1645,#884,.T.);
#2091=EDGE_CURVE('',#1640,#1644,#885,.T.);
#2092=EDGE_CURVE('',#1638,#1647,#886,.T.);
#2093=EDGE_CURVE('',#1649,#1650,#1391,.T.);
#2094=EDGE_CURVE('',#1651,#1649,#887,.T.);
#2095=EDGE_CURVE('',#1652,#1651,#1392,.T.);
#2096=EDGE_CURVE('',#1650,#1652,#888,.T.);
#2097=EDGE_CURVE('',#1653,#1654,#889,.T.);
#2098=EDGE_CURVE('',#1655,#1653,#1393,.T.);
#2099=EDGE_CURVE('',#1656,#1655,#890,.T.);
#2100=EDGE_CURVE('',#1654,#1656,#1394,.T.);
#2101=EDGE_CURVE('',#1657,#1656,#891,.T.);
#2102=EDGE_CURVE('',#1658,#1657,#1395,.T.);
#2103=EDGE_CURVE('',#1658,#1654,#892,.T.);
#2104=EDGE_CURVE('',#1659,#1655,#893,.T.);
#2105=EDGE_CURVE('',#1657,#1659,#894,.T.);
#2106=EDGE_CURVE('',#1660,#1652,#895,.T.);
#2107=EDGE_CURVE('',#1661,#1660,#896,.F.);
#2108=EDGE_CURVE('',#1661,#1650,#897,.T.);
#2109=EDGE_CURVE('',#1662,#1651,#898,.T.);
#2110=EDGE_CURVE('',#1660,#1662,#1396,.F.);
#2111=EDGE_CURVE('',#1663,#1653,#899,.T.);
#2112=EDGE_CURVE('',#1659,#1663,#1397,.T.);
#2113=EDGE_CURVE('',#1663,#1658,#900,.T.);
#2114=EDGE_CURVE('',#1664,#1649,#901,.T.);
#2115=EDGE_CURVE('',#1662,#1664,#902,.F.);
#2116=EDGE_CURVE('',#1664,#1661,#1398,.F.);
#2117=EDGE_CURVE('',#1659,#1665,#903,.T.);
#2118=EDGE_CURVE('',#1665,#1666,#904,.T.);
#2119=EDGE_CURVE('',#1666,#1657,#905,.T.);
#2120=EDGE_CURVE('',#1663,#1667,#906,.T.);
#2121=EDGE_CURVE('',#1667,#1665,#1399,.T.);
#2122=EDGE_CURVE('',#1658,#1668,#907,.T.);
#2123=EDGE_CURVE('',#1668,#1667,#908,.T.);
#2124=EDGE_CURVE('',#1666,#1668,#1400,.T.);
#2125=EDGE_CURVE('',#1669,#1670,#79,.T.);
#2126=EDGE_CURVE('',#1670,#1669,#80,.T.);
#2127=EDGE_CURVE('',#1670,#1671,#909,.T.);
#2128=EDGE_CURVE('',#1671,#1671,#1401,.T.);
#2129=EDGE_CURVE('',#1672,#1673,#81,.T.);
#2130=EDGE_CURVE('',#1673,#1672,#82,.T.);
#2131=EDGE_CURVE('',#1673,#1674,#910,.T.);
#2132=EDGE_CURVE('',#1674,#1674,#1402,.T.);
#2133=EDGE_CURVE('',#1675,#1676,#83,.T.);
#2134=EDGE_CURVE('',#1676,#1675,#84,.T.);
#2135=EDGE_CURVE('',#1676,#1677,#911,.T.);
#2136=EDGE_CURVE('',#1677,#1677,#1403,.T.);
#2137=EDGE_CURVE('',#1678,#1679,#85,.T.);
#2138=EDGE_CURVE('',#1679,#1678,#86,.T.);
#2139=EDGE_CURVE('',#1679,#1680,#912,.T.);
#2140=EDGE_CURVE('',#1680,#1680,#1404,.T.);
#2141=EDGE_CURVE('',#1681,#1682,#87,.T.);
#2142=EDGE_CURVE('',#1682,#1681,#88,.T.);
#2143=EDGE_CURVE('',#1682,#1683,#913,.T.);
#2144=EDGE_CURVE('',#1683,#1683,#1405,.T.);
#2145=EDGE_CURVE('',#1684,#1685,#89,.T.);
#2146=EDGE_CURVE('',#1685,#1684,#90,.T.);
#2147=EDGE_CURVE('',#1685,#1686,#914,.T.);
#2148=EDGE_CURVE('',#1686,#1686,#1406,.T.);
#2149=EDGE_CURVE('',#1687,#1688,#91,.T.);
#2150=EDGE_CURVE('',#1688,#1687,#92,.T.);
#2151=EDGE_CURVE('',#1688,#1689,#915,.T.);
#2152=EDGE_CURVE('',#1689,#1689,#1407,.T.);
#2153=EDGE_CURVE('',#1690,#1690,#1408,.T.);
#2154=EDGE_CURVE('',#1690,#1691,#916,.T.);
#2155=EDGE_CURVE('',#1691,#1691,#1409,.T.);
#2156=EDGE_CURVE('',#1692,#1692,#1410,.T.);
#2157=EDGE_CURVE('',#1693,#1693,#1411,.T.);
#2158=EDGE_CURVE('',#1693,#1694,#917,.T.);
#2159=EDGE_CURVE('',#1694,#1694,#1412,.T.);
#2160=EDGE_CURVE('',#1695,#1695,#1413,.T.);
#2161=EDGE_CURVE('',#1696,#1697,#1414,.T.);
#2162=EDGE_CURVE('',#1698,#1696,#918,.T.);
#2163=EDGE_CURVE('',#1699,#1698,#1415,.T.);
#2164=EDGE_CURVE('',#1697,#1699,#919,.T.);
#2165=EDGE_CURVE('',#1700,#1701,#920,.T.);
#2166=EDGE_CURVE('',#1700,#1702,#921,.T.);
#2167=EDGE_CURVE('',#1703,#1702,#922,.T.);
#2168=EDGE_CURVE('',#1701,#1703,#923,.T.);
#2169=EDGE_CURVE('',#1704,#1700,#924,.T.);
#2170=EDGE_CURVE('',#1704,#1705,#925,.T.);
#2171=EDGE_CURVE('',#1702,#1705,#926,.T.);
#2172=EDGE_CURVE('',#1706,#1704,#927,.T.);
#2173=EDGE_CURVE('',#1707,#1706,#928,.F.);
#2174=EDGE_CURVE('',#1705,#1707,#929,.T.);
#2175=EDGE_CURVE('',#1708,#1709,#930,.T.);
#2176=EDGE_CURVE('',#1708,#1710,#931,.T.);
#2177=EDGE_CURVE('',#1711,#1710,#932,.T.);
#2178=EDGE_CURVE('',#1709,#1711,#933,.F.);
#2179=EDGE_CURVE('',#1712,#1708,#934,.T.);
#2180=EDGE_CURVE('',#1712,#1713,#935,.T.);
#2181=EDGE_CURVE('',#1710,#1713,#936,.T.);
#2182=EDGE_CURVE('',#1714,#1712,#937,.T.);
#2183=EDGE_CURVE('',#1715,#1714,#938,.T.);
#2184=EDGE_CURVE('',#1713,#1715,#939,.T.);
#2185=EDGE_CURVE('',#1696,#1716,#940,.T.);
#2186=EDGE_CURVE('',#1716,#1717,#941,.F.);
#2187=EDGE_CURVE('',#1717,#1698,#942,.T.);
#2188=EDGE_CURVE('',#1706,#1718,#943,.T.);
#2189=EDGE_CURVE('',#1719,#1718,#944,.F.);
#2190=EDGE_CURVE('',#1707,#1719,#945,.F.);
#2191=EDGE_CURVE('',#1711,#1717,#946,.T.);
#2192=EDGE_CURVE('',#1720,#1715,#947,.T.);
#2193=EDGE_CURVE('',#1720,#1721,#948,.T.);
#2194=EDGE_CURVE('',#1721,#1703,#949,.T.);
#2195=EDGE_CURVE('',#1699,#1719,#950,.T.);
#2196=EDGE_CURVE('',#1709,#1716,#951,.F.);
#2197=EDGE_CURVE('',#1695,#1722,#952,.T.);
#2198=EDGE_CURVE('',#1722,#1722,#1416,.F.);
#2199=EDGE_CURVE('',#1692,#1723,#953,.T.);
#2200=EDGE_CURVE('',#1723,#1723,#1417,.F.);
#2201=EDGE_CURVE('',#1721,#1724,#954,.T.);
#2202=EDGE_CURVE('',#1724,#1701,#955,.T.);
#2203=EDGE_CURVE('',#1725,#1714,#956,.T.);
#2204=EDGE_CURVE('',#1725,#1720,#957,.T.);
#2205=EDGE_CURVE('',#1718,#1697,#958,.T.);
#2206=EDGE_CURVE('',#1724,#1725,#959,.T.);
#2207=ORIENTED_EDGE('',*,*,#1726,.F.);
#2208=ORIENTED_EDGE('',*,*,#1727,.F.);
#2209=ORIENTED_EDGE('',*,*,#1728,.F.);
#2210=ORIENTED_EDGE('',*,*,#1729,.F.);
#2211=ORIENTED_EDGE('',*,*,#1730,.F.);
#2212=ORIENTED_EDGE('',*,*,#1731,.F.);
#2213=ORIENTED_EDGE('',*,*,#1732,.F.);
#2214=ORIENTED_EDGE('',*,*,#1733,.F.);
#2215=ORIENTED_EDGE('',*,*,#1733,.T.);
#2216=ORIENTED_EDGE('',*,*,#1734,.F.);
#2217=ORIENTED_EDGE('',*,*,#1735,.T.);
#2218=ORIENTED_EDGE('',*,*,#1736,.T.);
#2219=ORIENTED_EDGE('',*,*,#1732,.T.);
#2220=ORIENTED_EDGE('',*,*,#1737,.T.);
#2221=ORIENTED_EDGE('',*,*,#1738,.T.);
#2222=ORIENTED_EDGE('',*,*,#1734,.T.);
#2223=ORIENTED_EDGE('',*,*,#1727,.T.);
#2224=ORIENTED_EDGE('',*,*,#1739,.F.);
#2225=ORIENTED_EDGE('',*,*,#1740,.F.);
#2226=ORIENTED_EDGE('',*,*,#1741,.T.);
#2227=ORIENTED_EDGE('',*,*,#1726,.T.);
#2228=ORIENTED_EDGE('',*,*,#1742,.F.);
#2229=ORIENTED_EDGE('',*,*,#1743,.F.);
#2230=ORIENTED_EDGE('',*,*,#1739,.T.);
#2231=ORIENTED_EDGE('',*,*,#1744,.F.);
#2232=ORIENTED_EDGE('',*,*,#1745,.F.);
#2233=ORIENTED_EDGE('',*,*,#1746,.F.);
#2234=ORIENTED_EDGE('',*,*,#1747,.T.);
#2235=ORIENTED_EDGE('',*,*,#1748,.F.);
#2236=ORIENTED_EDGE('',*,*,#1749,.F.);
#2237=ORIENTED_EDGE('',*,*,#1750,.F.);
#2238=ORIENTED_EDGE('',*,*,#1751,.F.);
#2239=ORIENTED_EDGE('',*,*,#1752,.F.);
#2240=ORIENTED_EDGE('',*,*,#1753,.T.);
#2241=ORIENTED_EDGE('',*,*,#1744,.T.);
#2242=ORIENTED_EDGE('',*,*,#1746,.T.);
#2243=ORIENTED_EDGE('',*,*,#1754,.T.);
#2244=ORIENTED_EDGE('',*,*,#1755,.F.);
#2245=ORIENTED_EDGE('',*,*,#1749,.T.);
#2246=ORIENTED_EDGE('',*,*,#1756,.F.);
#2247=ORIENTED_EDGE('',*,*,#1757,.T.);
#2248=ORIENTED_EDGE('',*,*,#1748,.T.);
#2249=ORIENTED_EDGE('',*,*,#1747,.F.);
#2250=ORIENTED_EDGE('',*,*,#1756,.T.);
#2251=ORIENTED_EDGE('',*,*,#1758,.T.);
#2252=ORIENTED_EDGE('',*,*,#1759,.F.);
#2253=ORIENTED_EDGE('',*,*,#1760,.F.);
#2254=ORIENTED_EDGE('',*,*,#1761,.F.);
#2255=ORIENTED_EDGE('',*,*,#1762,.T.);
#2256=ORIENTED_EDGE('',*,*,#1763,.F.);
#2257=ORIENTED_EDGE('',*,*,#1758,.F.);
#2258=ORIENTED_EDGE('',*,*,#1764,.F.);
#2259=ORIENTED_EDGE('',*,*,#1765,.T.);
#2260=ORIENTED_EDGE('',*,*,#1766,.F.);
#2261=ORIENTED_EDGE('',*,*,#1762,.F.);
#2262=ORIENTED_EDGE('',*,*,#1767,.F.);
#2263=ORIENTED_EDGE('',*,*,#1760,.T.);
#2264=ORIENTED_EDGE('',*,*,#1768,.F.);
#2265=ORIENTED_EDGE('',*,*,#1754,.F.);
#2266=ORIENTED_EDGE('',*,*,#1745,.T.);
#2267=ORIENTED_EDGE('',*,*,#1753,.F.);
#2268=ORIENTED_EDGE('',*,*,#1769,.F.);
#2269=ORIENTED_EDGE('',*,*,#1765,.F.);
#2270=ORIENTED_EDGE('',*,*,#1770,.F.);
#2271=ORIENTED_EDGE('',*,*,#1729,.T.);
#2272=ORIENTED_EDGE('',*,*,#1771,.F.);
#2273=ORIENTED_EDGE('',*,*,#1772,.F.);
#2274=ORIENTED_EDGE('',*,*,#1742,.T.);
#2275=ORIENTED_EDGE('',*,*,#1728,.T.);
#2276=ORIENTED_EDGE('',*,*,#1741,.F.);
#2277=ORIENTED_EDGE('',*,*,#1773,.F.);
#2278=ORIENTED_EDGE('',*,*,#1771,.T.);
#2279=ORIENTED_EDGE('',*,*,#1735,.F.);
#2280=ORIENTED_EDGE('',*,*,#1774,.F.);
#2281=ORIENTED_EDGE('',*,*,#1775,.F.);
#2282=ORIENTED_EDGE('',*,*,#1776,.F.);
#2283=ORIENTED_EDGE('',*,*,#1777,.T.);
#2284=ORIENTED_EDGE('',*,*,#1778,.F.);
#2285=ORIENTED_EDGE('',*,*,#1779,.F.);
#2286=ORIENTED_EDGE('',*,*,#1780,.F.);
#2287=ORIENTED_EDGE('',*,*,#1781,.T.);
#2288=ORIENTED_EDGE('',*,*,#1782,.F.);
#2289=ORIENTED_EDGE('',*,*,#1783,.F.);
#2290=ORIENTED_EDGE('',*,*,#1784,.F.);
#2291=ORIENTED_EDGE('',*,*,#1785,.T.);
#2292=ORIENTED_EDGE('',*,*,#1786,.T.);
#2293=ORIENTED_EDGE('',*,*,#1787,.T.);
#2294=ORIENTED_EDGE('',*,*,#1788,.T.);
#2295=ORIENTED_EDGE('',*,*,#1789,.F.);
#2296=ORIENTED_EDGE('',*,*,#1751,.T.);
#2297=ORIENTED_EDGE('',*,*,#1790,.F.);
#2298=ORIENTED_EDGE('',*,*,#1791,.F.);
#2299=ORIENTED_EDGE('',*,*,#1792,.T.);
#2300=ORIENTED_EDGE('',*,*,#1793,.T.);
#2301=ORIENTED_EDGE('',*,*,#1794,.T.);
#2302=ORIENTED_EDGE('',*,*,#1795,.T.);
#2303=ORIENTED_EDGE('',*,*,#1796,.T.);
#2304=ORIENTED_EDGE('',*,*,#1797,.T.);
#2305=ORIENTED_EDGE('',*,*,#1798,.T.);
#2306=ORIENTED_EDGE('',*,*,#1799,.T.);
#2307=ORIENTED_EDGE('',*,*,#1800,.T.);
#2308=ORIENTED_EDGE('',*,*,#1801,.T.);
#2309=ORIENTED_EDGE('',*,*,#1802,.F.);
#2310=ORIENTED_EDGE('',*,*,#1803,.T.);
#2311=ORIENTED_EDGE('',*,*,#1804,.T.);
#2312=ORIENTED_EDGE('',*,*,#1805,.F.);
#2313=ORIENTED_EDGE('',*,*,#1806,.T.);
#2314=ORIENTED_EDGE('',*,*,#1807,.T.);
#2315=ORIENTED_EDGE('',*,*,#1808,.T.);
#2316=ORIENTED_EDGE('',*,*,#1809,.T.);
#2317=ORIENTED_EDGE('',*,*,#1810,.T.);
#2318=ORIENTED_EDGE('',*,*,#1811,.T.);
#2319=ORIENTED_EDGE('',*,*,#1812,.T.);
#2320=ORIENTED_EDGE('',*,*,#1813,.T.);
#2321=ORIENTED_EDGE('',*,*,#1814,.T.);
#2322=ORIENTED_EDGE('',*,*,#1772,.T.);
#2323=ORIENTED_EDGE('',*,*,#1773,.T.);
#2324=ORIENTED_EDGE('',*,*,#1740,.T.);
#2325=ORIENTED_EDGE('',*,*,#1743,.T.);
#2326=ORIENTED_EDGE('',*,*,#1815,.F.);
#2327=ORIENTED_EDGE('',*,*,#1816,.T.);
#2328=ORIENTED_EDGE('',*,*,#1817,.F.);
#2329=ORIENTED_EDGE('',*,*,#1818,.F.);
#2330=ORIENTED_EDGE('',*,*,#1730,.T.);
#2331=ORIENTED_EDGE('',*,*,#1736,.F.);
#2332=ORIENTED_EDGE('',*,*,#1819,.T.);
#2333=ORIENTED_EDGE('',*,*,#1820,.T.);
#2334=ORIENTED_EDGE('',*,*,#1731,.T.);
#2335=ORIENTED_EDGE('',*,*,#1820,.F.);
#2336=ORIENTED_EDGE('',*,*,#1815,.T.);
#2337=ORIENTED_EDGE('',*,*,#1737,.F.);
#2338=ORIENTED_EDGE('',*,*,#1816,.F.);
#2339=ORIENTED_EDGE('',*,*,#1819,.F.);
#2340=ORIENTED_EDGE('',*,*,#1776,.T.);
#2341=ORIENTED_EDGE('',*,*,#1821,.F.);
#2342=ORIENTED_EDGE('',*,*,#1774,.T.);
#2343=ORIENTED_EDGE('',*,*,#1738,.F.);
#2344=ORIENTED_EDGE('',*,*,#1818,.T.);
#2345=ORIENTED_EDGE('',*,*,#1822,.F.);
#2346=ORIENTED_EDGE('',*,*,#1823,.F.);
#2347=ORIENTED_EDGE('',*,*,#1824,.F.);
#2348=ORIENTED_EDGE('',*,*,#1825,.F.);
#2349=ORIENTED_EDGE('',*,*,#1826,.T.);
#2350=ORIENTED_EDGE('',*,*,#1827,.F.);
#2351=ORIENTED_EDGE('',*,*,#1828,.F.);
#2352=ORIENTED_EDGE('',*,*,#1829,.F.);
#2353=ORIENTED_EDGE('',*,*,#1830,.T.);
#2354=ORIENTED_EDGE('',*,*,#1831,.T.);
#2355=ORIENTED_EDGE('',*,*,#1832,.F.);
#2356=ORIENTED_EDGE('',*,*,#1833,.F.);
#2357=ORIENTED_EDGE('',*,*,#1834,.F.);
#2358=ORIENTED_EDGE('',*,*,#1782,.T.);
#2359=ORIENTED_EDGE('',*,*,#1835,.F.);
#2360=ORIENTED_EDGE('',*,*,#1833,.T.);
#2361=ORIENTED_EDGE('',*,*,#1836,.F.);
#2362=ORIENTED_EDGE('',*,*,#1837,.T.);
#2363=ORIENTED_EDGE('',*,*,#1838,.T.);
#2364=ORIENTED_EDGE('',*,*,#1828,.T.);
#2365=ORIENTED_EDGE('',*,*,#1839,.T.);
#2366=ORIENTED_EDGE('',*,*,#1839,.F.);
#2367=ORIENTED_EDGE('',*,*,#1840,.F.);
#2368=ORIENTED_EDGE('',*,*,#1841,.F.);
#2369=ORIENTED_EDGE('',*,*,#1783,.T.);
#2370=ORIENTED_EDGE('',*,*,#1834,.T.);
#2371=ORIENTED_EDGE('',*,*,#1836,.T.);
#2372=ORIENTED_EDGE('',*,*,#1835,.T.);
#2373=ORIENTED_EDGE('',*,*,#1781,.F.);
#2374=ORIENTED_EDGE('',*,*,#1842,.T.);
#2375=ORIENTED_EDGE('',*,*,#1769,.T.);
#2376=ORIENTED_EDGE('',*,*,#1752,.T.);
#2377=ORIENTED_EDGE('',*,*,#1789,.T.);
#2378=ORIENTED_EDGE('',*,*,#1843,.T.);
#2379=ORIENTED_EDGE('',*,*,#1844,.T.);
#2380=ORIENTED_EDGE('',*,*,#1845,.T.);
#2381=ORIENTED_EDGE('',*,*,#1846,.F.);
#2382=ORIENTED_EDGE('',*,*,#1824,.T.);
#2383=ORIENTED_EDGE('',*,*,#1847,.T.);
#2384=ORIENTED_EDGE('',*,*,#1848,.F.);
#2385=ORIENTED_EDGE('',*,*,#1849,.F.);
#2386=ORIENTED_EDGE('',*,*,#1790,.T.);
#2387=ORIENTED_EDGE('',*,*,#1750,.T.);
#2388=ORIENTED_EDGE('',*,*,#1755,.T.);
#2389=ORIENTED_EDGE('',*,*,#1768,.T.);
#2390=ORIENTED_EDGE('',*,*,#1759,.T.);
#2391=ORIENTED_EDGE('',*,*,#1763,.T.);
#2392=ORIENTED_EDGE('',*,*,#1766,.T.);
#2393=ORIENTED_EDGE('',*,*,#1850,.T.);
#2394=ORIENTED_EDGE('',*,*,#1851,.T.);
#2395=ORIENTED_EDGE('',*,*,#1852,.T.);
#2396=ORIENTED_EDGE('',*,*,#1853,.F.);
#2397=ORIENTED_EDGE('',*,*,#1854,.F.);
#2398=ORIENTED_EDGE('',*,*,#1855,.T.);
#2399=ORIENTED_EDGE('',*,*,#1853,.T.);
#2400=ORIENTED_EDGE('',*,*,#1856,.T.);
#2401=ORIENTED_EDGE('',*,*,#1805,.T.);
#2402=ORIENTED_EDGE('',*,*,#1857,.T.);
#2403=ORIENTED_EDGE('',*,*,#1858,.F.);
#2404=ORIENTED_EDGE('',*,*,#1859,.F.);
#2405=ORIENTED_EDGE('',*,*,#1860,.F.);
#2406=ORIENTED_EDGE('',*,*,#1861,.T.);
#2407=ORIENTED_EDGE('',*,*,#1862,.F.);
#2408=ORIENTED_EDGE('',*,*,#1831,.F.);
#2409=ORIENTED_EDGE('',*,*,#1863,.T.);
#2410=ORIENTED_EDGE('',*,*,#1864,.F.);
#2411=ORIENTED_EDGE('',*,*,#1865,.T.);
#2412=ORIENTED_EDGE('',*,*,#1866,.T.);
#2413=ORIENTED_EDGE('',*,*,#1867,.T.);
#2414=ORIENTED_EDGE('',*,*,#1844,.F.);
#2415=ORIENTED_EDGE('',*,*,#1868,.T.);
#2416=ORIENTED_EDGE('',*,*,#1869,.T.);
#2417=ORIENTED_EDGE('',*,*,#1866,.F.);
#2418=ORIENTED_EDGE('',*,*,#1870,.T.);
#2419=ORIENTED_EDGE('',*,*,#1807,.F.);
#2420=ORIENTED_EDGE('',*,*,#1870,.F.);
#2421=ORIENTED_EDGE('',*,*,#1865,.F.);
#2422=ORIENTED_EDGE('',*,*,#1871,.F.);
#2423=ORIENTED_EDGE('',*,*,#1808,.F.);
#2424=ORIENTED_EDGE('',*,*,#1871,.T.);
#2425=ORIENTED_EDGE('',*,*,#1864,.T.);
#2426=ORIENTED_EDGE('',*,*,#1872,.F.);
#2427=ORIENTED_EDGE('',*,*,#1777,.F.);
#2428=ORIENTED_EDGE('',*,*,#1806,.F.);
#2429=ORIENTED_EDGE('',*,*,#1856,.F.);
#2430=ORIENTED_EDGE('',*,*,#1852,.F.);
#2431=ORIENTED_EDGE('',*,*,#1873,.F.);
#2432=ORIENTED_EDGE('',*,*,#1861,.F.);
#2433=ORIENTED_EDGE('',*,*,#1869,.F.);
#2434=ORIENTED_EDGE('',*,*,#1874,.T.);
#2435=ORIENTED_EDGE('',*,*,#1875,.T.);
#2436=ORIENTED_EDGE('',*,*,#1876,.F.);
#2437=ORIENTED_EDGE('',*,*,#1785,.F.);
#2438=ORIENTED_EDGE('',*,*,#1876,.T.);
#2439=ORIENTED_EDGE('',*,*,#1877,.T.);
#2440=ORIENTED_EDGE('',*,*,#1878,.F.);
#2441=ORIENTED_EDGE('',*,*,#1786,.F.);
#2442=ORIENTED_EDGE('',*,*,#1879,.T.);
#2443=ORIENTED_EDGE('',*,*,#1880,.T.);
#2444=ORIENTED_EDGE('',*,*,#1881,.T.);
#2445=ORIENTED_EDGE('',*,*,#1882,.T.);
#2446=ORIENTED_EDGE('',*,*,#1883,.F.);
#2447=ORIENTED_EDGE('',*,*,#1884,.T.);
#2448=ORIENTED_EDGE('',*,*,#1881,.F.);
#2449=ORIENTED_EDGE('',*,*,#1885,.T.);
#2450=ORIENTED_EDGE('',*,*,#1886,.T.);
#2451=ORIENTED_EDGE('',*,*,#1887,.T.);
#2452=ORIENTED_EDGE('',*,*,#1888,.T.);
#2453=ORIENTED_EDGE('',*,*,#1883,.T.);
#2454=ORIENTED_EDGE('',*,*,#1889,.F.);
#2455=ORIENTED_EDGE('',*,*,#1890,.T.);
#2456=ORIENTED_EDGE('',*,*,#1891,.T.);
#2457=ORIENTED_EDGE('',*,*,#1890,.F.);
#2458=ORIENTED_EDGE('',*,*,#1879,.F.);
#2459=ORIENTED_EDGE('',*,*,#1892,.T.);
#2460=ORIENTED_EDGE('',*,*,#1893,.F.);
#2461=ORIENTED_EDGE('',*,*,#1894,.F.);
#2462=ORIENTED_EDGE('',*,*,#1895,.T.);
#2463=ORIENTED_EDGE('',*,*,#1896,.T.);
#2464=ORIENTED_EDGE('',*,*,#1895,.F.);
#2465=ORIENTED_EDGE('',*,*,#1897,.T.);
#2466=ORIENTED_EDGE('',*,*,#1898,.T.);
#2467=ORIENTED_EDGE('',*,*,#1887,.F.);
#2468=ORIENTED_EDGE('',*,*,#1899,.T.);
#2469=ORIENTED_EDGE('',*,*,#1888,.F.);
#2470=ORIENTED_EDGE('',*,*,#1898,.F.);
#2471=ORIENTED_EDGE('',*,*,#1900,.F.);
#2472=ORIENTED_EDGE('',*,*,#1901,.F.);
#2473=ORIENTED_EDGE('',*,*,#1882,.F.);
#2474=ORIENTED_EDGE('',*,*,#1884,.F.);
#2475=ORIENTED_EDGE('',*,*,#1902,.F.);
#2476=ORIENTED_EDGE('',*,*,#1903,.T.);
#2477=ORIENTED_EDGE('',*,*,#1904,.F.);
#2478=ORIENTED_EDGE('',*,*,#1905,.F.);
#2479=ORIENTED_EDGE('',*,*,#1906,.T.);
#2480=ORIENTED_EDGE('',*,*,#1907,.F.);
#2481=ORIENTED_EDGE('',*,*,#1908,.F.);
#2482=ORIENTED_EDGE('',*,*,#1909,.F.);
#2483=ORIENTED_EDGE('',*,*,#1908,.T.);
#2484=ORIENTED_EDGE('',*,*,#1910,.F.);
#2485=ORIENTED_EDGE('',*,*,#1911,.F.);
#2486=ORIENTED_EDGE('',*,*,#1880,.F.);
#2487=ORIENTED_EDGE('',*,*,#1885,.F.);
#2488=ORIENTED_EDGE('',*,*,#1911,.T.);
#2489=ORIENTED_EDGE('',*,*,#1912,.T.);
#2490=ORIENTED_EDGE('',*,*,#1913,.T.);
#2491=ORIENTED_EDGE('',*,*,#1914,.F.);
#2492=ORIENTED_EDGE('',*,*,#1915,.F.);
#2493=ORIENTED_EDGE('',*,*,#1886,.F.);
#2494=ORIENTED_EDGE('',*,*,#1913,.F.);
#2495=ORIENTED_EDGE('',*,*,#1916,.F.);
#2496=ORIENTED_EDGE('',*,*,#1917,.T.);
#2497=ORIENTED_EDGE('',*,*,#1918,.F.);
#2498=ORIENTED_EDGE('',*,*,#1906,.F.);
#2499=ORIENTED_EDGE('',*,*,#1767,.T.);
#2500=ORIENTED_EDGE('',*,*,#1764,.T.);
#2501=ORIENTED_EDGE('',*,*,#1761,.T.);
#2502=ORIENTED_EDGE('',*,*,#1770,.T.);
#2503=ORIENTED_EDGE('',*,*,#1919,.F.);
#2504=ORIENTED_EDGE('',*,*,#1920,.T.);
#2505=ORIENTED_EDGE('',*,*,#1894,.T.);
#2506=ORIENTED_EDGE('',*,*,#1920,.F.);
#2507=ORIENTED_EDGE('',*,*,#1921,.F.);
#2508=ORIENTED_EDGE('',*,*,#1922,.T.);
#2509=ORIENTED_EDGE('',*,*,#1889,.T.);
#2510=ORIENTED_EDGE('',*,*,#1922,.F.);
#2511=ORIENTED_EDGE('',*,*,#1923,.F.);
#2512=ORIENTED_EDGE('',*,*,#1924,.T.);
#2513=ORIENTED_EDGE('',*,*,#1925,.T.);
#2514=ORIENTED_EDGE('',*,*,#1924,.F.);
#2515=ORIENTED_EDGE('',*,*,#1891,.F.);
#2516=ORIENTED_EDGE('',*,*,#1926,.T.);
#2517=ORIENTED_EDGE('',*,*,#1851,.F.);
#2518=ORIENTED_EDGE('',*,*,#1926,.F.);
#2519=ORIENTED_EDGE('',*,*,#1927,.F.);
#2520=ORIENTED_EDGE('',*,*,#1928,.F.);
#2521=ORIENTED_EDGE('',*,*,#1929,.T.);
#2522=ORIENTED_EDGE('',*,*,#1930,.F.);
#2523=ORIENTED_EDGE('',*,*,#1909,.T.);
#2524=ORIENTED_EDGE('',*,*,#1893,.T.);
#2525=ORIENTED_EDGE('',*,*,#1931,.T.);
#2526=ORIENTED_EDGE('',*,*,#1932,.F.);
#2527=ORIENTED_EDGE('',*,*,#1905,.T.);
#2528=ORIENTED_EDGE('',*,*,#1930,.T.);
#2529=ORIENTED_EDGE('',*,*,#1933,.T.);
#2530=ORIENTED_EDGE('',*,*,#1934,.F.);
#2531=ORIENTED_EDGE('',*,*,#1916,.T.);
#2532=ORIENTED_EDGE('',*,*,#1932,.T.);
#2533=ORIENTED_EDGE('',*,*,#1935,.T.);
#2534=ORIENTED_EDGE('',*,*,#1936,.F.);
#2535=ORIENTED_EDGE('',*,*,#1937,.T.);
#2536=ORIENTED_EDGE('',*,*,#1934,.T.);
#2537=ORIENTED_EDGE('',*,*,#1901,.T.);
#2538=ORIENTED_EDGE('',*,*,#1903,.F.);
#2539=ORIENTED_EDGE('',*,*,#1938,.T.);
#2540=ORIENTED_EDGE('',*,*,#1892,.F.);
#2541=ORIENTED_EDGE('',*,*,#1896,.F.);
#2542=ORIENTED_EDGE('',*,*,#1939,.T.);
#2543=ORIENTED_EDGE('',*,*,#1855,.F.);
#2544=ORIENTED_EDGE('',*,*,#1939,.F.);
#2545=ORIENTED_EDGE('',*,*,#1899,.F.);
#2546=ORIENTED_EDGE('',*,*,#1915,.T.);
#2547=ORIENTED_EDGE('',*,*,#1940,.T.);
#2548=ORIENTED_EDGE('',*,*,#1941,.T.);
#2549=ORIENTED_EDGE('',*,*,#1904,.T.);
#2550=ORIENTED_EDGE('',*,*,#1900,.T.);
#2551=ORIENTED_EDGE('',*,*,#1897,.F.);
#2552=ORIENTED_EDGE('',*,*,#1942,.T.);
#2553=ORIENTED_EDGE('',*,*,#1943,.T.);
#2554=ORIENTED_EDGE('',*,*,#1936,.T.);
#2555=ORIENTED_EDGE('',*,*,#1944,.T.);
#2556=ORIENTED_EDGE('',*,*,#1902,.T.);
#2557=ORIENTED_EDGE('',*,*,#1937,.F.);
#2558=ORIENTED_EDGE('',*,*,#1945,.T.);
#2559=ORIENTED_EDGE('',*,*,#1946,.F.);
#2560=ORIENTED_EDGE('',*,*,#1917,.F.);
#2561=ORIENTED_EDGE('',*,*,#1947,.F.);
#2562=ORIENTED_EDGE('',*,*,#1948,.T.);
#2563=ORIENTED_EDGE('',*,*,#1949,.T.);
#2564=ORIENTED_EDGE('',*,*,#1948,.F.);
#2565=ORIENTED_EDGE('',*,*,#1925,.F.);
#2566=ORIENTED_EDGE('',*,*,#1950,.T.);
#2567=ORIENTED_EDGE('',*,*,#1951,.T.);
#2568=ORIENTED_EDGE('',*,*,#1950,.F.);
#2569=ORIENTED_EDGE('',*,*,#1952,.T.);
#2570=ORIENTED_EDGE('',*,*,#1953,.T.);
#2571=ORIENTED_EDGE('',*,*,#1954,.T.);
#2572=ORIENTED_EDGE('',*,*,#1953,.F.);
#2573=ORIENTED_EDGE('',*,*,#1918,.T.);
#2574=ORIENTED_EDGE('',*,*,#1946,.T.);
#2575=ORIENTED_EDGE('',*,*,#1955,.T.);
#2576=ORIENTED_EDGE('',*,*,#1940,.F.);
#2577=ORIENTED_EDGE('',*,*,#1914,.T.);
#2578=ORIENTED_EDGE('',*,*,#1912,.F.);
#2579=ORIENTED_EDGE('',*,*,#1910,.T.);
#2580=ORIENTED_EDGE('',*,*,#1907,.T.);
#2581=ORIENTED_EDGE('',*,*,#1775,.T.);
#2582=ORIENTED_EDGE('',*,*,#1822,.T.);
#2583=ORIENTED_EDGE('',*,*,#1817,.T.);
#2584=ORIENTED_EDGE('',*,*,#1821,.T.);
#2585=ORIENTED_EDGE('',*,*,#1923,.T.);
#2586=ORIENTED_EDGE('',*,*,#1952,.F.);
#2587=ORIENTED_EDGE('',*,*,#1956,.T.);
#2588=ORIENTED_EDGE('',*,*,#1957,.T.);
#2589=ORIENTED_EDGE('',*,*,#1921,.T.);
#2590=ORIENTED_EDGE('',*,*,#1958,.T.);
#2591=ORIENTED_EDGE('',*,*,#1959,.T.);
#2592=ORIENTED_EDGE('',*,*,#1919,.T.);
#2593=ORIENTED_EDGE('',*,*,#1947,.T.);
#2594=ORIENTED_EDGE('',*,*,#1960,.F.);
#2595=ORIENTED_EDGE('',*,*,#1858,.T.);
#2596=ORIENTED_EDGE('',*,*,#1961,.T.);
#2597=ORIENTED_EDGE('',*,*,#1962,.F.);
#2598=ORIENTED_EDGE('',*,*,#1963,.T.);
#2599=ORIENTED_EDGE('',*,*,#1964,.T.);
#2600=ORIENTED_EDGE('',*,*,#1927,.T.);
#2601=ORIENTED_EDGE('',*,*,#1964,.F.);
#2602=ORIENTED_EDGE('',*,*,#1965,.T.);
#2603=ORIENTED_EDGE('',*,*,#1966,.T.);
#2604=ORIENTED_EDGE('',*,*,#1928,.T.);
#2605=ORIENTED_EDGE('',*,*,#1966,.F.);
#2606=ORIENTED_EDGE('',*,*,#1938,.F.);
#2607=ORIENTED_EDGE('',*,*,#1944,.F.);
#2608=ORIENTED_EDGE('',*,*,#1935,.F.);
#2609=ORIENTED_EDGE('',*,*,#1933,.F.);
#2610=ORIENTED_EDGE('',*,*,#1931,.F.);
#2611=ORIENTED_EDGE('',*,*,#1929,.F.);
#2612=ORIENTED_EDGE('',*,*,#1967,.T.);
#2613=ORIENTED_EDGE('',*,*,#1968,.F.);
#2614=ORIENTED_EDGE('',*,*,#1969,.T.);
#2615=ORIENTED_EDGE('',*,*,#1970,.T.);
#2616=ORIENTED_EDGE('',*,*,#1971,.T.);
#2617=ORIENTED_EDGE('',*,*,#1972,.F.);
#2618=ORIENTED_EDGE('',*,*,#1973,.T.);
#2619=ORIENTED_EDGE('',*,*,#1974,.F.);
#2620=ORIENTED_EDGE('',*,*,#1829,.T.);
#2621=ORIENTED_EDGE('',*,*,#1975,.T.);
#2622=ORIENTED_EDGE('',*,*,#1976,.T.);
#2623=ORIENTED_EDGE('',*,*,#1859,.T.);
#2624=ORIENTED_EDGE('',*,*,#1960,.T.);
#2625=ORIENTED_EDGE('',*,*,#1977,.T.);
#2626=ORIENTED_EDGE('',*,*,#1978,.T.);
#2627=ORIENTED_EDGE('',*,*,#1955,.F.);
#2628=ORIENTED_EDGE('',*,*,#1945,.F.);
#2629=ORIENTED_EDGE('',*,*,#1943,.F.);
#2630=ORIENTED_EDGE('',*,*,#1942,.F.);
#2631=ORIENTED_EDGE('',*,*,#1941,.F.);
#2632=ORIENTED_EDGE('',*,*,#1949,.F.);
#2633=ORIENTED_EDGE('',*,*,#1979,.T.);
#2634=ORIENTED_EDGE('',*,*,#1980,.T.);
#2635=ORIENTED_EDGE('',*,*,#1979,.F.);
#2636=ORIENTED_EDGE('',*,*,#1951,.F.);
#2637=ORIENTED_EDGE('',*,*,#1981,.T.);
#2638=ORIENTED_EDGE('',*,*,#1757,.F.);
#2639=ORIENTED_EDGE('',*,*,#1981,.F.);
#2640=ORIENTED_EDGE('',*,*,#1956,.F.);
#2641=ORIENTED_EDGE('',*,*,#1982,.T.);
#2642=ORIENTED_EDGE('',*,*,#1814,.F.);
#2643=ORIENTED_EDGE('',*,*,#1982,.F.);
#2644=ORIENTED_EDGE('',*,*,#1957,.F.);
#2645=ORIENTED_EDGE('',*,*,#1983,.T.);
#2646=ORIENTED_EDGE('',*,*,#1813,.F.);
#2647=ORIENTED_EDGE('',*,*,#1983,.F.);
#2648=ORIENTED_EDGE('',*,*,#1812,.F.);
#2649=ORIENTED_EDGE('',*,*,#1984,.T.);
#2650=ORIENTED_EDGE('',*,*,#1954,.F.);
#2651=ORIENTED_EDGE('',*,*,#1984,.F.);
#2652=ORIENTED_EDGE('',*,*,#1958,.F.);
#2653=ORIENTED_EDGE('',*,*,#1985,.T.);
#2654=ORIENTED_EDGE('',*,*,#1811,.F.);
#2655=ORIENTED_EDGE('',*,*,#1985,.F.);
#2656=ORIENTED_EDGE('',*,*,#1959,.F.);
#2657=ORIENTED_EDGE('',*,*,#1986,.T.);
#2658=ORIENTED_EDGE('',*,*,#1810,.F.);
#2659=ORIENTED_EDGE('',*,*,#1986,.F.);
#2660=ORIENTED_EDGE('',*,*,#1809,.F.);
#2661=ORIENTED_EDGE('',*,*,#1987,.T.);
#2662=ORIENTED_EDGE('',*,*,#1850,.F.);
#2663=ORIENTED_EDGE('',*,*,#1987,.F.);
#2664=ORIENTED_EDGE('',*,*,#1842,.F.);
#2665=ORIENTED_EDGE('',*,*,#1780,.T.);
#2666=ORIENTED_EDGE('',*,*,#1988,.T.);
#2667=ORIENTED_EDGE('',*,*,#1837,.F.);
#2668=ORIENTED_EDGE('',*,*,#1779,.T.);
#2669=ORIENTED_EDGE('',*,*,#1989,.T.);
#2670=ORIENTED_EDGE('',*,*,#1975,.F.);
#2671=ORIENTED_EDGE('',*,*,#1838,.F.);
#2672=ORIENTED_EDGE('',*,*,#1988,.F.);
#2673=ORIENTED_EDGE('',*,*,#1778,.T.);
#2674=ORIENTED_EDGE('',*,*,#1872,.T.);
#2675=ORIENTED_EDGE('',*,*,#1863,.F.);
#2676=ORIENTED_EDGE('',*,*,#1830,.F.);
#2677=ORIENTED_EDGE('',*,*,#1976,.F.);
#2678=ORIENTED_EDGE('',*,*,#1989,.F.);
#2679=ORIENTED_EDGE('',*,*,#1961,.F.);
#2680=ORIENTED_EDGE('',*,*,#1857,.F.);
#2681=ORIENTED_EDGE('',*,*,#1804,.F.);
#2682=ORIENTED_EDGE('',*,*,#1990,.F.);
#2683=ORIENTED_EDGE('',*,*,#1991,.F.);
#2684=ORIENTED_EDGE('',*,*,#1977,.F.);
#2685=ORIENTED_EDGE('',*,*,#1962,.T.);
#2686=ORIENTED_EDGE('',*,*,#1990,.T.);
#2687=ORIENTED_EDGE('',*,*,#1803,.F.);
#2688=ORIENTED_EDGE('',*,*,#1799,.F.);
#2689=ORIENTED_EDGE('',*,*,#1992,.T.);
#2690=ORIENTED_EDGE('',*,*,#1993,.T.);
#2691=ORIENTED_EDGE('',*,*,#1994,.F.);
#2692=ORIENTED_EDGE('',*,*,#1798,.F.);
#2693=ORIENTED_EDGE('',*,*,#1995,.T.);
#2694=ORIENTED_EDGE('',*,*,#1996,.T.);
#2695=ORIENTED_EDGE('',*,*,#1992,.F.);
#2696=ORIENTED_EDGE('',*,*,#1794,.F.);
#2697=ORIENTED_EDGE('',*,*,#1997,.T.);
#2698=ORIENTED_EDGE('',*,*,#1998,.T.);
#2699=ORIENTED_EDGE('',*,*,#1999,.F.);
#2700=ORIENTED_EDGE('',*,*,#1793,.F.);
#2701=ORIENTED_EDGE('',*,*,#2000,.T.);
#2702=ORIENTED_EDGE('',*,*,#2001,.T.);
#2703=ORIENTED_EDGE('',*,*,#1997,.F.);
#2704=ORIENTED_EDGE('',*,*,#2002,.F.);
#2705=ORIENTED_EDGE('',*,*,#2003,.F.);
#2706=ORIENTED_EDGE('',*,*,#2004,.F.);
#2707=ORIENTED_EDGE('',*,*,#1998,.F.);
#2708=ORIENTED_EDGE('',*,*,#2001,.F.);
#2709=ORIENTED_EDGE('',*,*,#1963,.F.);
#2710=ORIENTED_EDGE('',*,*,#2005,.F.);
#2711=ORIENTED_EDGE('',*,*,#1795,.F.);
#2712=ORIENTED_EDGE('',*,*,#1999,.T.);
#2713=ORIENTED_EDGE('',*,*,#2004,.T.);
#2714=ORIENTED_EDGE('',*,*,#2006,.F.);
#2715=ORIENTED_EDGE('',*,*,#2007,.T.);
#2716=ORIENTED_EDGE('',*,*,#1995,.F.);
#2717=ORIENTED_EDGE('',*,*,#1797,.F.);
#2718=ORIENTED_EDGE('',*,*,#2008,.F.);
#2719=ORIENTED_EDGE('',*,*,#2009,.F.);
#2720=ORIENTED_EDGE('',*,*,#1993,.F.);
#2721=ORIENTED_EDGE('',*,*,#1996,.F.);
#2722=ORIENTED_EDGE('',*,*,#2007,.F.);
#2723=ORIENTED_EDGE('',*,*,#1965,.F.);
#2724=ORIENTED_EDGE('',*,*,#2010,.F.);
#2725=ORIENTED_EDGE('',*,*,#1800,.F.);
#2726=ORIENTED_EDGE('',*,*,#1994,.T.);
#2727=ORIENTED_EDGE('',*,*,#2009,.T.);
#2728=ORIENTED_EDGE('',*,*,#1792,.F.);
#2729=ORIENTED_EDGE('',*,*,#2011,.F.);
#2730=ORIENTED_EDGE('',*,*,#2002,.T.);
#2731=ORIENTED_EDGE('',*,*,#2000,.F.);
#2732=ORIENTED_EDGE('',*,*,#2012,.F.);
#2733=ORIENTED_EDGE('',*,*,#2013,.F.);
#2734=ORIENTED_EDGE('',*,*,#2014,.F.);
#2735=ORIENTED_EDGE('',*,*,#1973,.F.);
#2736=ORIENTED_EDGE('',*,*,#2015,.F.);
#2737=ORIENTED_EDGE('',*,*,#2016,.T.);
#2738=ORIENTED_EDGE('',*,*,#1974,.T.);
#2739=ORIENTED_EDGE('',*,*,#2014,.T.);
#2740=ORIENTED_EDGE('',*,*,#2016,.F.);
#2741=ORIENTED_EDGE('',*,*,#2017,.F.);
#2742=ORIENTED_EDGE('',*,*,#2018,.F.);
#2743=ORIENTED_EDGE('',*,*,#1967,.F.);
#2744=ORIENTED_EDGE('',*,*,#2019,.F.);
#2745=ORIENTED_EDGE('',*,*,#2020,.T.);
#2746=ORIENTED_EDGE('',*,*,#1968,.T.);
#2747=ORIENTED_EDGE('',*,*,#2018,.T.);
#2748=ORIENTED_EDGE('',*,*,#2020,.F.);
#2749=ORIENTED_EDGE('',*,*,#2021,.F.);
#2750=ORIENTED_EDGE('',*,*,#2022,.F.);
#2751=ORIENTED_EDGE('',*,*,#1969,.F.);
#2752=ORIENTED_EDGE('',*,*,#1970,.F.);
#2753=ORIENTED_EDGE('',*,*,#2022,.T.);
#2754=ORIENTED_EDGE('',*,*,#2023,.F.);
#2755=ORIENTED_EDGE('',*,*,#2024,.T.);
#2756=ORIENTED_EDGE('',*,*,#2025,.F.);
#2757=ORIENTED_EDGE('',*,*,#1971,.F.);
#2758=ORIENTED_EDGE('',*,*,#2024,.F.);
#2759=ORIENTED_EDGE('',*,*,#2026,.F.);
#2760=ORIENTED_EDGE('',*,*,#2027,.F.);
#2761=ORIENTED_EDGE('',*,*,#2012,.T.);
#2762=ORIENTED_EDGE('',*,*,#1972,.T.);
#2763=ORIENTED_EDGE('',*,*,#2025,.T.);
#2764=ORIENTED_EDGE('',*,*,#2028,.T.);
#2765=ORIENTED_EDGE('',*,*,#1832,.T.);
#2766=ORIENTED_EDGE('',*,*,#1862,.T.);
#2767=ORIENTED_EDGE('',*,*,#1873,.T.);
#2768=ORIENTED_EDGE('',*,*,#1854,.T.);
#2769=ORIENTED_EDGE('',*,*,#1860,.T.);
#2770=ORIENTED_EDGE('',*,*,#1978,.F.);
#2771=ORIENTED_EDGE('',*,*,#1991,.T.);
#2772=ORIENTED_EDGE('',*,*,#1802,.T.);
#2773=ORIENTED_EDGE('',*,*,#2029,.F.);
#2774=ORIENTED_EDGE('',*,*,#2030,.F.);
#2775=ORIENTED_EDGE('',*,*,#1827,.T.);
#2776=ORIENTED_EDGE('',*,*,#2031,.T.);
#2777=ORIENTED_EDGE('',*,*,#1840,.T.);
#2778=ORIENTED_EDGE('',*,*,#1980,.F.);
#2779=ORIENTED_EDGE('',*,*,#2032,.T.);
#2780=ORIENTED_EDGE('',*,*,#1868,.F.);
#2781=ORIENTED_EDGE('',*,*,#2032,.F.);
#2782=ORIENTED_EDGE('',*,*,#1784,.T.);
#2783=ORIENTED_EDGE('',*,*,#1841,.T.);
#2784=ORIENTED_EDGE('',*,*,#2031,.F.);
#2785=ORIENTED_EDGE('',*,*,#1826,.F.);
#2786=ORIENTED_EDGE('',*,*,#2033,.F.);
#2787=ORIENTED_EDGE('',*,*,#1874,.F.);
#2788=ORIENTED_EDGE('',*,*,#1878,.T.);
#2789=ORIENTED_EDGE('',*,*,#2034,.F.);
#2790=ORIENTED_EDGE('',*,*,#2035,.T.);
#2791=ORIENTED_EDGE('',*,*,#1787,.F.);
#2792=ORIENTED_EDGE('',*,*,#1843,.F.);
#2793=ORIENTED_EDGE('',*,*,#1788,.F.);
#2794=ORIENTED_EDGE('',*,*,#2035,.F.);
#2795=ORIENTED_EDGE('',*,*,#2036,.F.);
#2796=ORIENTED_EDGE('',*,*,#1845,.F.);
#2797=ORIENTED_EDGE('',*,*,#1867,.F.);
#2798=ORIENTED_EDGE('',*,*,#2011,.T.);
#2799=ORIENTED_EDGE('',*,*,#1791,.T.);
#2800=ORIENTED_EDGE('',*,*,#1849,.T.);
#2801=ORIENTED_EDGE('',*,*,#2037,.F.);
#2802=ORIENTED_EDGE('',*,*,#2029,.T.);
#2803=ORIENTED_EDGE('',*,*,#1801,.F.);
#2804=ORIENTED_EDGE('',*,*,#2010,.T.);
#2805=ORIENTED_EDGE('',*,*,#2008,.T.);
#2806=ORIENTED_EDGE('',*,*,#2006,.T.);
#2807=ORIENTED_EDGE('',*,*,#1796,.F.);
#2808=ORIENTED_EDGE('',*,*,#2005,.T.);
#2809=ORIENTED_EDGE('',*,*,#2003,.T.);
#2810=ORIENTED_EDGE('',*,*,#2027,.T.);
#2811=ORIENTED_EDGE('',*,*,#2026,.T.);
#2812=ORIENTED_EDGE('',*,*,#2023,.T.);
#2813=ORIENTED_EDGE('',*,*,#2021,.T.);
#2814=ORIENTED_EDGE('',*,*,#2019,.T.);
#2815=ORIENTED_EDGE('',*,*,#2017,.T.);
#2816=ORIENTED_EDGE('',*,*,#2015,.T.);
#2817=ORIENTED_EDGE('',*,*,#2013,.T.);
#2818=ORIENTED_EDGE('',*,*,#2030,.T.);
#2819=ORIENTED_EDGE('',*,*,#2037,.T.);
#2820=ORIENTED_EDGE('',*,*,#1848,.T.);
#2821=ORIENTED_EDGE('',*,*,#2038,.T.);
#2822=ORIENTED_EDGE('',*,*,#1823,.T.);
#2823=ORIENTED_EDGE('',*,*,#2028,.F.);
#2824=ORIENTED_EDGE('',*,*,#2038,.F.);
#2825=ORIENTED_EDGE('',*,*,#1847,.F.);
#2826=ORIENTED_EDGE('',*,*,#2036,.T.);
#2827=ORIENTED_EDGE('',*,*,#2034,.T.);
#2828=ORIENTED_EDGE('',*,*,#1877,.F.);
#2829=ORIENTED_EDGE('',*,*,#1875,.F.);
#2830=ORIENTED_EDGE('',*,*,#2033,.T.);
#2831=ORIENTED_EDGE('',*,*,#1825,.T.);
#2832=ORIENTED_EDGE('',*,*,#1846,.T.);
#2833=ORIENTED_EDGE('',*,*,#2039,.F.);
#2834=ORIENTED_EDGE('',*,*,#2040,.T.);
#2835=ORIENTED_EDGE('',*,*,#2041,.T.);
#2836=ORIENTED_EDGE('',*,*,#2042,.F.);
#2837=ORIENTED_EDGE('',*,*,#2043,.F.);
#2838=ORIENTED_EDGE('',*,*,#2044,.F.);
#2839=ORIENTED_EDGE('',*,*,#2045,.T.);
#2840=ORIENTED_EDGE('',*,*,#2040,.F.);
#2841=ORIENTED_EDGE('',*,*,#2046,.F.);
#2842=ORIENTED_EDGE('',*,*,#2047,.F.);
#2843=ORIENTED_EDGE('',*,*,#2048,.T.);
#2844=ORIENTED_EDGE('',*,*,#2044,.T.);
#2845=ORIENTED_EDGE('',*,*,#2049,.T.);
#2846=ORIENTED_EDGE('',*,*,#2050,.T.);
#2847=ORIENTED_EDGE('',*,*,#2051,.T.);
#2848=ORIENTED_EDGE('',*,*,#2052,.T.);
#2849=ORIENTED_EDGE('',*,*,#2053,.T.);
#2850=ORIENTED_EDGE('',*,*,#2049,.F.);
#2851=ORIENTED_EDGE('',*,*,#2054,.T.);
#2852=ORIENTED_EDGE('',*,*,#2047,.T.);
#2853=ORIENTED_EDGE('',*,*,#2042,.T.);
#2854=ORIENTED_EDGE('',*,*,#2055,.T.);
#2855=ORIENTED_EDGE('',*,*,#2051,.F.);
#2856=ORIENTED_EDGE('',*,*,#2056,.T.);
#2857=ORIENTED_EDGE('',*,*,#2039,.T.);
#2858=ORIENTED_EDGE('',*,*,#2056,.F.);
#2859=ORIENTED_EDGE('',*,*,#2050,.F.);
#2860=ORIENTED_EDGE('',*,*,#2053,.F.);
#2861=ORIENTED_EDGE('',*,*,#2046,.T.);
#2862=ORIENTED_EDGE('',*,*,#2043,.T.);
#2863=ORIENTED_EDGE('',*,*,#2048,.F.);
#2864=ORIENTED_EDGE('',*,*,#2054,.F.);
#2865=ORIENTED_EDGE('',*,*,#2057,.T.);
#2866=ORIENTED_EDGE('',*,*,#2058,.F.);
#2867=ORIENTED_EDGE('',*,*,#2059,.F.);
#2868=ORIENTED_EDGE('',*,*,#2052,.F.);
#2869=ORIENTED_EDGE('',*,*,#2060,.T.);
#2870=ORIENTED_EDGE('',*,*,#2061,.F.);
#2871=ORIENTED_EDGE('',*,*,#2057,.F.);
#2872=ORIENTED_EDGE('',*,*,#2041,.F.);
#2873=ORIENTED_EDGE('',*,*,#2062,.T.);
#2874=ORIENTED_EDGE('',*,*,#2063,.F.);
#2875=ORIENTED_EDGE('',*,*,#2060,.F.);
#2876=ORIENTED_EDGE('',*,*,#2055,.F.);
#2877=ORIENTED_EDGE('',*,*,#2045,.F.);
#2878=ORIENTED_EDGE('',*,*,#2059,.T.);
#2879=ORIENTED_EDGE('',*,*,#2064,.F.);
#2880=ORIENTED_EDGE('',*,*,#2062,.F.);
#2881=ORIENTED_EDGE('',*,*,#2065,.T.);
#2882=ORIENTED_EDGE('',*,*,#2066,.T.);
#2883=ORIENTED_EDGE('',*,*,#2067,.T.);
#2884=ORIENTED_EDGE('',*,*,#2061,.T.);
#2885=ORIENTED_EDGE('',*,*,#2068,.T.);
#2886=ORIENTED_EDGE('',*,*,#2069,.T.);
#2887=ORIENTED_EDGE('',*,*,#2065,.F.);
#2888=ORIENTED_EDGE('',*,*,#2063,.T.);
#2889=ORIENTED_EDGE('',*,*,#2070,.T.);
#2890=ORIENTED_EDGE('',*,*,#2071,.T.);
#2891=ORIENTED_EDGE('',*,*,#2068,.F.);
#2892=ORIENTED_EDGE('',*,*,#2064,.T.);
#2893=ORIENTED_EDGE('',*,*,#2067,.F.);
#2894=ORIENTED_EDGE('',*,*,#2072,.T.);
#2895=ORIENTED_EDGE('',*,*,#2070,.F.);
#2896=ORIENTED_EDGE('',*,*,#2058,.T.);
#2897=ORIENTED_EDGE('',*,*,#2073,.F.);
#2898=ORIENTED_EDGE('',*,*,#2074,.F.);
#2899=ORIENTED_EDGE('',*,*,#2075,.F.);
#2900=ORIENTED_EDGE('',*,*,#2076,.F.);
#2901=ORIENTED_EDGE('',*,*,#2066,.F.);
#2902=ORIENTED_EDGE('',*,*,#2069,.F.);
#2903=ORIENTED_EDGE('',*,*,#2071,.F.);
#2904=ORIENTED_EDGE('',*,*,#2072,.F.);
#2905=ORIENTED_EDGE('',*,*,#2077,.T.);
#2906=ORIENTED_EDGE('',*,*,#2078,.T.);
#2907=ORIENTED_EDGE('',*,*,#2079,.T.);
#2908=ORIENTED_EDGE('',*,*,#2080,.T.);
#2909=ORIENTED_EDGE('',*,*,#2081,.T.);
#2910=ORIENTED_EDGE('',*,*,#2082,.T.);
#2911=ORIENTED_EDGE('',*,*,#2077,.F.);
#2912=ORIENTED_EDGE('',*,*,#2083,.T.);
#2913=ORIENTED_EDGE('',*,*,#2084,.T.);
#2914=ORIENTED_EDGE('',*,*,#2085,.T.);
#2915=ORIENTED_EDGE('',*,*,#2081,.F.);
#2916=ORIENTED_EDGE('',*,*,#2086,.T.);
#2917=ORIENTED_EDGE('',*,*,#2079,.F.);
#2918=ORIENTED_EDGE('',*,*,#2087,.T.);
#2919=ORIENTED_EDGE('',*,*,#2084,.F.);
#2920=ORIENTED_EDGE('',*,*,#2088,.T.);
#2921=ORIENTED_EDGE('',*,*,#2083,.F.);
#2922=ORIENTED_EDGE('',*,*,#2089,.F.);
#2923=ORIENTED_EDGE('',*,*,#2074,.T.);
#2924=ORIENTED_EDGE('',*,*,#2090,.T.);
#2925=ORIENTED_EDGE('',*,*,#2080,.F.);
#2926=ORIENTED_EDGE('',*,*,#2091,.F.);
#2927=ORIENTED_EDGE('',*,*,#2075,.T.);
#2928=ORIENTED_EDGE('',*,*,#2089,.T.);
#2929=ORIENTED_EDGE('',*,*,#2078,.F.);
#2930=ORIENTED_EDGE('',*,*,#2082,.F.);
#2931=ORIENTED_EDGE('',*,*,#2085,.F.);
#2932=ORIENTED_EDGE('',*,*,#2087,.F.);
#2933=ORIENTED_EDGE('',*,*,#2088,.F.);
#2934=ORIENTED_EDGE('',*,*,#2092,.F.);
#2935=ORIENTED_EDGE('',*,*,#2076,.T.);
#2936=ORIENTED_EDGE('',*,*,#2091,.T.);
#2937=ORIENTED_EDGE('',*,*,#2086,.F.);
#2938=ORIENTED_EDGE('',*,*,#2090,.F.);
#2939=ORIENTED_EDGE('',*,*,#2073,.T.);
#2940=ORIENTED_EDGE('',*,*,#2092,.T.);
#2941=ORIENTED_EDGE('',*,*,#2093,.F.);
#2942=ORIENTED_EDGE('',*,*,#2094,.F.);
#2943=ORIENTED_EDGE('',*,*,#2095,.F.);
#2944=ORIENTED_EDGE('',*,*,#2096,.F.);
#2945=ORIENTED_EDGE('',*,*,#2097,.F.);
#2946=ORIENTED_EDGE('',*,*,#2098,.F.);
#2947=ORIENTED_EDGE('',*,*,#2099,.F.);
#2948=ORIENTED_EDGE('',*,*,#2100,.F.);
#2949=ORIENTED_EDGE('',*,*,#2100,.T.);
#2950=ORIENTED_EDGE('',*,*,#2101,.F.);
#2951=ORIENTED_EDGE('',*,*,#2102,.F.);
#2952=ORIENTED_EDGE('',*,*,#2103,.T.);
#2953=ORIENTED_EDGE('',*,*,#2099,.T.);
#2954=ORIENTED_EDGE('',*,*,#2104,.F.);
#2955=ORIENTED_EDGE('',*,*,#2105,.F.);
#2956=ORIENTED_EDGE('',*,*,#2101,.T.);
#2957=ORIENTED_EDGE('',*,*,#2096,.T.);
#2958=ORIENTED_EDGE('',*,*,#2106,.F.);
#2959=ORIENTED_EDGE('',*,*,#2107,.F.);
#2960=ORIENTED_EDGE('',*,*,#2108,.T.);
#2961=ORIENTED_EDGE('',*,*,#2095,.T.);
#2962=ORIENTED_EDGE('',*,*,#2109,.F.);
#2963=ORIENTED_EDGE('',*,*,#2110,.F.);
#2964=ORIENTED_EDGE('',*,*,#2106,.T.);
#2965=ORIENTED_EDGE('',*,*,#2098,.T.);
#2966=ORIENTED_EDGE('',*,*,#2111,.F.);
#2967=ORIENTED_EDGE('',*,*,#2112,.F.);
#2968=ORIENTED_EDGE('',*,*,#2104,.T.);
#2969=ORIENTED_EDGE('',*,*,#2097,.T.);
#2970=ORIENTED_EDGE('',*,*,#2103,.F.);
#2971=ORIENTED_EDGE('',*,*,#2113,.F.);
#2972=ORIENTED_EDGE('',*,*,#2111,.T.);
#2973=ORIENTED_EDGE('',*,*,#2094,.T.);
#2974=ORIENTED_EDGE('',*,*,#2114,.F.);
#2975=ORIENTED_EDGE('',*,*,#2115,.F.);
#2976=ORIENTED_EDGE('',*,*,#2109,.T.);
#2977=ORIENTED_EDGE('',*,*,#2093,.T.);
#2978=ORIENTED_EDGE('',*,*,#2108,.F.);
#2979=ORIENTED_EDGE('',*,*,#2116,.F.);
#2980=ORIENTED_EDGE('',*,*,#2114,.T.);
#2981=ORIENTED_EDGE('',*,*,#2117,.T.);
#2982=ORIENTED_EDGE('',*,*,#2118,.T.);
#2983=ORIENTED_EDGE('',*,*,#2119,.T.);
#2984=ORIENTED_EDGE('',*,*,#2105,.T.);
#2985=ORIENTED_EDGE('',*,*,#2120,.T.);
#2986=ORIENTED_EDGE('',*,*,#2121,.T.);
#2987=ORIENTED_EDGE('',*,*,#2117,.F.);
#2988=ORIENTED_EDGE('',*,*,#2112,.T.);
#2989=ORIENTED_EDGE('',*,*,#2122,.T.);
#2990=ORIENTED_EDGE('',*,*,#2123,.T.);
#2991=ORIENTED_EDGE('',*,*,#2120,.F.);
#2992=ORIENTED_EDGE('',*,*,#2113,.T.);
#2993=ORIENTED_EDGE('',*,*,#2119,.F.);
#2994=ORIENTED_EDGE('',*,*,#2124,.T.);
#2995=ORIENTED_EDGE('',*,*,#2122,.F.);
#2996=ORIENTED_EDGE('',*,*,#2102,.T.);
#2997=ORIENTED_EDGE('',*,*,#2116,.T.);
#2998=ORIENTED_EDGE('',*,*,#2107,.T.);
#2999=ORIENTED_EDGE('',*,*,#2110,.T.);
#3000=ORIENTED_EDGE('',*,*,#2115,.T.);
#3001=ORIENTED_EDGE('',*,*,#2118,.F.);
#3002=ORIENTED_EDGE('',*,*,#2121,.F.);
#3003=ORIENTED_EDGE('',*,*,#2123,.F.);
#3004=ORIENTED_EDGE('',*,*,#2124,.F.);
#3005=ORIENTED_EDGE('',*,*,#2125,.F.);
#3006=ORIENTED_EDGE('',*,*,#2126,.F.);
#3007=ORIENTED_EDGE('',*,*,#2127,.T.);
#3008=ORIENTED_EDGE('',*,*,#2128,.T.);
#3009=ORIENTED_EDGE('',*,*,#2127,.F.);
#3010=ORIENTED_EDGE('',*,*,#2128,.F.);
#3011=ORIENTED_EDGE('',*,*,#2129,.F.);
#3012=ORIENTED_EDGE('',*,*,#2130,.F.);
#3013=ORIENTED_EDGE('',*,*,#2131,.T.);
#3014=ORIENTED_EDGE('',*,*,#2132,.T.);
#3015=ORIENTED_EDGE('',*,*,#2131,.F.);
#3016=ORIENTED_EDGE('',*,*,#2132,.F.);
#3017=ORIENTED_EDGE('',*,*,#2133,.F.);
#3018=ORIENTED_EDGE('',*,*,#2134,.F.);
#3019=ORIENTED_EDGE('',*,*,#2135,.T.);
#3020=ORIENTED_EDGE('',*,*,#2136,.T.);
#3021=ORIENTED_EDGE('',*,*,#2135,.F.);
#3022=ORIENTED_EDGE('',*,*,#2136,.F.);
#3023=ORIENTED_EDGE('',*,*,#2137,.F.);
#3024=ORIENTED_EDGE('',*,*,#2138,.F.);
#3025=ORIENTED_EDGE('',*,*,#2139,.T.);
#3026=ORIENTED_EDGE('',*,*,#2140,.T.);
#3027=ORIENTED_EDGE('',*,*,#2139,.F.);
#3028=ORIENTED_EDGE('',*,*,#2140,.F.);
#3029=ORIENTED_EDGE('',*,*,#2141,.F.);
#3030=ORIENTED_EDGE('',*,*,#2142,.F.);
#3031=ORIENTED_EDGE('',*,*,#2143,.T.);
#3032=ORIENTED_EDGE('',*,*,#2144,.T.);
#3033=ORIENTED_EDGE('',*,*,#2143,.F.);
#3034=ORIENTED_EDGE('',*,*,#2144,.F.);
#3035=ORIENTED_EDGE('',*,*,#2145,.F.);
#3036=ORIENTED_EDGE('',*,*,#2146,.F.);
#3037=ORIENTED_EDGE('',*,*,#2147,.T.);
#3038=ORIENTED_EDGE('',*,*,#2148,.T.);
#3039=ORIENTED_EDGE('',*,*,#2147,.F.);
#3040=ORIENTED_EDGE('',*,*,#2148,.F.);
#3041=ORIENTED_EDGE('',*,*,#2149,.F.);
#3042=ORIENTED_EDGE('',*,*,#2150,.F.);
#3043=ORIENTED_EDGE('',*,*,#2151,.T.);
#3044=ORIENTED_EDGE('',*,*,#2152,.T.);
#3045=ORIENTED_EDGE('',*,*,#2151,.F.);
#3046=ORIENTED_EDGE('',*,*,#2152,.F.);
#3047=ORIENTED_EDGE('',*,*,#2153,.F.);
#3048=ORIENTED_EDGE('',*,*,#2154,.T.);
#3049=ORIENTED_EDGE('',*,*,#2155,.T.);
#3050=ORIENTED_EDGE('',*,*,#2154,.F.);
#3051=ORIENTED_EDGE('',*,*,#2155,.F.);
#3052=ORIENTED_EDGE('',*,*,#2156,.F.);
#3053=ORIENTED_EDGE('',*,*,#2157,.F.);
#3054=ORIENTED_EDGE('',*,*,#2158,.T.);
#3055=ORIENTED_EDGE('',*,*,#2159,.T.);
#3056=ORIENTED_EDGE('',*,*,#2158,.F.);
#3057=ORIENTED_EDGE('',*,*,#2159,.F.);
#3058=ORIENTED_EDGE('',*,*,#2160,.F.);
#3059=ORIENTED_EDGE('',*,*,#2161,.F.);
#3060=ORIENTED_EDGE('',*,*,#2162,.F.);
#3061=ORIENTED_EDGE('',*,*,#2163,.F.);
#3062=ORIENTED_EDGE('',*,*,#2164,.F.);
#3063=ORIENTED_EDGE('',*,*,#2125,.T.);
#3064=ORIENTED_EDGE('',*,*,#2126,.T.);
#3065=ORIENTED_EDGE('',*,*,#2129,.T.);
#3066=ORIENTED_EDGE('',*,*,#2130,.T.);
#3067=ORIENTED_EDGE('',*,*,#2133,.T.);
#3068=ORIENTED_EDGE('',*,*,#2134,.T.);
#3069=ORIENTED_EDGE('',*,*,#2137,.T.);
#3070=ORIENTED_EDGE('',*,*,#2138,.T.);
#3071=ORIENTED_EDGE('',*,*,#2141,.T.);
#3072=ORIENTED_EDGE('',*,*,#2142,.T.);
#3073=ORIENTED_EDGE('',*,*,#2145,.T.);
#3074=ORIENTED_EDGE('',*,*,#2146,.T.);
#3075=ORIENTED_EDGE('',*,*,#2149,.T.);
#3076=ORIENTED_EDGE('',*,*,#2150,.T.);
#3077=ORIENTED_EDGE('',*,*,#2165,.F.);
#3078=ORIENTED_EDGE('',*,*,#2166,.T.);
#3079=ORIENTED_EDGE('',*,*,#2167,.F.);
#3080=ORIENTED_EDGE('',*,*,#2168,.F.);
#3081=ORIENTED_EDGE('',*,*,#2169,.F.);
#3082=ORIENTED_EDGE('',*,*,#2170,.T.);
#3083=ORIENTED_EDGE('',*,*,#2171,.F.);
#3084=ORIENTED_EDGE('',*,*,#2166,.F.);
#3085=ORIENTED_EDGE('',*,*,#2172,.F.);
#3086=ORIENTED_EDGE('',*,*,#2173,.F.);
#3087=ORIENTED_EDGE('',*,*,#2174,.F.);
#3088=ORIENTED_EDGE('',*,*,#2170,.F.);
#3089=ORIENTED_EDGE('',*,*,#2175,.F.);
#3090=ORIENTED_EDGE('',*,*,#2176,.T.);
#3091=ORIENTED_EDGE('',*,*,#2177,.F.);
#3092=ORIENTED_EDGE('',*,*,#2178,.F.);
#3093=ORIENTED_EDGE('',*,*,#2179,.F.);
#3094=ORIENTED_EDGE('',*,*,#2180,.T.);
#3095=ORIENTED_EDGE('',*,*,#2181,.F.);
#3096=ORIENTED_EDGE('',*,*,#2176,.F.);
#3097=ORIENTED_EDGE('',*,*,#2182,.F.);
#3098=ORIENTED_EDGE('',*,*,#2183,.F.);
#3099=ORIENTED_EDGE('',*,*,#2184,.F.);
#3100=ORIENTED_EDGE('',*,*,#2180,.F.);
#3101=ORIENTED_EDGE('',*,*,#2162,.T.);
#3102=ORIENTED_EDGE('',*,*,#2185,.T.);
#3103=ORIENTED_EDGE('',*,*,#2186,.T.);
#3104=ORIENTED_EDGE('',*,*,#2187,.T.);
#3105=ORIENTED_EDGE('',*,*,#2157,.T.);
#3106=ORIENTED_EDGE('',*,*,#2173,.T.);
#3107=ORIENTED_EDGE('',*,*,#2188,.T.);
#3108=ORIENTED_EDGE('',*,*,#2189,.F.);
#3109=ORIENTED_EDGE('',*,*,#2190,.F.);
#3110=ORIENTED_EDGE('',*,*,#2163,.T.);
#3111=ORIENTED_EDGE('',*,*,#2187,.F.);
#3112=ORIENTED_EDGE('',*,*,#2191,.F.);
#3113=ORIENTED_EDGE('',*,*,#2177,.T.);
#3114=ORIENTED_EDGE('',*,*,#2181,.T.);
#3115=ORIENTED_EDGE('',*,*,#2184,.T.);
#3116=ORIENTED_EDGE('',*,*,#2192,.F.);
#3117=ORIENTED_EDGE('',*,*,#2193,.T.);
#3118=ORIENTED_EDGE('',*,*,#2194,.T.);
#3119=ORIENTED_EDGE('',*,*,#2167,.T.);
#3120=ORIENTED_EDGE('',*,*,#2171,.T.);
#3121=ORIENTED_EDGE('',*,*,#2174,.T.);
#3122=ORIENTED_EDGE('',*,*,#2190,.T.);
#3123=ORIENTED_EDGE('',*,*,#2195,.F.);
#3124=ORIENTED_EDGE('',*,*,#2178,.T.);
#3125=ORIENTED_EDGE('',*,*,#2191,.T.);
#3126=ORIENTED_EDGE('',*,*,#2186,.F.);
#3127=ORIENTED_EDGE('',*,*,#2196,.F.);
#3128=ORIENTED_EDGE('',*,*,#2160,.T.);
#3129=ORIENTED_EDGE('',*,*,#2197,.T.);
#3130=ORIENTED_EDGE('',*,*,#2198,.T.);
#3131=ORIENTED_EDGE('',*,*,#2197,.F.);
#3132=ORIENTED_EDGE('',*,*,#2156,.T.);
#3133=ORIENTED_EDGE('',*,*,#2199,.T.);
#3134=ORIENTED_EDGE('',*,*,#2200,.T.);
#3135=ORIENTED_EDGE('',*,*,#2199,.F.);
#3136=ORIENTED_EDGE('',*,*,#2168,.T.);
#3137=ORIENTED_EDGE('',*,*,#2194,.F.);
#3138=ORIENTED_EDGE('',*,*,#2201,.T.);
#3139=ORIENTED_EDGE('',*,*,#2202,.T.);
#3140=ORIENTED_EDGE('',*,*,#2183,.T.);
#3141=ORIENTED_EDGE('',*,*,#2203,.F.);
#3142=ORIENTED_EDGE('',*,*,#2204,.T.);
#3143=ORIENTED_EDGE('',*,*,#2192,.T.);
#3144=ORIENTED_EDGE('',*,*,#2161,.T.);
#3145=ORIENTED_EDGE('',*,*,#2205,.F.);
#3146=ORIENTED_EDGE('',*,*,#2188,.F.);
#3147=ORIENTED_EDGE('',*,*,#2172,.T.);
#3148=ORIENTED_EDGE('',*,*,#2169,.T.);
#3149=ORIENTED_EDGE('',*,*,#2165,.T.);
#3150=ORIENTED_EDGE('',*,*,#2202,.F.);
#3151=ORIENTED_EDGE('',*,*,#2206,.T.);
#3152=ORIENTED_EDGE('',*,*,#2203,.T.);
#3153=ORIENTED_EDGE('',*,*,#2182,.T.);
#3154=ORIENTED_EDGE('',*,*,#2179,.T.);
#3155=ORIENTED_EDGE('',*,*,#2175,.T.);
#3156=ORIENTED_EDGE('',*,*,#2196,.T.);
#3157=ORIENTED_EDGE('',*,*,#2185,.F.);
#3158=ORIENTED_EDGE('',*,*,#2164,.T.);
#3159=ORIENTED_EDGE('',*,*,#2195,.T.);
#3160=ORIENTED_EDGE('',*,*,#2189,.T.);
#3161=ORIENTED_EDGE('',*,*,#2205,.T.);
#3162=ORIENTED_EDGE('',*,*,#2153,.T.);
#3163=ORIENTED_EDGE('',*,*,#2206,.F.);
#3164=ORIENTED_EDGE('',*,*,#2201,.F.);
#3165=ORIENTED_EDGE('',*,*,#2193,.F.);
#3166=ORIENTED_EDGE('',*,*,#2204,.F.);
#3167=ORIENTED_EDGE('',*,*,#2200,.F.);
#3168=ORIENTED_EDGE('',*,*,#2198,.F.);
#3169=PLANE('',#3529);
#3170=PLANE('',#3534);
#3171=PLANE('',#3537);
#3172=PLANE('',#3540);
#3173=PLANE('',#3546);
#3174=PLANE('',#3548);
#3175=PLANE('',#3549);
#3176=PLANE('',#3553);
#3177=PLANE('',#3558);
#3178=PLANE('',#3561);
#3179=PLANE('',#3562);
#3180=PLANE('',#3571);
#3181=PLANE('',#3574);
#3182=PLANE('',#3579);
#3183=PLANE('',#3580);
#3184=PLANE('',#3581);
#3185=PLANE('',#3582);
#3186=PLANE('',#3583);
#3187=PLANE('',#3584);
#3188=PLANE('',#3585);
#3189=PLANE('',#3588);
#3190=PLANE('',#3591);
#3191=PLANE('',#3592);
#3192=PLANE('',#3594);
#3193=PLANE('',#3597);
#3194=PLANE('',#3598);
#3195=PLANE('',#3599);
#3196=PLANE('',#3601);
#3197=PLANE('',#3602);
#3198=PLANE('',#3623);
#3199=PLANE('',#3631);
#3200=PLANE('',#3634);
#3201=PLANE('',#3635);
#3202=PLANE('',#3644);
#3203=PLANE('',#3646);
#3204=PLANE('',#3675);
#3205=PLANE('',#3680);
#3206=PLANE('',#3685);
#3207=PLANE('',#3690);
#3208=PLANE('',#3691);
#3209=PLANE('',#3692);
#3210=PLANE('',#3702);
#3211=PLANE('',#3703);
#3212=PLANE('',#3704);
#3213=PLANE('',#3705);
#3214=PLANE('',#3706);
#3215=PLANE('',#3707);
#3216=PLANE('',#3708);
#3217=PLANE('',#3709);
#3218=PLANE('',#3710);
#3219=PLANE('',#3711);
#3220=PLANE('',#3712);
#3221=PLANE('',#3713);
#3222=PLANE('',#3714);
#3223=PLANE('',#3715);
#3224=PLANE('',#3716);
#3225=PLANE('',#3717);
#3226=PLANE('',#3720);
#3227=PLANE('',#3723);
#3228=PLANE('',#3726);
#3229=PLANE('',#3729);
#3230=PLANE('',#3730);
#3231=PLANE('',#3732);
#3232=PLANE('',#3733);
#3233=PLANE('',#3736);
#3234=PLANE('',#3737);
#3235=PLANE('',#3738);
#3236=PLANE('',#3739);
#3237=PLANE('',#3741);
#3238=PLANE('',#3742);
#3239=PLANE('',#3749);
#3240=PLANE('',#3752);
#3241=PLANE('',#3755);
#3242=PLANE('',#3756);
#3243=PLANE('',#3759);
#3244=PLANE('',#3762);
#3245=PLANE('',#3765);
#3246=PLANE('',#3769);
#3247=PLANE('',#3774);
#3248=PLANE('',#3775);
#3249=PLANE('',#3777);
#3250=PLANE('',#3779);
#3251=PLANE('',#3786);
#3252=PLANE('',#3787);
#3253=PLANE('',#3792);
#3254=PLANE('',#3793);
#3255=PLANE('',#3796);
#3256=PLANE('',#3799);
#3257=PLANE('',#3802);
#3258=PLANE('',#3806);
#3259=PLANE('',#3809);
#3260=PLANE('',#3812);
#3261=PLANE('',#3815);
#3262=PLANE('',#3818);
#3263=PLANE('',#3821);
#3264=PLANE('',#3824);
#3265=PLANE('',#3828);
#3266=PLANE('',#3833);
#3267=PLANE('',#3838);
#3268=PLANE('',#3839);
#3269=PLANE('',#3840);
#3270=PLANE('',#3841);
#3271=PLANE('',#3842);
#3272=PLANE('',#3843);
#3273=PLANE('',#3844);
#3274=PLANE('',#3845);
#3275=PLANE('',#3846);
#3276=PLANE('',#3847);
#3277=PLANE('',#3852);
#3278=PLANE('',#3853);
#3279=PLANE('',#3854);
#3280=PLANE('',#3855);
#3281=PLANE('',#3856);
#3282=ADVANCED_FACE('',(#196,#153),#3169,.T.);
#3283=ADVANCED_FACE('',(#197),#3170,.F.);
#3284=ADVANCED_FACE('',(#198),#93,.F.);
#3285=ADVANCED_FACE('',(#199),#3171,.T.);
#3286=ADVANCED_FACE('',(#200),#94,.T.);
#3287=ADVANCED_FACE('',(#201),#3172,.T.);
#3288=ADVANCED_FACE('',(#202),#95,.T.);
#3289=ADVANCED_FACE('',(#203,#154),#3173,.F.);
#3290=ADVANCED_FACE('',(#204),#3174,.T.);
#3291=ADVANCED_FACE('',(#205),#3175,.F.);
#3292=ADVANCED_FACE('',(#206),#96,.F.);
#3293=ADVANCED_FACE('',(#207),#3176,.F.);
#3294=ADVANCED_FACE('',(#208),#97,.F.);
#3295=ADVANCED_FACE('',(#209),#3177,.T.);
#3296=ADVANCED_FACE('',(#210),#98,.T.);
#3297=ADVANCED_FACE('',(#211),#3178,.F.);
#3298=ADVANCED_FACE('',(#212,#155,#156,#157,#158,#159,#160,#161),#3179,
 .F.);
#3299=ADVANCED_FACE('',(#213),#3180,.F.);
#3300=ADVANCED_FACE('',(#214),#99,.F.);
#3301=ADVANCED_FACE('',(#215),#3181,.F.);
#3302=ADVANCED_FACE('',(#216),#59,.F.);
#3303=ADVANCED_FACE('',(#217),#60,.F.);
#3304=ADVANCED_FACE('',(#218),#3182,.T.);
#3305=ADVANCED_FACE('',(#219),#3183,.T.);
#3306=ADVANCED_FACE('',(#220),#3184,.F.);
#3307=ADVANCED_FACE('',(#221),#3185,.T.);
#3308=ADVANCED_FACE('',(#222),#3186,.T.);
#3309=ADVANCED_FACE('',(#223),#3187,.F.);
#3310=ADVANCED_FACE('',(#224,#162),#3188,.F.);
#3311=ADVANCED_FACE('',(#225,#163),#3189,.T.);
#3312=ADVANCED_FACE('',(#226),#3190,.F.);
#3313=ADVANCED_FACE('',(#227),#3191,.F.);
#3314=ADVANCED_FACE('',(#228,#164),#3192,.T.);
#3315=ADVANCED_FACE('',(#229),#3193,.F.);
#3316=ADVANCED_FACE('',(#230),#3194,.F.);
#3317=ADVANCED_FACE('',(#231),#3195,.T.);
#3318=ADVANCED_FACE('',(#232),#100,.T.);
#3319=ADVANCED_FACE('',(#233),#3196,.T.);
#3320=ADVANCED_FACE('',(#234),#3197,.T.);
#3321=ADVANCED_FACE('',(#235),#101,.T.);
#3322=ADVANCED_FACE('',(#236),#55,.F.);
#3323=ADVANCED_FACE('',(#237),#102,.T.);
#3324=ADVANCED_FACE('',(#238),#61,.F.);
#3325=ADVANCED_FACE('',(#239),#49,.T.);
#3326=ADVANCED_FACE('',(#240),#62,.F.);
#3327=ADVANCED_FACE('',(#241),#56,.F.);
#3328=ADVANCED_FACE('',(#242),#3198,.T.);
#3329=ADVANCED_FACE('',(#243),#50,.T.);
#3330=ADVANCED_FACE('',(#244),#103,.T.);
#3331=ADVANCED_FACE('',(#245),#3199,.T.);
#3332=ADVANCED_FACE('',(#246),#104,.T.);
#3333=ADVANCED_FACE('',(#247),#3200,.T.);
#3334=ADVANCED_FACE('',(#248,#165),#3201,.T.);
#3335=ADVANCED_FACE('',(#249),#105,.F.);
#3336=ADVANCED_FACE('',(#250),#106,.F.);
#3337=ADVANCED_FACE('',(#251),#107,.F.);
#3338=ADVANCED_FACE('',(#252),#108,.F.);
#3339=ADVANCED_FACE('',(#253),#3202,.T.);
#3340=ADVANCED_FACE('',(#254),#3203,.T.);
#3341=ADVANCED_FACE('',(#255),#109,.T.);
#3342=ADVANCED_FACE('',(#256),#47,.T.);
#3343=ADVANCED_FACE('',(#257),#110,.T.);
#3344=ADVANCED_FACE('',(#258),#48,.T.);
#3345=ADVANCED_FACE('',(#259),#111,.T.);
#3346=ADVANCED_FACE('',(#260),#112,.F.);
#3347=ADVANCED_FACE('',(#261),#113,.T.);
#3348=ADVANCED_FACE('',(#262),#114,.T.);
#3349=ADVANCED_FACE('',(#263),#115,.T.);
#3350=ADVANCED_FACE('',(#264),#116,.T.);
#3351=ADVANCED_FACE('',(#265),#117,.F.);
#3352=ADVANCED_FACE('',(#266),#63,.F.);
#3353=ADVANCED_FACE('',(#267),#64,.F.);
#3354=ADVANCED_FACE('',(#268,#166,#167,#168,#169,#170,#171,#172,#173,#174,
#175),#3204,.T.);
#3355=ADVANCED_FACE('',(#269),#3205,.F.);
#3356=ADVANCED_FACE('',(#270),#118,.F.);
#3357=ADVANCED_FACE('',(#271),#119,.F.);
#3358=ADVANCED_FACE('',(#272,#176),#3206,.F.);
#3359=ADVANCED_FACE('',(#273),#3207,.F.);
#3360=ADVANCED_FACE('',(#274),#3208,.T.);
#3361=ADVANCED_FACE('',(#275),#3209,.T.);
#3362=ADVANCED_FACE('',(#276),#65,.F.);
#3363=ADVANCED_FACE('',(#277),#120,.F.);
#3364=ADVANCED_FACE('',(#278),#121,.F.);
#3365=ADVANCED_FACE('',(#279),#122,.F.);
#3366=ADVANCED_FACE('',(#280),#123,.F.);
#3367=ADVANCED_FACE('',(#281),#124,.F.);
#3368=ADVANCED_FACE('',(#282),#125,.F.);
#3369=ADVANCED_FACE('',(#283),#126,.T.);
#3370=ADVANCED_FACE('',(#284),#3210,.T.);
#3371=ADVANCED_FACE('',(#285),#3211,.T.);
#3372=ADVANCED_FACE('',(#286),#3212,.T.);
#3373=ADVANCED_FACE('',(#287),#3213,.F.);
#3374=ADVANCED_FACE('',(#288),#3214,.F.);
#3375=ADVANCED_FACE('',(#289),#3215,.F.);
#3376=ADVANCED_FACE('',(#290),#3216,.F.);
#3377=ADVANCED_FACE('',(#291),#3217,.F.);
#3378=ADVANCED_FACE('',(#292),#3218,.F.);
#3379=ADVANCED_FACE('',(#293,#177),#3219,.T.);
#3380=ADVANCED_FACE('',(#294),#3220,.F.);
#3381=ADVANCED_FACE('',(#295),#3221,.F.);
#3382=ADVANCED_FACE('',(#296,#178),#3222,.T.);
#3383=ADVANCED_FACE('',(#297),#3223,.F.);
#3384=ADVANCED_FACE('',(#298),#3224,.F.);
#3385=ADVANCED_FACE('',(#299),#3225,.T.);
#3386=ADVANCED_FACE('',(#300),#127,.F.);
#3387=ADVANCED_FACE('',(#301),#3226,.T.);
#3388=ADVANCED_FACE('',(#302),#128,.F.);
#3389=ADVANCED_FACE('',(#303),#3227,.T.);
#3390=ADVANCED_FACE('',(#304),#129,.F.);
#3391=ADVANCED_FACE('',(#305),#3228,.T.);
#3392=ADVANCED_FACE('',(#306),#130,.F.);
#3393=ADVANCED_FACE('',(#307),#3229,.F.);
#3394=ADVANCED_FACE('',(#308),#3230,.F.);
#3395=ADVANCED_FACE('',(#309),#131,.F.);
#3396=ADVANCED_FACE('',(#310),#3231,.T.);
#3397=ADVANCED_FACE('',(#311),#3232,.F.);
#3398=ADVANCED_FACE('',(#312),#132,.T.);
#3399=ADVANCED_FACE('',(#313),#3233,.T.);
#3400=ADVANCED_FACE('',(#314,#179),#3234,.F.);
#3401=ADVANCED_FACE('',(#315),#3235,.T.);
#3402=ADVANCED_FACE('',(#316),#3236,.F.);
#3403=ADVANCED_FACE('',(#317),#57,.T.);
#3404=ADVANCED_FACE('',(#318),#3237,.T.);
#3405=ADVANCED_FACE('',(#319),#58,.T.);
#3406=ADVANCED_FACE('',(#320),#3238,.T.);
#3407=ADVANCED_FACE('',(#321),#66,.T.);
#3408=ADVANCED_FACE('',(#322),#67,.T.);
#3409=ADVANCED_FACE('',(#323),#3239,.F.);
#3410=ADVANCED_FACE('',(#324),#133,.T.);
#3411=ADVANCED_FACE('',(#325),#3240,.T.);
#3412=ADVANCED_FACE('',(#326),#134,.T.);
#3413=ADVANCED_FACE('',(#327),#3241,.T.);
#3414=ADVANCED_FACE('',(#328),#3242,.T.);
#3415=ADVANCED_FACE('',(#329),#68,.T.);
#3416=ADVANCED_FACE('',(#330),#3243,.T.);
#3417=ADVANCED_FACE('',(#331),#69,.T.);
#3418=ADVANCED_FACE('',(#332,#180),#3244,.F.);
#3419=ADVANCED_FACE('',(#333),#3245,.T.);
#3420=ADVANCED_FACE('',(#334),#70,.T.);
#3421=ADVANCED_FACE('',(#335),#3246,.T.);
#3422=ADVANCED_FACE('',(#336),#71,.T.);
#3423=ADVANCED_FACE('',(#337),#135,.T.);
#3424=ADVANCED_FACE('',(#338),#3247,.T.);
#3425=ADVANCED_FACE('',(#339),#3248,.T.);
#3426=ADVANCED_FACE('',(#340),#136,.T.);
#3427=ADVANCED_FACE('',(#341),#3249,.T.);
#3428=ADVANCED_FACE('',(#342,#181),#3250,.F.);
#3429=ADVANCED_FACE('',(#343),#137,.F.);
#3430=ADVANCED_FACE('',(#344),#3251,.T.);
#3431=ADVANCED_FACE('',(#345),#3252,.T.);
#3432=ADVANCED_FACE('',(#346),#138,.T.);
#3433=ADVANCED_FACE('',(#347),#139,.F.);
#3434=ADVANCED_FACE('',(#348),#3253,.T.);
#3435=ADVANCED_FACE('',(#349),#3254,.T.);
#3436=ADVANCED_FACE('',(#350),#140,.T.);
#3437=ADVANCED_FACE('',(#351),#3255,.T.);
#3438=ADVANCED_FACE('',(#352),#72,.F.);
#3439=ADVANCED_FACE('',(#353),#3256,.T.);
#3440=ADVANCED_FACE('',(#354),#73,.F.);
#3441=ADVANCED_FACE('',(#355,#182),#3257,.T.);
#3442=ADVANCED_FACE('',(#356),#141,.F.);
#3443=ADVANCED_FACE('',(#357),#3258,.T.);
#3444=ADVANCED_FACE('',(#358),#142,.F.);
#3445=ADVANCED_FACE('',(#359),#3259,.T.);
#3446=ADVANCED_FACE('',(#360),#143,.F.);
#3447=ADVANCED_FACE('',(#361),#3260,.T.);
#3448=ADVANCED_FACE('',(#362),#144,.F.);
#3449=ADVANCED_FACE('',(#363),#3261,.T.);
#3450=ADVANCED_FACE('',(#364),#145,.F.);
#3451=ADVANCED_FACE('',(#365),#3262,.T.);
#3452=ADVANCED_FACE('',(#366),#146,.F.);
#3453=ADVANCED_FACE('',(#367),#3263,.T.);
#3454=ADVANCED_FACE('',(#368),#147,.F.);
#3455=ADVANCED_FACE('',(#369),#3264,.T.);
#3456=ADVANCED_FACE('',(#370),#148,.F.);
#3457=ADVANCED_FACE('',(#371,#183),#3265,.T.);
#3458=ADVANCED_FACE('',(#372),#149,.F.);
#3459=ADVANCED_FACE('',(#373,#184),#3266,.T.);
#3460=ADVANCED_FACE('',(#374,#185,#186,#187,#188,#189,#190,#191),#150,.F.);
#3461=ADVANCED_FACE('',(#375),#3267,.F.);
#3462=ADVANCED_FACE('',(#376),#3268,.F.);
#3463=ADVANCED_FACE('',(#377),#3269,.F.);
#3464=ADVANCED_FACE('',(#378),#3270,.F.);
#3465=ADVANCED_FACE('',(#379),#3271,.F.);
#3466=ADVANCED_FACE('',(#380),#3272,.F.);
#3467=ADVANCED_FACE('',(#381,#192),#3273,.T.);
#3468=ADVANCED_FACE('',(#382),#3274,.T.);
#3469=ADVANCED_FACE('',(#383),#3275,.T.);
#3470=ADVANCED_FACE('',(#384),#3276,.T.);
#3471=ADVANCED_FACE('',(#385),#151,.F.);
#3472=ADVANCED_FACE('',(#386),#152,.F.);
#3473=ADVANCED_FACE('',(#387),#3277,.T.);
#3474=ADVANCED_FACE('',(#388),#3278,.T.);
#3475=ADVANCED_FACE('',(#389),#3279,.T.);
#3476=ADVANCED_FACE('',(#390,#193),#3280,.T.);
#3477=ADVANCED_FACE('',(#391,#194,#195),#3281,.F.);
#3478=CLOSED_SHELL('',(#3282,#3283,#3284,#3285,#3286,#3287,#3288,#3289,
#3290,#3291,#3292,#3293,#3294,#3295,#3296,#3297,#3298,#3299,#3300,#3301,
#3302,#3303,#3304,#3305,#3306,#3307,#3308,#3309,#3310,#3311,#3312,#3313,
#3314,#3315,#3316,#3317,#3318,#3319,#3320,#3321,#3322,#3323,#3324,#3325,
#3326,#3327,#3328,#3329,#3330,#3331,#3332,#3333,#3334,#3335,#3336,#3337,
#3338,#3339,#3340,#3341,#3342,#3343,#3344,#3345,#3346,#3347,#3348,#3349,
#3350,#3351,#3352,#3353,#3354,#3355,#3356,#3357,#3358,#3359,#3360,#3361,
#3362,#3363,#3364,#3365,#3366,#3367,#3368,#3369,#3370,#3371,#3372,#3373,
#3374,#3375,#3376,#3377,#3378,#3379,#3380,#3381,#3382,#3383,#3384,#3385,
#3386,#3387,#3388,#3389,#3390,#3391,#3392,#3393,#3394,#3395,#3396,#3397,
#3398,#3399,#3400,#3401,#3402));
#3479=CLOSED_SHELL('',(#3403,#3404,#3405,#3406,#3407,#3408,#3409,#3410,
#3411,#3412,#3413,#3414,#3415,#3416,#3417,#3418,#3419,#3420,#3421,#3422,
#3423,#3424,#3425,#3426,#3427));
#3480=CLOSED_SHELL('',(#3428,#3429,#3430,#3431,#3432,#3433,#3434,#3435,
#3436,#3437,#3438,#3439,#3440,#3441));
#3481=CLOSED_SHELL('',(#3442,#3443,#3444,#3445,#3446,#3447,#3448,#3449,
#3450,#3451,#3452,#3453,#3454,#3455,#3456,#3457,#3458,#3459,#3460,#3461,
#3462,#3463,#3464,#3465,#3466,#3467,#3468,#3469,#3470,#3471,#3472,#3473,
#3474,#3475,#3476,#3477));
#3482=DERIVED_UNIT_ELEMENT(#3490,1.);
#3483=DERIVED_UNIT_ELEMENT(#6200,-3.);
#3484=DERIVED_UNIT_ELEMENT(#3490,1.);
#3485=DERIVED_UNIT_ELEMENT(#6200,-3.);
#3486=DERIVED_UNIT_ELEMENT(#3490,1.);
#3487=DERIVED_UNIT_ELEMENT(#6200,-3.);
#3488=DERIVED_UNIT_ELEMENT(#3490,1.);
#3489=DERIVED_UNIT_ELEMENT(#6200,-3.);
#3490=(
MASS_UNIT()
NAMED_UNIT(*)
SI_UNIT(.KILO.,.GRAM.)
);
#3491=DERIVED_UNIT((#3482,#3483));
#3492=DERIVED_UNIT((#3484,#3485));
#3493=DERIVED_UNIT((#3486,#3487));
#3494=DERIVED_UNIT((#3488,#3489));
#3495=MEASURE_REPRESENTATION_ITEM('density measure',
POSITIVE_RATIO_MEASURE(7850.),#3491);
#3496=MEASURE_REPRESENTATION_ITEM('density measure',
POSITIVE_RATIO_MEASURE(7850.),#3492);
#3497=MEASURE_REPRESENTATION_ITEM('density measure',
POSITIVE_RATIO_MEASURE(7850.),#3493);
#3498=MEASURE_REPRESENTATION_ITEM('density measure',
POSITIVE_RATIO_MEASURE(7850.),#3494);
#3499=PROPERTY_DEFINITION_REPRESENTATION(#3519,#3507);
#3500=PROPERTY_DEFINITION_REPRESENTATION(#3520,#3508);
#3501=PROPERTY_DEFINITION_REPRESENTATION(#3521,#3509);
#3502=PROPERTY_DEFINITION_REPRESENTATION(#3522,#3510);
#3503=PROPERTY_DEFINITION_REPRESENTATION(#3523,#3511);
#3504=PROPERTY_DEFINITION_REPRESENTATION(#3524,#3512);
#3505=PROPERTY_DEFINITION_REPRESENTATION(#3525,#3513);
#3506=PROPERTY_DEFINITION_REPRESENTATION(#3526,#3514);
#3507=REPRESENTATION('material name',(#3515),#6194);
#3508=REPRESENTATION('density',(#3495),#6194);
#3509=REPRESENTATION('material name',(#3516),#6195);
#3510=REPRESENTATION('density',(#3496),#6195);
#3511=REPRESENTATION('material name',(#3517),#6196);
#3512=REPRESENTATION('density',(#3497),#6196);
#3513=REPRESENTATION('material name',(#3518),#6197);
#3514=REPRESENTATION('density',(#3498),#6197);
#3515=DESCRIPTIVE_REPRESENTATION_ITEM('Steel','Steel');
#3516=DESCRIPTIVE_REPRESENTATION_ITEM('Steel','Steel');
#3517=DESCRIPTIVE_REPRESENTATION_ITEM('Steel','Steel');
#3518=DESCRIPTIVE_REPRESENTATION_ITEM('Steel','Steel');
#3519=PROPERTY_DEFINITION('material property','material name',#6225);
#3520=PROPERTY_DEFINITION('material property','density of part',#6225);
#3521=PROPERTY_DEFINITION('material property','material name',#6226);
#3522=PROPERTY_DEFINITION('material property','density of part',#6226);
#3523=PROPERTY_DEFINITION('material property','material name',#6227);
#3524=PROPERTY_DEFINITION('material property','density of part',#6227);
#3525=PROPERTY_DEFINITION('material property','material name',#6228);
#3526=PROPERTY_DEFINITION('material property','density of part',#6228);
#3527=AXIS2_PLACEMENT_3D('',#4861,#3862,#3863);
#3528=AXIS2_PLACEMENT_3D('',#4862,#3864,#3865);
#3529=AXIS2_PLACEMENT_3D('',#4863,#3866,#3867);
#3530=AXIS2_PLACEMENT_3D('',#4866,#3868,#3869);
#3531=AXIS2_PLACEMENT_3D('',#4870,#3871,#3872);
#3532=AXIS2_PLACEMENT_3D('',#4874,#3874,#3875);
#3533=AXIS2_PLACEMENT_3D('',#4878,#3877,#3878);
#3534=AXIS2_PLACEMENT_3D('',#4880,#3880,#3881);
#3535=AXIS2_PLACEMENT_3D('',#4886,#3885,#3886);
#3536=AXIS2_PLACEMENT_3D('',#4889,#3888,#3889);
#3537=AXIS2_PLACEMENT_3D('',#4890,#3890,#3891);
#3538=AXIS2_PLACEMENT_3D('',#4896,#3895,#3896);
#3539=AXIS2_PLACEMENT_3D('',#4899,#3898,#3899);
#3540=AXIS2_PLACEMENT_3D('',#4900,#3900,#3901);
#3541=AXIS2_PLACEMENT_3D('',#4905,#3903,#3904);
#3542=AXIS2_PLACEMENT_3D('',#4908,#3906,#3907);
#3543=AXIS2_PLACEMENT_3D('',#4909,#3908,#3909);
#3544=AXIS2_PLACEMENT_3D('',#4913,#3911,#3912);
#3545=AXIS2_PLACEMENT_3D('',#4917,#3914,#3915);
#3546=AXIS2_PLACEMENT_3D('',#4924,#3917,#3918);
#3547=AXIS2_PLACEMENT_3D('',#4930,#3922,#3923);
#3548=AXIS2_PLACEMENT_3D('',#4931,#3924,#3925);
#3549=AXIS2_PLACEMENT_3D('',#4932,#3926,#3927);
#3550=AXIS2_PLACEMENT_3D('',#4941,#3932,#3933);
#3551=AXIS2_PLACEMENT_3D('',#4945,#3935,#3936);
#3552=AXIS2_PLACEMENT_3D('',#4946,#3937,#3938);
#3553=AXIS2_PLACEMENT_3D('',#4947,#3939,#3940);
#3554=AXIS2_PLACEMENT_3D('',#4953,#3944,#3945);
#3555=AXIS2_PLACEMENT_3D('',#4954,#3946,#3947);
#3556=AXIS2_PLACEMENT_3D('',#4955,#3948,#3949);
#3557=AXIS2_PLACEMENT_3D('',#4956,#3950,#3951);
#3558=AXIS2_PLACEMENT_3D('',#4957,#3952,#3953);
#3559=AXIS2_PLACEMENT_3D('',#4961,#3956,#3957);
#3560=AXIS2_PLACEMENT_3D('',#4962,#3958,#3959);
#3561=AXIS2_PLACEMENT_3D('',#4963,#3960,#3961);
#3562=AXIS2_PLACEMENT_3D('',#4969,#3965,#3966);
#3563=AXIS2_PLACEMENT_3D('',#4994,#3978,#3979);
#3564=AXIS2_PLACEMENT_3D('',#5029,#3997,#3998);
#3565=AXIS2_PLACEMENT_3D('',#5034,#4001,#4002);
#3566=AXIS2_PLACEMENT_3D('',#5036,#4003,#4004);
#3567=AXIS2_PLACEMENT_3D('',#5038,#4005,#4006);
#3568=AXIS2_PLACEMENT_3D('',#5040,#4007,#4008);
#3569=AXIS2_PLACEMENT_3D('',#5042,#4009,#4010);
#3570=AXIS2_PLACEMENT_3D('',#5044,#4011,#4012);
#3571=AXIS2_PLACEMENT_3D('',#5045,#4013,#4014);
#3572=AXIS2_PLACEMENT_3D('',#5053,#4019,#4020);
#3573=AXIS2_PLACEMENT_3D('',#5054,#4021,#4022);
#3574=AXIS2_PLACEMENT_3D('',#5056,#4024,#4025);
#3575=AXIS2_PLACEMENT_3D('',#5057,#4026,#4027);
#3576=AXIS2_PLACEMENT_3D('',#5058,#4028,#4029);
#3577=AXIS2_PLACEMENT_3D('',#5059,#4030,#4031);
#3578=AXIS2_PLACEMENT_3D('',#5060,#4032,#4033);
#3579=AXIS2_PLACEMENT_3D('',#5061,#4034,#4035);
#3580=AXIS2_PLACEMENT_3D('',#5082,#4046,#4047);
#3581=AXIS2_PLACEMENT_3D('',#5088,#4051,#4052);
#3582=AXIS2_PLACEMENT_3D('',#5095,#4057,#4058);
#3583=AXIS2_PLACEMENT_3D('',#5099,#4061,#4062);
#3584=AXIS2_PLACEMENT_3D('',#5101,#4064,#4065);
#3585=AXIS2_PLACEMENT_3D('',#5114,#4073,#4074);
#3586=AXIS2_PLACEMENT_3D('',#5116,#4075,#4076);
#3587=AXIS2_PLACEMENT_3D('',#5118,#4077,#4078);
#3588=AXIS2_PLACEMENT_3D('',#5119,#4079,#4080);
#3589=AXIS2_PLACEMENT_3D('',#5122,#4081,#4082);
#3590=AXIS2_PLACEMENT_3D('',#5127,#4085,#4086);
#3591=AXIS2_PLACEMENT_3D('',#5128,#4087,#4088);
#3592=AXIS2_PLACEMENT_3D('',#5137,#4094,#4095);
#3593=AXIS2_PLACEMENT_3D('',#5140,#4096,#4097);
#3594=AXIS2_PLACEMENT_3D('',#5149,#4103,#4104);
#3595=AXIS2_PLACEMENT_3D('',#5150,#4105,#4106);
#3596=AXIS2_PLACEMENT_3D('',#5152,#4107,#4108);
#3597=AXIS2_PLACEMENT_3D('',#5153,#4109,#4110);
#3598=AXIS2_PLACEMENT_3D('',#5156,#4113,#4114);
#3599=AXIS2_PLACEMENT_3D('',#5158,#4116,#4117);
#3600=AXIS2_PLACEMENT_3D('',#5160,#4119,#4120);
#3601=AXIS2_PLACEMENT_3D('',#5162,#4122,#4123);
#3602=AXIS2_PLACEMENT_3D('',#5168,#4127,#4128);
#3603=AXIS2_PLACEMENT_3D('',#5172,#4131,#4132);
#3604=AXIS2_PLACEMENT_3D('',#5175,#4133,#4134);
#3605=AXIS2_PLACEMENT_3D('',#5179,#4136,#4137);
#3606=AXIS2_PLACEMENT_3D('',#5208,#4139,#4140);
#3607=AXIS2_PLACEMENT_3D('',#5209,#4141,#4142);
#3608=AXIS2_PLACEMENT_3D('',#5210,#4143,#4144);
#3609=AXIS2_PLACEMENT_3D('',#5211,#4145,#4146);
#3610=AXIS2_PLACEMENT_3D('',#5215,#4148,#4149);
#3611=AXIS2_PLACEMENT_3D('',#5217,#4151,#4152);
#3612=AXIS2_PLACEMENT_3D('',#5219,#4153,#4154);
#3613=AXIS2_PLACEMENT_3D('',#5222,#4156,#4157);
#3614=AXIS2_PLACEMENT_3D('',#5223,#4158,#4159);
#3615=AXIS2_PLACEMENT_3D('',#5225,#4160,#4161);
#3616=AXIS2_PLACEMENT_3D('',#5226,#4162,#4163);
#3617=AXIS2_PLACEMENT_3D('',#5227,#4164,#4165);
#3618=AXIS2_PLACEMENT_3D('',#5229,#4166,#4167);
#3619=AXIS2_PLACEMENT_3D('',#5232,#4169,#4170);
#3620=AXIS2_PLACEMENT_3D('',#5260,#4171,#4172);
#3621=AXIS2_PLACEMENT_3D('',#5261,#4173,#4174);
#3622=AXIS2_PLACEMENT_3D('',#5262,#4175,#4176);
#3623=AXIS2_PLACEMENT_3D('',#5263,#4177,#4178);
#3624=AXIS2_PLACEMENT_3D('',#5267,#4181,#4182);
#3625=AXIS2_PLACEMENT_3D('',#5270,#4183,#4184);
#3626=AXIS2_PLACEMENT_3D('',#5271,#4185,#4186);
#3627=AXIS2_PLACEMENT_3D('',#5272,#4187,#4188);
#3628=AXIS2_PLACEMENT_3D('',#5273,#4189,#4190);
#3629=AXIS2_PLACEMENT_3D('',#5276,#4191,#4192);
#3630=AXIS2_PLACEMENT_3D('',#5280,#4194,#4195);
#3631=AXIS2_PLACEMENT_3D('',#5282,#4197,#4198);
#3632=AXIS2_PLACEMENT_3D('',#5287,#4202,#4203);
#3633=AXIS2_PLACEMENT_3D('',#5289,#4204,#4205);
#3634=AXIS2_PLACEMENT_3D('',#5291,#4207,#4208);
#3635=AXIS2_PLACEMENT_3D('',#5295,#4211,#4212);
#3636=AXIS2_PLACEMENT_3D('',#5301,#4216,#4217);
#3637=AXIS2_PLACEMENT_3D('',#5303,#4218,#4219);
#3638=AXIS2_PLACEMENT_3D('',#5305,#4221,#4222);
#3639=AXIS2_PLACEMENT_3D('',#5307,#4223,#4224);
#3640=AXIS2_PLACEMENT_3D('',#5309,#4226,#4227);
#3641=AXIS2_PLACEMENT_3D('',#5311,#4228,#4229);
#3642=AXIS2_PLACEMENT_3D('',#5314,#4231,#4232);
#3643=AXIS2_PLACEMENT_3D('',#5315,#4233,#4234);
#3644=AXIS2_PLACEMENT_3D('',#5317,#4236,#4237);
#3645=AXIS2_PLACEMENT_3D('',#5319,#4238,#4239);
#3646=AXIS2_PLACEMENT_3D('',#5320,#4240,#4241);
#3647=AXIS2_PLACEMENT_3D('',#5322,#4242,#4243);
#3648=AXIS2_PLACEMENT_3D('',#5323,#4244,#4245);
#3649=AXIS2_PLACEMENT_3D('',#5326,#4247,#4248);
#3650=AXIS2_PLACEMENT_3D('',#5327,#4249,#4250);
#3651=AXIS2_PLACEMENT_3D('',#5329,#4251,#4252);
#3652=AXIS2_PLACEMENT_3D('',#5330,#4253,#4254);
#3653=AXIS2_PLACEMENT_3D('',#5331,#4255,#4256);
#3654=AXIS2_PLACEMENT_3D('',#5334,#4258,#4259);
#3655=AXIS2_PLACEMENT_3D('',#5335,#4260,#4261);
#3656=AXIS2_PLACEMENT_3D('',#5337,#4262,#4263);
#3657=AXIS2_PLACEMENT_3D('',#5339,#4264,#4265);
#3658=AXIS2_PLACEMENT_3D('',#5340,#4266,#4267);
#3659=AXIS2_PLACEMENT_3D('',#5341,#4268,#4269);
#3660=AXIS2_PLACEMENT_3D('',#5343,#4271,#4272);
#3661=AXIS2_PLACEMENT_3D('',#5345,#4274,#4275);
#3662=AXIS2_PLACEMENT_3D('',#5347,#4276,#4277);
#3663=AXIS2_PLACEMENT_3D('',#5349,#4279,#4280);
#3664=AXIS2_PLACEMENT_3D('',#5351,#4282,#4283);
#3665=AXIS2_PLACEMENT_3D('',#5354,#4286,#4287);
#3666=AXIS2_PLACEMENT_3D('',#5357,#4289,#4290);
#3667=AXIS2_PLACEMENT_3D('',#5358,#4291,#4292);
#3668=AXIS2_PLACEMENT_3D('',#5360,#4293,#4294);
#3669=AXIS2_PLACEMENT_3D('',#5363,#4296,#4297);
#3670=AXIS2_PLACEMENT_3D('',#5364,#4298,#4299);
#3671=AXIS2_PLACEMENT_3D('',#5367,#4301,#4302);
#3672=AXIS2_PLACEMENT_3D('',#5368,#4303,#4304);
#3673=AXIS2_PLACEMENT_3D('',#5370,#4305,#4306);
#3674=AXIS2_PLACEMENT_3D('',#5373,#4308,#4309);
#3675=AXIS2_PLACEMENT_3D('',#5374,#4310,#4311);
#3676=AXIS2_PLACEMENT_3D('',#5377,#4313,#4314);
#3677=AXIS2_PLACEMENT_3D('',#5379,#4315,#4316);
#3678=AXIS2_PLACEMENT_3D('',#5381,#4317,#4318);
#3679=AXIS2_PLACEMENT_3D('',#5383,#4319,#4320);
#3680=AXIS2_PLACEMENT_3D('',#5384,#4321,#4322);
#3681=AXIS2_PLACEMENT_3D('',#5390,#4326,#4327);
#3682=AXIS2_PLACEMENT_3D('',#5392,#4328,#4329);
#3683=AXIS2_PLACEMENT_3D('',#5394,#4331,#4332);
#3684=AXIS2_PLACEMENT_3D('',#5396,#4333,#4334);
#3685=AXIS2_PLACEMENT_3D('',#5398,#4336,#4337);
#3686=AXIS2_PLACEMENT_3D('',#5403,#4339,#4340);
#3687=AXIS2_PLACEMENT_3D('',#5407,#4342,#4343);
#3688=AXIS2_PLACEMENT_3D('',#5411,#4345,#4346);
#3689=AXIS2_PLACEMENT_3D('',#5414,#4348,#4349);
#3690=AXIS2_PLACEMENT_3D('',#5415,#4350,#4351);
#3691=AXIS2_PLACEMENT_3D('',#5419,#4354,#4355);
#3692=AXIS2_PLACEMENT_3D('',#5423,#4358,#4359);
#3693=AXIS2_PLACEMENT_3D('',#5424,#4360,#4361);
#3694=AXIS2_PLACEMENT_3D('',#5427,#4363,#4364);
#3695=AXIS2_PLACEMENT_3D('',#5428,#4365,#4366);
#3696=AXIS2_PLACEMENT_3D('',#5430,#4368,#4369);
#3697=AXIS2_PLACEMENT_3D('',#5432,#4371,#4372);
#3698=AXIS2_PLACEMENT_3D('',#5434,#4374,#4375);
#3699=AXIS2_PLACEMENT_3D('',#5436,#4377,#4378);
#3700=AXIS2_PLACEMENT_3D('',#5438,#4380,#4381);
#3701=AXIS2_PLACEMENT_3D('',#5440,#4383,#4384);
#3702=AXIS2_PLACEMENT_3D('',#5442,#4386,#4387);
#3703=AXIS2_PLACEMENT_3D('',#5444,#4389,#4390);
#3704=AXIS2_PLACEMENT_3D('',#5446,#4392,#4393);
#3705=AXIS2_PLACEMENT_3D('',#5447,#4394,#4395);
#3706=AXIS2_PLACEMENT_3D('',#5449,#4397,#4398);
#3707=AXIS2_PLACEMENT_3D('',#5451,#4400,#4401);
#3708=AXIS2_PLACEMENT_3D('',#5457,#4405,#4406);
#3709=AXIS2_PLACEMENT_3D('',#5461,#4409,#4410);
#3710=AXIS2_PLACEMENT_3D('',#5467,#4414,#4415);
#3711=AXIS2_PLACEMENT_3D('',#5471,#4418,#4419);
#3712=AXIS2_PLACEMENT_3D('',#5477,#4423,#4424);
#3713=AXIS2_PLACEMENT_3D('',#5479,#4426,#4427);
#3714=AXIS2_PLACEMENT_3D('',#5483,#4430,#4431);
#3715=AXIS2_PLACEMENT_3D('',#5487,#4434,#4435);
#3716=AXIS2_PLACEMENT_3D('',#5489,#4437,#4438);
#3717=AXIS2_PLACEMENT_3D('',#5491,#4440,#4441);
#3718=AXIS2_PLACEMENT_3D('',#5497,#4445,#4446);
#3719=AXIS2_PLACEMENT_3D('',#5499,#4447,#4448);
#3720=AXIS2_PLACEMENT_3D('',#5501,#4450,#4451);
#3721=AXIS2_PLACEMENT_3D('',#5505,#4454,#4455);
#3722=AXIS2_PLACEMENT_3D('',#5507,#4456,#4457);
#3723=AXIS2_PLACEMENT_3D('',#5509,#4459,#4460);
#3724=AXIS2_PLACEMENT_3D('',#5513,#4463,#4464);
#3725=AXIS2_PLACEMENT_3D('',#5515,#4465,#4466);
#3726=AXIS2_PLACEMENT_3D('',#5517,#4468,#4469);
#3727=AXIS2_PLACEMENT_3D('',#5521,#4472,#4473);
#3728=AXIS2_PLACEMENT_3D('',#5522,#4474,#4475);
#3729=AXIS2_PLACEMENT_3D('',#5523,#4476,#4477);
#3730=AXIS2_PLACEMENT_3D('',#5529,#4481,#4482);
#3731=AXIS2_PLACEMENT_3D('',#5531,#4484,#4485);
#3732=AXIS2_PLACEMENT_3D('',#5533,#4487,#4488);
#3733=AXIS2_PLACEMENT_3D('',#5535,#4490,#4491);
#3734=AXIS2_PLACEMENT_3D('',#5539,#4494,#4495);
#3735=AXIS2_PLACEMENT_3D('',#5540,#4496,#4497);
#3736=AXIS2_PLACEMENT_3D('',#5541,#4498,#4499);
#3737=AXIS2_PLACEMENT_3D('',#5543,#4501,#4502);
#3738=AXIS2_PLACEMENT_3D('',#5545,#4504,#4505);
#3739=AXIS2_PLACEMENT_3D('',#5546,#4506,#4507);
#3740=AXIS2_PLACEMENT_3D('',#5547,#4508,#4509);
#3741=AXIS2_PLACEMENT_3D('',#5578,#4512,#4513);
#3742=AXIS2_PLACEMENT_3D('',#5611,#4518,#4519);
#3743=AXIS2_PLACEMENT_3D('',#5620,#4524,#4525);
#3744=AXIS2_PLACEMENT_3D('',#5621,#4526,#4527);
#3745=AXIS2_PLACEMENT_3D('',#5622,#4528,#4529);
#3746=AXIS2_PLACEMENT_3D('',#5623,#4530,#4531);
#3747=AXIS2_PLACEMENT_3D('',#5624,#4532,#4533);
#3748=AXIS2_PLACEMENT_3D('',#5625,#4534,#4535);
#3749=AXIS2_PLACEMENT_3D('',#5626,#4536,#4537);
#3750=AXIS2_PLACEMENT_3D('',#5627,#4538,#4539);
#3751=AXIS2_PLACEMENT_3D('',#5631,#4541,#4542);
#3752=AXIS2_PLACEMENT_3D('',#5633,#4544,#4545);
#3753=AXIS2_PLACEMENT_3D('',#5637,#4548,#4549);
#3754=AXIS2_PLACEMENT_3D('',#5640,#4551,#4552);
#3755=AXIS2_PLACEMENT_3D('',#5641,#4553,#4554);
#3756=AXIS2_PLACEMENT_3D('',#5643,#4556,#4557);
#3757=AXIS2_PLACEMENT_3D('',#5649,#4561,#4562);
#3758=AXIS2_PLACEMENT_3D('',#5652,#4564,#4565);
#3759=AXIS2_PLACEMENT_3D('',#5653,#4566,#4567);
#3760=AXIS2_PLACEMENT_3D('',#5657,#4570,#4571);
#3761=AXIS2_PLACEMENT_3D('',#5658,#4572,#4573);
#3762=AXIS2_PLACEMENT_3D('',#5659,#4574,#4575);
#3763=AXIS2_PLACEMENT_3D('',#5664,#4577,#4578);
#3764=AXIS2_PLACEMENT_3D('',#5667,#4580,#4581);
#3765=AXIS2_PLACEMENT_3D('',#5668,#4582,#4583);
#3766=AXIS2_PLACEMENT_3D('',#5677,#4588,#4589);
#3767=AXIS2_PLACEMENT_3D('',#5681,#4591,#4592);
#3768=AXIS2_PLACEMENT_3D('',#5682,#4593,#4594);
#3769=AXIS2_PLACEMENT_3D('',#5683,#4595,#4596);
#3770=AXIS2_PLACEMENT_3D('',#5689,#4600,#4601);
#3771=AXIS2_PLACEMENT_3D('',#5690,#4602,#4603);
#3772=AXIS2_PLACEMENT_3D('',#5691,#4604,#4605);
#3773=AXIS2_PLACEMENT_3D('',#5692,#4606,#4607);
#3774=AXIS2_PLACEMENT_3D('',#5695,#4610,#4611);
#3775=AXIS2_PLACEMENT_3D('',#5697,#4613,#4614);
#3776=AXIS2_PLACEMENT_3D('',#5698,#4615,#4616);
#3777=AXIS2_PLACEMENT_3D('',#5700,#4618,#4619);
#3778=AXIS2_PLACEMENT_3D('',#5701,#4620,#4621);
#3779=AXIS2_PLACEMENT_3D('',#5702,#4622,#4623);
#3780=AXIS2_PLACEMENT_3D('',#5705,#4624,#4625);
#3781=AXIS2_PLACEMENT_3D('',#5709,#4627,#4628);
#3782=AXIS2_PLACEMENT_3D('',#5715,#4631,#4632);
#3783=AXIS2_PLACEMENT_3D('',#5718,#4634,#4635);
#3784=AXIS2_PLACEMENT_3D('',#5719,#4636,#4637);
#3785=AXIS2_PLACEMENT_3D('',#5723,#4639,#4640);
#3786=AXIS2_PLACEMENT_3D('',#5725,#4642,#4643);
#3787=AXIS2_PLACEMENT_3D('',#5729,#4646,#4647);
#3788=AXIS2_PLACEMENT_3D('',#5735,#4651,#4652);
#3789=AXIS2_PLACEMENT_3D('',#5738,#4654,#4655);
#3790=AXIS2_PLACEMENT_3D('',#5739,#4656,#4657);
#3791=AXIS2_PLACEMENT_3D('',#5742,#4659,#4660);
#3792=AXIS2_PLACEMENT_3D('',#5743,#4661,#4662);
#3793=AXIS2_PLACEMENT_3D('',#5745,#4664,#4665);
#3794=AXIS2_PLACEMENT_3D('',#5749,#4668,#4669);
#3795=AXIS2_PLACEMENT_3D('',#5750,#4670,#4671);
#3796=AXIS2_PLACEMENT_3D('',#5751,#4672,#4673);
#3797=AXIS2_PLACEMENT_3D('',#5757,#4677,#4678);
#3798=AXIS2_PLACEMENT_3D('',#5760,#4680,#4681);
#3799=AXIS2_PLACEMENT_3D('',#5761,#4682,#4683);
#3800=AXIS2_PLACEMENT_3D('',#5765,#4686,#4687);
#3801=AXIS2_PLACEMENT_3D('',#5766,#4688,#4689);
#3802=AXIS2_PLACEMENT_3D('',#5767,#4690,#4691);
#3803=AXIS2_PLACEMENT_3D('',#5768,#4692,#4693);
#3804=AXIS2_PLACEMENT_3D('',#5769,#4694,#4695);
#3805=AXIS2_PLACEMENT_3D('',#5810,#4697,#4698);
#3806=AXIS2_PLACEMENT_3D('',#5811,#4699,#4700);
#3807=AXIS2_PLACEMENT_3D('',#5812,#4701,#4702);
#3808=AXIS2_PLACEMENT_3D('',#5853,#4704,#4705);
#3809=AXIS2_PLACEMENT_3D('',#5854,#4706,#4707);
#3810=AXIS2_PLACEMENT_3D('',#5855,#4708,#4709);
#3811=AXIS2_PLACEMENT_3D('',#5896,#4711,#4712);
#3812=AXIS2_PLACEMENT_3D('',#5897,#4713,#4714);
#3813=AXIS2_PLACEMENT_3D('',#5898,#4715,#4716);
#3814=AXIS2_PLACEMENT_3D('',#5939,#4718,#4719);
#3815=AXIS2_PLACEMENT_3D('',#5940,#4720,#4721);
#3816=AXIS2_PLACEMENT_3D('',#5941,#4722,#4723);
#3817=AXIS2_PLACEMENT_3D('',#5982,#4725,#4726);
#3818=AXIS2_PLACEMENT_3D('',#5983,#4727,#4728);
#3819=AXIS2_PLACEMENT_3D('',#5984,#4729,#4730);
#3820=AXIS2_PLACEMENT_3D('',#6025,#4732,#4733);
#3821=AXIS2_PLACEMENT_3D('',#6026,#4734,#4735);
#3822=AXIS2_PLACEMENT_3D('',#6027,#4736,#4737);
#3823=AXIS2_PLACEMENT_3D('',#6068,#4739,#4740);
#3824=AXIS2_PLACEMENT_3D('',#6069,#4741,#4742);
#3825=AXIS2_PLACEMENT_3D('',#6070,#4743,#4744);
#3826=AXIS2_PLACEMENT_3D('',#6072,#4745,#4746);
#3827=AXIS2_PLACEMENT_3D('',#6075,#4748,#4749);
#3828=AXIS2_PLACEMENT_3D('',#6076,#4750,#4751);
#3829=AXIS2_PLACEMENT_3D('',#6078,#4752,#4753);
#3830=AXIS2_PLACEMENT_3D('',#6079,#4754,#4755);
#3831=AXIS2_PLACEMENT_3D('',#6081,#4756,#4757);
#3832=AXIS2_PLACEMENT_3D('',#6084,#4759,#4760);
#3833=AXIS2_PLACEMENT_3D('',#6085,#4761,#4762);
#3834=AXIS2_PLACEMENT_3D('',#6087,#4763,#4764);
#3835=AXIS2_PLACEMENT_3D('',#6088,#4765,#4766);
#3836=AXIS2_PLACEMENT_3D('',#6091,#4767,#4768);
#3837=AXIS2_PLACEMENT_3D('',#6095,#4770,#4771);
#3838=AXIS2_PLACEMENT_3D('',#6097,#4773,#4774);
#3839=AXIS2_PLACEMENT_3D('',#6106,#4779,#4780);
#3840=AXIS2_PLACEMENT_3D('',#6112,#4784,#4785);
#3841=AXIS2_PLACEMENT_3D('',#6118,#4789,#4790);
#3842=AXIS2_PLACEMENT_3D('',#6127,#4795,#4796);
#3843=AXIS2_PLACEMENT_3D('',#6133,#4800,#4801);
#3844=AXIS2_PLACEMENT_3D('',#6139,#4805,#4806);
#3845=AXIS2_PLACEMENT_3D('',#6145,#4810,#4811);
#3846=AXIS2_PLACEMENT_3D('',#6151,#4815,#4816);
#3847=AXIS2_PLACEMENT_3D('',#6159,#4822,#4823);
#3848=AXIS2_PLACEMENT_3D('',#6161,#4825,#4826);
#3849=AXIS2_PLACEMENT_3D('',#6164,#4828,#4829);
#3850=AXIS2_PLACEMENT_3D('',#6165,#4830,#4831);
#3851=AXIS2_PLACEMENT_3D('',#6168,#4833,#4834);
#3852=AXIS2_PLACEMENT_3D('',#6169,#4835,#4836);
#3853=AXIS2_PLACEMENT_3D('',#6173,#4839,#4840);
#3854=AXIS2_PLACEMENT_3D('',#6177,#4843,#4844);
#3855=AXIS2_PLACEMENT_3D('',#6180,#4847,#4848);
#3856=AXIS2_PLACEMENT_3D('',#6181,#4849,#4850);
#3857=AXIS2_PLACEMENT_3D('',#6182,#4851,#4852);
#3858=AXIS2_PLACEMENT_3D('',#6183,#4853,#4854);
#3859=AXIS2_PLACEMENT_3D('',#6184,#4855,#4856);
#3860=AXIS2_PLACEMENT_3D('',#6185,#4857,#4858);
#3861=AXIS2_PLACEMENT_3D('',#6186,#4859,#4860);
#3862=DIRECTION('axis',(0.,0.,1.));
#3863=DIRECTION('refdir',(1.,0.,0.));
#3864=DIRECTION('axis',(0.,0.,1.));
#3865=DIRECTION('refdir',(1.,0.,0.));
#3866=DIRECTION('center_axis',(0.,0.,-1.));
#3867=DIRECTION('ref_axis',(1.,0.,0.));
#3868=DIRECTION('center_axis',(0.,0.,1.));
#3869=DIRECTION('ref_axis',(1.,5.32603436453133E-16,0.));
#3870=DIRECTION('',(-1.48029736616688E-15,-1.,0.));
#3871=DIRECTION('center_axis',(0.,0.,1.));
#3872=DIRECTION('ref_axis',(-1.,-2.66301718226567E-16,0.));
#3873=DIRECTION('',(7.40148683083438E-16,1.,0.));
#3874=DIRECTION('center_axis',(0.,0.,-1.));
#3875=DIRECTION('ref_axis',(-1.,-4.17634676841417E-16,6.28663776094311E-15));
#3876=DIRECTION('',(-4.17634676841417E-16,1.,0.));
#3877=DIRECTION('center_axis',(0.,0.,-1.));
#3878=DIRECTION('ref_axis',(1.,4.17634676841417E-16,-6.28663776094311E-15));
#3879=DIRECTION('',(4.17634676841417E-16,-1.,0.));
#3880=DIRECTION('center_axis',(1.,4.17634676841417E-16,-6.28663776094311E-15));
#3881=DIRECTION('ref_axis',(-4.17634676841417E-16,1.,9.81202953689365E-18));
#3882=DIRECTION('',(0.,0.,-1.));
#3883=DIRECTION('',(-4.17634676841417E-16,1.,9.81202953689365E-18));
#3884=DIRECTION('',(0.,0.,-1.));
#3885=DIRECTION('center_axis',(6.28663776094311E-15,-9.81202953689102E-18,
1.));
#3886=DIRECTION('ref_axis',(1.,4.17634676841417E-16,-6.28663776094311E-15));
#3887=DIRECTION('',(6.28663776094311E-15,-9.81202953689102E-18,1.));
#3888=DIRECTION('center_axis',(6.28663776094311E-15,-9.81202953689102E-18,
1.));
#3889=DIRECTION('ref_axis',(1.,4.17634676841417E-16,-6.28663776094311E-15));
#3890=DIRECTION('center_axis',(-1.,1.48029736616688E-15,0.));
#3891=DIRECTION('ref_axis',(1.48029736616688E-15,1.,0.));
#3892=DIRECTION('',(0.,0.,-1.));
#3893=DIRECTION('',(-1.48029736616688E-15,-1.,0.));
#3894=DIRECTION('',(0.,0.,-1.));
#3895=DIRECTION('center_axis',(0.,0.,-1.));
#3896=DIRECTION('ref_axis',(1.,5.32603436453133E-16,0.));
#3897=DIRECTION('',(0.,0.,-1.));
#3898=DIRECTION('center_axis',(0.,0.,1.));
#3899=DIRECTION('ref_axis',(1.,5.32603436453133E-16,0.));
#3900=DIRECTION('center_axis',(2.77555756156286E-17,-1.,1.04083408558608E-16));
#3901=DIRECTION('ref_axis',(1.,2.77555756156286E-17,5.77778983315976E-34));
#3902=DIRECTION('',(0.,0.,-1.));
#3903=DIRECTION('center_axis',(-2.77555756156286E-17,1.,-1.04083408558608E-16));
#3904=DIRECTION('ref_axis',(-3.4666738998968E-33,1.04083408558608E-16,1.));
#3905=DIRECTION('',(-1.,-2.77555756156286E-17,0.));
#3906=DIRECTION('center_axis',(0.,1.,0.));
#3907=DIRECTION('ref_axis',(2.73888196784558E-16,1.04083408558608E-16,1.));
#3908=DIRECTION('center_axis',(0.,0.,1.));
#3909=DIRECTION('ref_axis',(6.12323399573677E-17,1.,0.));
#3910=DIRECTION('',(0.,0.,1.));
#3911=DIRECTION('center_axis',(0.,0.,-1.));
#3912=DIRECTION('ref_axis',(1.,0.,0.));
#3913=DIRECTION('',(0.,0.,-1.));
#3914=DIRECTION('center_axis',(0.,0.,1.));
#3915=DIRECTION('ref_axis',(1.,0.,0.));
#3916=DIRECTION('',(0.,0.,1.));
#3917=DIRECTION('center_axis',(0.,0.,1.));
#3918=DIRECTION('ref_axis',(1.,0.,0.));
#3919=DIRECTION('',(-2.77555756156286E-17,1.,-1.04083408558608E-16));
#3920=DIRECTION('',(1.,0.,0.));
#3921=DIRECTION('',(1.,0.,0.));
#3922=DIRECTION('center_axis',(0.,0.,1.));
#3923=DIRECTION('ref_axis',(1.,0.,0.));
#3924=DIRECTION('center_axis',(0.,-1.,0.));
#3925=DIRECTION('ref_axis',(-1.,0.,0.));
#3926=DIRECTION('center_axis',(3.4666738998968E-33,-1.04083408558608E-16,
-1.));
#3927=DIRECTION('ref_axis',(-1.,-2.77555756156286E-17,-5.77778983315976E-34));
#3928=DIRECTION('',(0.,1.,-9.13012355777268E-17));
#3929=DIRECTION('',(-1.,0.,-3.4666738998968E-33));
#3930=DIRECTION('',(-2.77555756156286E-17,1.,-1.04083408558608E-16));
#3931=DIRECTION('',(-1.,0.,-3.4666738998968E-33));
#3932=DIRECTION('center_axis',(-2.77555756156286E-17,1.,-1.04083408558608E-16));
#3933=DIRECTION('ref_axis',(-3.8592539961289E-16,-1.04083408558608E-16,
-1.));
#3934=DIRECTION('',(0.,1.,-9.13012355777268E-17));
#3935=DIRECTION('center_axis',(0.,1.,0.));
#3936=DIRECTION('ref_axis',(-3.8592539961289E-16,-1.04083408558608E-16,
-1.));
#3937=DIRECTION('center_axis',(0.,1.,0.));
#3938=DIRECTION('ref_axis',(-3.8592539961289E-16,-1.04083408558608E-16,
-1.));
#3939=DIRECTION('center_axis',(-3.4666738998968E-33,1.04083408558608E-16,
1.));
#3940=DIRECTION('ref_axis',(1.,2.77555756156286E-17,5.77778983315976E-34));
#3941=DIRECTION('',(-2.77555756156286E-17,1.,-1.04083408558608E-16));
#3942=DIRECTION('',(1.,0.,3.4666738998968E-33));
#3943=DIRECTION('',(1.,0.,3.4666738998968E-33));
#3944=DIRECTION('center_axis',(-2.77555756156286E-17,1.,-1.04083408558608E-16));
#3945=DIRECTION('ref_axis',(-3.4666738998968E-33,1.04083408558608E-16,1.));
#3946=DIRECTION('center_axis',(0.,1.,0.));
#3947=DIRECTION('ref_axis',(-3.4666738998968E-33,1.04083408558608E-16,1.));
#3948=DIRECTION('center_axis',(0.,1.,0.));
#3949=DIRECTION('ref_axis',(-3.4666738998968E-33,1.04083408558608E-16,1.));
#3950=DIRECTION('center_axis',(0.,1.,0.));
#3951=DIRECTION('ref_axis',(-3.4666738998968E-33,1.04083408558608E-16,1.));
#3952=DIRECTION('center_axis',(1.,-7.40148683083438E-16,0.));
#3953=DIRECTION('ref_axis',(-7.40148683083438E-16,-1.,0.));
#3954=DIRECTION('',(0.,0.,-1.));
#3955=DIRECTION('',(7.40148683083438E-16,1.,0.));
#3956=DIRECTION('center_axis',(0.,0.,-1.));
#3957=DIRECTION('ref_axis',(-1.,-2.66301718226567E-16,0.));
#3958=DIRECTION('center_axis',(0.,0.,1.));
#3959=DIRECTION('ref_axis',(-1.,-2.66301718226567E-16,0.));
#3960=DIRECTION('center_axis',(0.707106781186542,3.02250464675956E-16,-0.707106781186553));
#3961=DIRECTION('ref_axis',(-0.707106781186553,-2.8837415943048E-16,-0.707106781186542));
#3962=DIRECTION('',(-0.707106781186553,-2.8837415943048E-16,-0.707106781186542));
#3963=DIRECTION('',(4.27446706378311E-16,-1.,0.));
#3964=DIRECTION('',(0.707106781186553,2.8837415943048E-16,0.707106781186542));
#3965=DIRECTION('center_axis',(0.,0.,1.));
#3966=DIRECTION('ref_axis',(-1.,0.,0.));
#3967=DIRECTION('',(1.,0.,0.));
#3968=DIRECTION('',(-0.5,0.866025403784439,0.));
#3969=DIRECTION('',(0.5,0.866025403784439,0.));
#3970=DIRECTION('',(1.,0.,0.));
#3971=DIRECTION('',(2.27738056333365E-16,-1.,0.));
#3972=DIRECTION('',(-1.,0.,0.));
#3973=DIRECTION('',(-0.5,0.866025403784439,0.));
#3974=DIRECTION('',(0.5,0.866025403784439,0.));
#3975=DIRECTION('',(-1.,0.,0.));
#3976=DIRECTION('',(0.,-1.,0.));
#3977=DIRECTION('',(-1.,0.,0.));
#3978=DIRECTION('center_axis',(0.,0.,1.));
#3979=DIRECTION('ref_axis',(1.,0.,0.));
#3980=DIRECTION('',(1.,0.,0.));
#3981=DIRECTION('',(1.,0.,0.));
#3982=DIRECTION('',(-8.60995118442749E-16,-1.,0.));
#3983=DIRECTION('',(-1.,0.,0.));
#3984=DIRECTION('',(-0.5,0.866025403784439,0.));
#3985=DIRECTION('',(0.5,0.866025403784439,0.));
#3986=DIRECTION('',(1.,0.,0.));
#3987=DIRECTION('',(5.69345140833414E-17,1.,0.));
#3988=DIRECTION('',(-1.,0.,0.));
#3989=DIRECTION('',(-0.5,0.866025403784439,0.));
#3990=DIRECTION('',(0.5,0.866025403784439,0.));
#3991=DIRECTION('',(1.,0.,0.));
#3992=DIRECTION('',(5.69345140833414E-17,1.,0.));
#3993=DIRECTION('',(-1.,0.,0.));
#3994=DIRECTION('',(0.,1.,0.));
#3995=DIRECTION('',(1.,0.,0.));
#3996=DIRECTION('',(0.,1.,0.));
#3997=DIRECTION('center_axis',(0.,0.,1.));
#3998=DIRECTION('ref_axis',(1.,0.,0.));
#3999=DIRECTION('',(1.,0.,0.));
#4000=DIRECTION('',(0.,-1.,0.));
#4001=DIRECTION('center_axis',(0.,0.,1.));
#4002=DIRECTION('ref_axis',(1.,0.,0.));
#4003=DIRECTION('center_axis',(0.,0.,1.));
#4004=DIRECTION('ref_axis',(1.,0.,0.));
#4005=DIRECTION('center_axis',(0.,0.,1.));
#4006=DIRECTION('ref_axis',(1.,0.,0.));
#4007=DIRECTION('center_axis',(0.,0.,1.));
#4008=DIRECTION('ref_axis',(1.,0.,0.));
#4009=DIRECTION('center_axis',(0.,0.,1.));
#4010=DIRECTION('ref_axis',(-1.,0.,0.));
#4011=DIRECTION('center_axis',(0.,0.,1.));
#4012=DIRECTION('ref_axis',(-1.,0.,0.));
#4013=DIRECTION('center_axis',(-0.707106781186551,-2.88374159430479E-16,
-0.707106781186544));
#4014=DIRECTION('ref_axis',(-0.707106781186544,-3.02250464675957E-16,0.707106781186551));
#4015=DIRECTION('',(4.17634676841417E-16,-1.,-9.81202953689365E-18));
#4016=DIRECTION('',(-0.707106781186545,-3.02250464675957E-16,0.70710678118655));
#4017=DIRECTION('',(-4.07822647304523E-16,1.,0.));
#4018=DIRECTION('',(-0.707106781186544,-3.02250464675957E-16,0.707106781186551));
#4019=DIRECTION('center_axis',(6.28663776094311E-15,-9.81202953689102E-18,
1.));
#4020=DIRECTION('ref_axis',(-1.,-4.17634676841417E-16,6.28663776094311E-15));
#4021=DIRECTION('center_axis',(6.28663776094311E-15,-9.81202953689102E-18,
1.));
#4022=DIRECTION('ref_axis',(-1.,-4.17634676841417E-16,6.28663776094311E-15));
#4023=DIRECTION('',(0.,0.,-1.));
#4024=DIRECTION('center_axis',(-1.,-4.17634676841417E-16,6.28663776094311E-15));
#4025=DIRECTION('ref_axis',(4.17634676841417E-16,-1.,-9.81202953689365E-18));
#4026=DIRECTION('center_axis',(6.28663776094311E-15,-9.81202953689102E-18,
1.));
#4027=DIRECTION('ref_axis',(-1.,-4.17634676841417E-16,6.28663776094311E-15));
#4028=DIRECTION('center_axis',(0.,0.,-1.));
#4029=DIRECTION('ref_axis',(-1.,-4.17634676841417E-16,6.28663776094311E-15));
#4030=DIRECTION('center_axis',(6.28663776094311E-15,-9.81202953689102E-18,
1.));
#4031=DIRECTION('ref_axis',(1.,4.17634676841417E-16,-6.28663776094311E-15));
#4032=DIRECTION('center_axis',(0.,0.,-1.));
#4033=DIRECTION('ref_axis',(1.,4.17634676841417E-16,-6.28663776094311E-15));
#4034=DIRECTION('center_axis',(-1.,0.,0.));
#4035=DIRECTION('ref_axis',(0.,-1.,0.));
#4036=DIRECTION('',(0.,1.,8.83935529160156E-16));
#4037=DIRECTION('',(1.79590983777432E-157,0.,-1.));
#4038=DIRECTION('',(0.,-1.,0.));
#4039=DIRECTION('',(0.,0.,1.));
#4040=DIRECTION('',(0.,-1.,0.));
#4041=DIRECTION('',(2.85972904104191E-158,-1.,3.36602339339792E-17));
#4042=DIRECTION('',(0.,-1.,0.));
#4043=DIRECTION('',(0.,0.,-1.));
#4044=DIRECTION('',(0.,1.,0.));
#4045=DIRECTION('',(0.,-8.88178419700125E-16,1.));
#4046=DIRECTION('center_axis',(0.,-1.,0.));
#4047=DIRECTION('ref_axis',(-1.,0.,0.));
#4048=DIRECTION('',(-1.,0.,0.));
#4049=DIRECTION('',(0.,0.,-1.));
#4050=DIRECTION('',(0.,0.,1.));
#4051=DIRECTION('center_axis',(0.,0.,1.));
#4052=DIRECTION('ref_axis',(0.,-1.,0.));
#4053=DIRECTION('',(2.27738056333365E-16,-1.,0.));
#4054=DIRECTION('',(1.,0.,0.));
#4055=DIRECTION('',(0.5,0.866025403784439,0.));
#4056=DIRECTION('',(-0.5,0.866025403784439,0.));
#4057=DIRECTION('center_axis',(-0.866025403784439,-0.5,0.));
#4058=DIRECTION('ref_axis',(-0.5,0.866025403784439,0.));
#4059=DIRECTION('',(-0.5,0.866025403784439,0.));
#4060=DIRECTION('',(0.,0.,-1.));
#4061=DIRECTION('center_axis',(-1.,-2.27738056333365E-16,0.));
#4062=DIRECTION('ref_axis',(-2.27738056333365E-16,1.,0.));
#4063=DIRECTION('',(0.,0.,-1.));
#4064=DIRECTION('center_axis',(0.,-1.,0.));
#4065=DIRECTION('ref_axis',(0.,0.,-1.));
#4066=DIRECTION('',(0.,0.,-1.));
#4067=DIRECTION('',(1.,0.,0.));
#4068=DIRECTION('',(0.,0.,1.));
#4069=DIRECTION('',(-1.,0.,0.));
#4070=DIRECTION('',(-0.707106781186546,0.,-0.707106781186549));
#4071=DIRECTION('',(1.,0.,0.));
#4072=DIRECTION('',(0.,0.,-1.));
#4073=DIRECTION('center_axis',(0.,0.,1.));
#4074=DIRECTION('ref_axis',(1.,0.,0.));
#4075=DIRECTION('center_axis',(0.,0.,-1.));
#4076=DIRECTION('ref_axis',(1.,0.,0.));
#4077=DIRECTION('center_axis',(0.,0.,1.));
#4078=DIRECTION('ref_axis',(1.,0.,0.));
#4079=DIRECTION('center_axis',(0.,0.,-1.));
#4080=DIRECTION('ref_axis',(1.,0.,0.));
#4081=DIRECTION('center_axis',(0.,0.,-1.));
#4082=DIRECTION('ref_axis',(1.,0.,0.));
#4083=DIRECTION('',(0.,1.,0.));
#4084=DIRECTION('',(-1.,0.,0.));
#4085=DIRECTION('center_axis',(0.,0.,1.));
#4086=DIRECTION('ref_axis',(1.,0.,0.));
#4087=DIRECTION('center_axis',(1.,0.,0.));
#4088=DIRECTION('ref_axis',(0.,0.,-1.));
#4089=DIRECTION('',(0.,0.,-1.));
#4090=DIRECTION('',(0.,0.,-1.));
#4091=DIRECTION('',(0.,1.,0.));
#4092=DIRECTION('',(0.,-0.707106781186548,-0.707106781186547));
#4093=DIRECTION('',(0.,0.,-1.));
#4094=DIRECTION('center_axis',(0.,0.,1.));
#4095=DIRECTION('ref_axis',(1.,0.,0.));
#4096=DIRECTION('center_axis',(0.,0.,1.));
#4097=DIRECTION('ref_axis',(1.,0.,0.));
#4098=DIRECTION('',(-1.,0.,0.));
#4099=DIRECTION('',(-0.5,0.866025403784439,0.));
#4100=DIRECTION('',(1.,0.,0.));
#4101=DIRECTION('',(0.,1.,0.));
#4102=DIRECTION('',(-1.,0.,0.));
#4103=DIRECTION('center_axis',(0.,0.,-1.));
#4104=DIRECTION('ref_axis',(1.,0.,0.));
#4105=DIRECTION('center_axis',(0.,0.,-1.));
#4106=DIRECTION('ref_axis',(1.,0.,0.));
#4107=DIRECTION('center_axis',(0.,0.,1.));
#4108=DIRECTION('ref_axis',(1.,0.,0.));
#4109=DIRECTION('center_axis',(0.,1.,0.));
#4110=DIRECTION('ref_axis',(0.,0.,1.));
#4111=DIRECTION('',(0.,0.,-1.));
#4112=DIRECTION('',(0.,0.,1.));
#4113=DIRECTION('center_axis',(1.,0.,0.));
#4114=DIRECTION('ref_axis',(0.,0.,-1.));
#4115=DIRECTION('',(0.,0.,-1.));
#4116=DIRECTION('center_axis',(0.,-1.,0.));
#4117=DIRECTION('ref_axis',(0.,0.,-1.));
#4118=DIRECTION('',(0.,0.,-1.));
#4119=DIRECTION('center_axis',(0.,0.,1.));
#4120=DIRECTION('ref_axis',(-0.667879283378248,-0.744269617030118,0.));
#4121=DIRECTION('',(0.,0.,-1.));
#4122=DIRECTION('center_axis',(0.,1.,0.));
#4123=DIRECTION('ref_axis',(0.,0.,-1.));
#4124=DIRECTION('',(0.,0.,-1.));
#4125=DIRECTION('',(-1.,0.,0.));
#4126=DIRECTION('',(0.,0.,-1.));
#4127=DIRECTION('center_axis',(-1.,0.,0.));
#4128=DIRECTION('ref_axis',(0.,0.,1.));
#4129=DIRECTION('',(0.,-1.,0.));
#4130=DIRECTION('',(0.,0.,-1.));
#4131=DIRECTION('center_axis',(0.,0.707106781186548,0.707106781186548));
#4132=DIRECTION('ref_axis',(-0.707106781186547,0.5,-0.5));
#4133=DIRECTION('center_axis',(0.,0.707106781186551,0.707106781186544));
#4134=DIRECTION('ref_axis',(0.,0.707106781186544,-0.707106781186551));
#4135=DIRECTION('',(0.,0.707106781186547,0.707106781186547));
#4136=DIRECTION('center_axis',(2.74766180269662E-15,-0.707106781186545,
-0.70710678118655));
#4137=DIRECTION('ref_axis',(-1.,0.,-3.88578058618806E-15));
#4138=DIRECTION('',(0.,-0.707106781186548,-0.707106781186548));
#4139=DIRECTION('center_axis',(1.,0.,0.));
#4140=DIRECTION('ref_axis',(0.,0.707106781186548,-0.707106781186548));
#4141=DIRECTION('center_axis',(0.,-0.707106781186548,0.707106781186548));
#4142=DIRECTION('ref_axis',(6.54205191118237E-17,0.707106781186548,0.707106781186547));
#4143=DIRECTION('center_axis',(-1.11022302462515E-16,0.6,-0.8));
#4144=DIRECTION('ref_axis',(0.,0.8,0.6));
#4145=DIRECTION('center_axis',(1.,0.,0.));
#4146=DIRECTION('ref_axis',(0.,0.923879532511287,-0.38268343236509));
#4147=DIRECTION('',(1.,0.,0.));
#4148=DIRECTION('center_axis',(-1.,0.,0.));
#4149=DIRECTION('ref_axis',(0.,1.,0.));
#4150=DIRECTION('',(-1.,0.,0.));
#4151=DIRECTION('center_axis',(0.,0.,1.));
#4152=DIRECTION('ref_axis',(1.,0.,0.));
#4153=DIRECTION('center_axis',(0.,0.,-1.));
#4154=DIRECTION('ref_axis',(1.,0.,0.));
#4155=DIRECTION('',(0.707106781186547,8.65956056235493E-17,-0.707106781186548));
#4156=DIRECTION('center_axis',(0.,0.,-1.));
#4157=DIRECTION('ref_axis',(1.,0.,0.));
#4158=DIRECTION('center_axis',(-0.170112439679109,-0.941663177664661,-0.2904000993404));
#4159=DIRECTION('ref_axis',(-0.475963149477969,0.336556770590775,-0.812519920068746));
#4160=DIRECTION('center_axis',(-1.,0.,0.));
#4161=DIRECTION('ref_axis',(0.,0.38268343236509,-0.923879532511287));
#4162=DIRECTION('center_axis',(0.,-1.,0.));
#4163=DIRECTION('ref_axis',(-1.,0.,0.));
#4164=DIRECTION('center_axis',(0.,0.,1.));
#4165=DIRECTION('ref_axis',(1.,0.,0.));
#4166=DIRECTION('center_axis',(0.,0.,-1.));
#4167=DIRECTION('ref_axis',(1.,0.,0.));
#4168=DIRECTION('',(0.707106781186547,8.65956056235493E-17,-0.707106781186548));
#4169=DIRECTION('center_axis',(0.,0.,-1.));
#4170=DIRECTION('ref_axis',(1.,0.,0.));
#4171=DIRECTION('center_axis',(0.,0.707106781186548,0.707106781186548));
#4172=DIRECTION('ref_axis',(1.,0.,0.));
#4173=DIRECTION('center_axis',(0.,-0.707106781186548,0.707106781186548));
#4174=DIRECTION('ref_axis',(0.,0.707106781186547,0.707106781186547));
#4175=DIRECTION('center_axis',(0.,0.600000000000001,-0.8));
#4176=DIRECTION('ref_axis',(0.,0.8,0.600000000000001));
#4177=DIRECTION('center_axis',(0.,0.707106781186548,-0.707106781186548));
#4178=DIRECTION('ref_axis',(-1.,0.,0.));
#4179=DIRECTION('',(-7.7920221274629E-17,0.707106781186548,0.707106781186548));
#4180=DIRECTION('',(1.,0.,0.));
#4181=DIRECTION('center_axis',(0.170112439679109,-0.94166317766466,-0.290400099340403));
#4182=DIRECTION('ref_axis',(0.475963149477956,0.336556770590782,-0.812519920068751));
#4183=DIRECTION('center_axis',(0.,-1.,0.));
#4184=DIRECTION('ref_axis',(-8.88178419700124E-15,0.,-1.));
#4185=DIRECTION('center_axis',(1.,0.,0.));
#4186=DIRECTION('ref_axis',(0.,0.38268343236509,-0.923879532511287));
#4187=DIRECTION('center_axis',(0.,0.707106781186549,0.707106781186546));
#4188=DIRECTION('ref_axis',(1.,0.,0.));
#4189=DIRECTION('center_axis',(0.,0.,-1.));
#4190=DIRECTION('ref_axis',(-1.,-2.22044604925031E-15,0.));
#4191=DIRECTION('center_axis',(0.,0.,-1.));
#4192=DIRECTION('ref_axis',(-0.707106781186546,-0.707106781186549,0.));
#4193=DIRECTION('',(0.,0.,1.));
#4194=DIRECTION('center_axis',(0.,0.,1.));
#4195=DIRECTION('ref_axis',(-1.,-2.22044604925031E-15,0.));
#4196=DIRECTION('',(0.,0.,1.));
#4197=DIRECTION('center_axis',(-1.,0.,0.));
#4198=DIRECTION('ref_axis',(0.,1.,0.));
#4199=DIRECTION('',(0.,1.,0.));
#4200=DIRECTION('',(0.,-1.,0.));
#4201=DIRECTION('',(0.,0.,1.));
#4202=DIRECTION('center_axis',(0.,0.,1.));
#4203=DIRECTION('ref_axis',(-0.707106781186546,0.707106781186549,0.));
#4204=DIRECTION('center_axis',(0.,0.,-1.));
#4205=DIRECTION('ref_axis',(-0.707106781186546,0.707106781186549,0.));
#4206=DIRECTION('',(0.,0.,-1.));
#4207=DIRECTION('center_axis',(0.,1.,0.));
#4208=DIRECTION('ref_axis',(1.,0.,0.));
#4209=DIRECTION('',(-1.,0.,0.));
#4210=DIRECTION('',(0.,0.,1.));
#4211=DIRECTION('center_axis',(0.,-1.,0.));
#4212=DIRECTION('ref_axis',(-1.,0.,0.));
#4213=DIRECTION('',(-1.,0.,0.));
#4214=DIRECTION('',(0.,0.,1.));
#4215=DIRECTION('',(1.,1.10195833709693E-16,0.));
#4216=DIRECTION('center_axis',(0.,0.,1.));
#4217=DIRECTION('ref_axis',(1.,0.,0.));
#4218=DIRECTION('center_axis',(0.,0.,-1.));
#4219=DIRECTION('ref_axis',(-1.,0.,0.));
#4220=DIRECTION('',(0.,0.,-1.));
#4221=DIRECTION('center_axis',(0.,0.,1.));
#4222=DIRECTION('ref_axis',(1.,0.,0.));
#4223=DIRECTION('center_axis',(0.,0.,-1.));
#4224=DIRECTION('ref_axis',(-1.,0.,0.));
#4225=DIRECTION('',(0.,0.,-1.));
#4226=DIRECTION('center_axis',(0.,0.,1.));
#4227=DIRECTION('ref_axis',(1.,0.,0.));
#4228=DIRECTION('center_axis',(0.,0.,-1.));
#4229=DIRECTION('ref_axis',(-1.,0.,0.));
#4230=DIRECTION('',(0.,0.,-1.));
#4231=DIRECTION('center_axis',(0.,0.,-1.));
#4232=DIRECTION('ref_axis',(1.,0.,0.));
#4233=DIRECTION('center_axis',(0.,0.,1.));
#4234=DIRECTION('ref_axis',(1.,0.,0.));
#4235=DIRECTION('',(0.,0.,-1.));
#4236=DIRECTION('center_axis',(0.,0.,1.));
#4237=DIRECTION('ref_axis',(-1.,0.,0.));
#4238=DIRECTION('center_axis',(0.,0.,-1.));
#4239=DIRECTION('ref_axis',(-1.,0.,0.));
#4240=DIRECTION('center_axis',(0.,0.,1.));
#4241=DIRECTION('ref_axis',(-1.,0.,0.));
#4242=DIRECTION('center_axis',(0.,0.,-1.));
#4243=DIRECTION('ref_axis',(-1.,0.,0.));
#4244=DIRECTION('center_axis',(0.,1.,0.));
#4245=DIRECTION('ref_axis',(-0.707106781186546,0.,-0.707106781186549));
#4246=DIRECTION('',(0.,-1.,0.));
#4247=DIRECTION('center_axis',(0.,-1.,0.));
#4248=DIRECTION('ref_axis',(-1.,0.,0.));
#4249=DIRECTION('center_axis',(0.,0.,-1.));
#4250=DIRECTION('ref_axis',(-1.,0.,0.));
#4251=DIRECTION('center_axis',(0.,0.,1.));
#4252=DIRECTION('ref_axis',(-0.707106781186546,-0.707106781186549,0.));
#4253=DIRECTION('center_axis',(1.,0.,0.));
#4254=DIRECTION('ref_axis',(0.,-1.,0.));
#4255=DIRECTION('center_axis',(-1.,0.,0.));
#4256=DIRECTION('ref_axis',(0.,-0.707106781186546,-0.707106781186549));
#4257=DIRECTION('',(1.,0.,0.));
#4258=DIRECTION('center_axis',(1.,0.,0.));
#4259=DIRECTION('ref_axis',(0.,-1.,0.));
#4260=DIRECTION('center_axis',(0.,0.,-1.));
#4261=DIRECTION('ref_axis',(-1.,0.,0.));
#4262=DIRECTION('center_axis',(0.,0.,1.));
#4263=DIRECTION('ref_axis',(0.707106781186541,-0.707106781186554,0.));
#4264=DIRECTION('center_axis',(0.,1.,0.));
#4265=DIRECTION('ref_axis',(1.,0.,0.));
#4266=DIRECTION('center_axis',(0.,0.,-1.));
#4267=DIRECTION('ref_axis',(0.707106781186541,-0.707106781186554,0.));
#4268=DIRECTION('center_axis',(-1.,0.,0.));
#4269=DIRECTION('ref_axis',(0.,0.382683432365089,-0.923879532511287));
#4270=DIRECTION('',(-1.,0.,0.));
#4271=DIRECTION('center_axis',(0.,0.,1.));
#4272=DIRECTION('ref_axis',(1.,0.,0.));
#4273=DIRECTION('',(0.,0.,-1.));
#4274=DIRECTION('center_axis',(0.,0.,1.));
#4275=DIRECTION('ref_axis',(0.707106781186548,0.707106781186548,0.));
#4276=DIRECTION('center_axis',(0.,0.,-1.));
#4277=DIRECTION('ref_axis',(0.707106781186548,0.707106781186548,0.));
#4278=DIRECTION('',(0.,0.,-1.));
#4279=DIRECTION('center_axis',(7.7920221274629E-17,-0.707106781186548,-0.707106781186548));
#4280=DIRECTION('ref_axis',(0.707106781186541,0.500000000000005,-0.500000000000005));
#4281=DIRECTION('',(7.7920221274629E-17,-0.707106781186548,-0.707106781186548));
#4282=DIRECTION('center_axis',(1.10195833709693E-16,-1.,0.));
#4283=DIRECTION('ref_axis',(0.707106781186546,0.,-0.707106781186549));
#4284=DIRECTION('',(1.10195833709693E-16,-1.,0.));
#4285=DIRECTION('',(-1.10195833709693E-16,1.,0.));
#4286=DIRECTION('center_axis',(0.,0.,-1.));
#4287=DIRECTION('ref_axis',(-2.22044604925032E-15,-1.,0.));
#4288=DIRECTION('',(0.,0.,1.));
#4289=DIRECTION('center_axis',(0.,0.,1.));
#4290=DIRECTION('ref_axis',(-2.22044604925032E-15,-1.,0.));
#4291=DIRECTION('center_axis',(0.,0.,1.));
#4292=DIRECTION('ref_axis',(1.,0.,0.));
#4293=DIRECTION('center_axis',(0.,0.,-1.));
#4294=DIRECTION('ref_axis',(-1.,0.,0.));
#4295=DIRECTION('',(0.,0.,-1.));
#4296=DIRECTION('center_axis',(0.,0.,-1.));
#4297=DIRECTION('ref_axis',(1.,0.,0.));
#4298=DIRECTION('center_axis',(0.,0.,1.));
#4299=DIRECTION('ref_axis',(1.,0.,0.));
#4300=DIRECTION('',(0.707106781186547,8.65956056235493E-17,-0.707106781186548));
#4301=DIRECTION('center_axis',(0.,0.,-1.));
#4302=DIRECTION('ref_axis',(1.,0.,0.));
#4303=DIRECTION('center_axis',(0.,0.,1.));
#4304=DIRECTION('ref_axis',(1.,0.,0.));
#4305=DIRECTION('center_axis',(0.,0.,1.));
#4306=DIRECTION('ref_axis',(1.,0.,0.));
#4307=DIRECTION('',(0.707106781186548,8.65956056235494E-17,-0.707106781186547));
#4308=DIRECTION('center_axis',(0.,0.,-1.));
#4309=DIRECTION('ref_axis',(1.,0.,0.));
#4310=DIRECTION('center_axis',(0.,0.,1.));
#4311=DIRECTION('ref_axis',(-1.,0.,0.));
#4312=DIRECTION('',(0.,1.,0.));
#4313=DIRECTION('center_axis',(0.,0.,-1.));
#4314=DIRECTION('ref_axis',(-1.,0.,0.));
#4315=DIRECTION('center_axis',(0.,0.,-1.));
#4316=DIRECTION('ref_axis',(-1.,0.,0.));
#4317=DIRECTION('center_axis',(0.,0.,-1.));
#4318=DIRECTION('ref_axis',(1.,0.,0.));
#4319=DIRECTION('center_axis',(0.,0.,-1.));
#4320=DIRECTION('ref_axis',(1.,0.,0.));
#4321=DIRECTION('center_axis',(7.50549284054229E-17,0.,-1.));
#4322=DIRECTION('ref_axis',(-1.,0.,-7.50549284054229E-17));
#4323=DIRECTION('',(-1.,0.,-7.50549284054229E-17));
#4324=DIRECTION('',(-1.,0.,-7.50549284054229E-17));
#4325=DIRECTION('',(0.,1.,0.));
#4326=DIRECTION('center_axis',(0.,0.,-1.));
#4327=DIRECTION('ref_axis',(-1.,0.,0.));
#4328=DIRECTION('center_axis',(0.,0.,1.));
#4329=DIRECTION('ref_axis',(-1.,0.,0.));
#4330=DIRECTION('',(0.,0.,-1.));
#4331=DIRECTION('center_axis',(0.,0.,-1.));
#4332=DIRECTION('ref_axis',(-1.,0.,0.));
#4333=DIRECTION('center_axis',(0.,0.,1.));
#4334=DIRECTION('ref_axis',(-1.,0.,0.));
#4335=DIRECTION('',(0.,0.,-1.));
#4336=DIRECTION('center_axis',(0.,0.,1.));
#4337=DIRECTION('ref_axis',(1.,0.,0.));
#4338=DIRECTION('',(0.,-1.,0.));
#4339=DIRECTION('center_axis',(0.,0.,-1.));
#4340=DIRECTION('ref_axis',(-0.707106781186549,-0.707106781186546,0.));
#4341=DIRECTION('',(1.,0.,0.));
#4342=DIRECTION('center_axis',(0.,0.,-1.));
#4343=DIRECTION('ref_axis',(0.707106781186548,-0.707106781186548,0.));
#4344=DIRECTION('',(-1.10195833709693E-16,1.,0.));
#4345=DIRECTION('center_axis',(0.,0.,-1.));
#4346=DIRECTION('ref_axis',(0.707106781186544,0.70710678118655,0.));
#4347=DIRECTION('',(-1.,0.,0.));
#4348=DIRECTION('center_axis',(0.,0.,-1.));
#4349=DIRECTION('ref_axis',(-0.707106781186548,0.707106781186548,0.));
#4350=DIRECTION('center_axis',(0.,0.,-1.));
#4351=DIRECTION('ref_axis',(1.,0.,0.));
#4352=DIRECTION('',(0.5,0.866025403784439,0.));
#4353=DIRECTION('',(-0.5,0.866025403784439,0.));
#4354=DIRECTION('center_axis',(-5.30718488369454E-17,-0.707106781186547,
0.707106781186548));
#4355=DIRECTION('ref_axis',(1.,0.,7.50549284054229E-17));
#4356=DIRECTION('',(0.,0.707106781186548,0.707106781186547));
#4357=DIRECTION('',(1.,0.,7.50549284054229E-17));
#4358=DIRECTION('center_axis',(1.,1.10195833709693E-16,0.));
#4359=DIRECTION('ref_axis',(1.10195833709693E-16,-1.,0.));
#4360=DIRECTION('center_axis',(0.,0.,1.));
#4361=DIRECTION('ref_axis',(1.,0.,0.));
#4362=DIRECTION('',(0.707106781186547,8.65956056235493E-17,-0.707106781186548));
#4363=DIRECTION('center_axis',(0.,0.,-1.));
#4364=DIRECTION('ref_axis',(1.,0.,0.));
#4365=DIRECTION('center_axis',(0.,0.,1.));
#4366=DIRECTION('ref_axis',(1.,0.,0.));
#4367=DIRECTION('',(0.,0.,-1.));
#4368=DIRECTION('center_axis',(0.,0.,-1.));
#4369=DIRECTION('ref_axis',(-1.,0.,0.));
#4370=DIRECTION('',(0.,0.,-1.));
#4371=DIRECTION('center_axis',(0.,0.,-1.));
#4372=DIRECTION('ref_axis',(-1.,0.,0.));
#4373=DIRECTION('',(0.,0.,-1.));
#4374=DIRECTION('center_axis',(0.,0.,1.));
#4375=DIRECTION('ref_axis',(1.,0.,0.));
#4376=DIRECTION('',(0.,0.,1.));
#4377=DIRECTION('center_axis',(0.,0.,1.));
#4378=DIRECTION('ref_axis',(1.,0.,0.));
#4379=DIRECTION('',(0.,0.,-1.));
#4380=DIRECTION('center_axis',(0.,0.,1.));
#4381=DIRECTION('ref_axis',(1.,0.,0.));
#4382=DIRECTION('',(0.,0.,-1.));
#4383=DIRECTION('center_axis',(0.,0.,1.));
#4384=DIRECTION('ref_axis',(1.,0.,0.));
#4385=DIRECTION('',(0.,0.,-1.));
#4386=DIRECTION('center_axis',(0.,1.,0.));
#4387=DIRECTION('ref_axis',(1.,0.,0.));
#4388=DIRECTION('',(0.,0.,-1.));
#4389=DIRECTION('center_axis',(-0.866025403784439,0.5,0.));
#4390=DIRECTION('ref_axis',(0.5,0.866025403784439,0.));
#4391=DIRECTION('',(0.,0.,-1.));
#4392=DIRECTION('center_axis',(-0.866025403784439,-0.5,0.));
#4393=DIRECTION('ref_axis',(-0.5,0.866025403784439,0.));
#4394=DIRECTION('center_axis',(0.,1.,0.));
#4395=DIRECTION('ref_axis',(0.,0.,1.));
#4396=DIRECTION('',(8.88178419700125E-16,0.,1.));
#4397=DIRECTION('center_axis',(-1.,0.,0.));
#4398=DIRECTION('ref_axis',(0.,0.,1.));
#4399=DIRECTION('',(8.88178419700125E-16,0.,1.));
#4400=DIRECTION('center_axis',(-0.866025403784439,0.5,0.));
#4401=DIRECTION('ref_axis',(0.5,0.866025403784439,0.));
#4402=DIRECTION('',(0.,0.,-1.));
#4403=DIRECTION('',(0.5,0.866025403784439,0.));
#4404=DIRECTION('',(0.,0.,-1.));
#4405=DIRECTION('center_axis',(-0.866025403784439,-0.5,0.));
#4406=DIRECTION('ref_axis',(-0.5,0.866025403784439,0.));
#4407=DIRECTION('',(0.,0.,-1.));
#4408=DIRECTION('',(-0.5,0.866025403784439,0.));
#4409=DIRECTION('center_axis',(-0.866025403784439,0.5,0.));
#4410=DIRECTION('ref_axis',(0.5,0.866025403784439,0.));
#4411=DIRECTION('',(0.,0.,-1.));
#4412=DIRECTION('',(0.5,0.866025403784439,0.));
#4413=DIRECTION('',(0.,0.,-1.));
#4414=DIRECTION('center_axis',(-0.866025403784439,-0.5,0.));
#4415=DIRECTION('ref_axis',(-0.5,0.866025403784439,0.));
#4416=DIRECTION('',(0.,0.,-1.));
#4417=DIRECTION('',(-0.5,0.866025403784439,0.));
#4418=DIRECTION('center_axis',(0.,0.,1.));
#4419=DIRECTION('ref_axis',(-1.,0.,0.));
#4420=DIRECTION('',(-1.,0.,0.));
#4421=DIRECTION('',(-5.69345140833414E-17,-1.,0.));
#4422=DIRECTION('',(1.,0.,0.));
#4423=DIRECTION('center_axis',(0.,1.,0.));
#4424=DIRECTION('ref_axis',(1.,0.,0.));
#4425=DIRECTION('',(0.,0.,-1.));
#4426=DIRECTION('center_axis',(0.,-1.,0.));
#4427=DIRECTION('ref_axis',(-1.,0.,0.));
#4428=DIRECTION('',(0.,0.,1.));
#4429=DIRECTION('',(-1.,0.,0.));
#4430=DIRECTION('center_axis',(0.,0.,1.));
#4431=DIRECTION('ref_axis',(-1.,0.,0.));
#4432=DIRECTION('',(-5.69345140833414E-17,-1.,0.));
#4433=DIRECTION('',(1.,0.,0.));
#4434=DIRECTION('center_axis',(0.,1.,0.));
#4435=DIRECTION('ref_axis',(1.,0.,0.));
#4436=DIRECTION('',(0.,0.,-1.));
#4437=DIRECTION('center_axis',(0.,-1.,0.));
#4438=DIRECTION('ref_axis',(-1.,0.,0.));
#4439=DIRECTION('',(0.,0.,1.));
#4440=DIRECTION('center_axis',(0.,-1.,0.));
#4441=DIRECTION('ref_axis',(-1.,0.,0.));
#4442=DIRECTION('',(0.,0.,-1.));
#4443=DIRECTION('',(1.,0.,0.));
#4444=DIRECTION('',(0.,0.,1.));
#4445=DIRECTION('center_axis',(0.,0.,1.));
#4446=DIRECTION('ref_axis',(-0.707106781186548,0.707106781186548,0.));
#4447=DIRECTION('center_axis',(0.,0.,-1.));
#4448=DIRECTION('ref_axis',(-0.707106781186548,0.707106781186548,0.));
#4449=DIRECTION('',(0.,0.,-1.));
#4450=DIRECTION('center_axis',(1.,0.,0.));
#4451=DIRECTION('ref_axis',(0.,-1.,0.));
#4452=DIRECTION('',(0.,1.,0.));
#4453=DIRECTION('',(0.,0.,1.));
#4454=DIRECTION('center_axis',(0.,0.,1.));
#4455=DIRECTION('ref_axis',(-0.707106781186549,-0.707106781186546,0.));
#4456=DIRECTION('center_axis',(0.,0.,-1.));
#4457=DIRECTION('ref_axis',(-0.707106781186549,-0.707106781186546,0.));
#4458=DIRECTION('',(0.,0.,-1.));
#4459=DIRECTION('center_axis',(0.,1.,0.));
#4460=DIRECTION('ref_axis',(1.,0.,0.));
#4461=DIRECTION('',(-1.,0.,0.));
#4462=DIRECTION('',(0.,0.,1.));
#4463=DIRECTION('center_axis',(0.,0.,-1.));
#4464=DIRECTION('ref_axis',(0.707106781186548,-0.707106781186548,0.));
#4465=DIRECTION('center_axis',(0.,0.,-1.));
#4466=DIRECTION('ref_axis',(0.707106781186548,-0.707106781186548,0.));
#4467=DIRECTION('',(0.,0.,-1.));
#4468=DIRECTION('center_axis',(-1.,-1.10195833709693E-16,0.));
#4469=DIRECTION('ref_axis',(-1.10195833709693E-16,1.,0.));
#4470=DIRECTION('',(0.,0.,1.));
#4471=DIRECTION('',(1.10195833709693E-16,-1.,0.));
#4472=DIRECTION('center_axis',(0.,0.,-1.));
#4473=DIRECTION('ref_axis',(0.707106781186544,0.70710678118655,0.));
#4474=DIRECTION('center_axis',(0.,0.,-1.));
#4475=DIRECTION('ref_axis',(0.707106781186544,0.70710678118655,0.));
#4476=DIRECTION('center_axis',(0.,1.,0.));
#4477=DIRECTION('ref_axis',(0.,0.,1.));
#4478=DIRECTION('',(0.707106781186546,0.,0.707106781186549));
#4479=DIRECTION('',(0.,0.,1.));
#4480=DIRECTION('',(-1.,0.,0.));
#4481=DIRECTION('center_axis',(0.,0.,-1.));
#4482=DIRECTION('ref_axis',(1.,0.,0.));
#4483=DIRECTION('',(0.5,0.866025403784439,0.));
#4484=DIRECTION('center_axis',(0.,0.,1.));
#4485=DIRECTION('ref_axis',(1.,0.,0.));
#4486=DIRECTION('',(0.,0.,-1.));
#4487=DIRECTION('center_axis',(-0.866025403784439,0.5,0.));
#4488=DIRECTION('ref_axis',(0.5,0.866025403784439,0.));
#4489=DIRECTION('',(0.5,0.866025403784439,0.));
#4490=DIRECTION('center_axis',(0.,-1.,0.));
#4491=DIRECTION('ref_axis',(0.,0.,-1.));
#4492=DIRECTION('',(1.,0.,0.));
#4493=DIRECTION('',(0.,0.,-1.));
#4494=DIRECTION('center_axis',(0.,0.,1.));
#4495=DIRECTION('ref_axis',(-1.83697019872103E-16,1.,0.));
#4496=DIRECTION('center_axis',(0.,0.,1.));
#4497=DIRECTION('ref_axis',(1.,0.,0.));
#4498=DIRECTION('center_axis',(1.,-5.69345140833414E-17,0.));
#4499=DIRECTION('ref_axis',(-5.69345140833414E-17,-1.,0.));
#4500=DIRECTION('',(0.,-1.,0.));
#4501=DIRECTION('center_axis',(0.,0.,1.));
#4502=DIRECTION('ref_axis',(1.,0.,0.));
#4503=DIRECTION('',(3.88407708303824E-63,1.,8.83935529160156E-16));
#4504=DIRECTION('center_axis',(-0.707106781186549,-6.25036806800865E-16,
0.707106781186546));
#4505=DIRECTION('ref_axis',(0.707106781186546,0.,0.707106781186549));
#4506=DIRECTION('center_axis',(0.,0.,1.));
#4507=DIRECTION('ref_axis',(1.,0.,0.));
#4508=DIRECTION('axis',(0.,0.,1.));
#4509=DIRECTION('refdir',(1.,0.,0.));
#4510=DIRECTION('',(0.707106781186553,0.,0.707106781186542));
#4511=DIRECTION('',(0.707106781186554,0.35261133208121,0.612915368128346));
#4512=DIRECTION('center_axis',(-0.707106781186549,0.,0.707106781186546));
#4513=DIRECTION('ref_axis',(0.707106781186546,0.,0.707106781186549));
#4514=DIRECTION('',(0.,1.,0.));
#4515=DIRECTION('',(-0.707106781186552,0.,-0.707106781186543));
#4516=DIRECTION('',(0.,1.,0.));
#4517=DIRECTION('',(-0.707106781186553,0.352611332081209,-0.612915368128347));
#4518=DIRECTION('center_axis',(-0.707106781186549,0.,-0.707106781186546));
#4519=DIRECTION('ref_axis',(-0.707106781186546,0.,0.707106781186549));
#4520=DIRECTION('',(-0.707106781186546,0.,0.707106781186549));
#4521=DIRECTION('',(0.,1.,0.));
#4522=DIRECTION('',(0.707106781186546,0.,-0.707106781186549));
#4523=DIRECTION('',(0.,-1.,0.));
#4524=DIRECTION('center_axis',(1.,0.,0.));
#4525=DIRECTION('ref_axis',(0.,0.,-1.));
#4526=DIRECTION('center_axis',(1.,0.,0.));
#4527=DIRECTION('ref_axis',(0.,0.,-1.));
#4528=DIRECTION('center_axis',(-1.,0.,0.));
#4529=DIRECTION('ref_axis',(0.,0.,-1.));
#4530=DIRECTION('center_axis',(1.,0.,0.));
#4531=DIRECTION('ref_axis',(0.,0.,1.));
#4532=DIRECTION('center_axis',(-1.,0.,0.));
#4533=DIRECTION('ref_axis',(0.,0.,1.));
#4534=DIRECTION('center_axis',(1.,0.,0.));
#4535=DIRECTION('ref_axis',(0.,0.,1.));
#4536=DIRECTION('center_axis',(1.,0.,0.));
#4537=DIRECTION('ref_axis',(0.,1.,0.));
#4538=DIRECTION('center_axis',(1.,0.,0.));
#4539=DIRECTION('ref_axis',(0.,0.,-1.));
#4540=DIRECTION('',(1.,0.,0.));
#4541=DIRECTION('center_axis',(1.,0.,0.));
#4542=DIRECTION('ref_axis',(0.,0.,-1.));
#4543=DIRECTION('',(1.,0.,0.));
#4544=DIRECTION('center_axis',(0.,0.,-1.));
#4545=DIRECTION('ref_axis',(0.,1.,0.));
#4546=DIRECTION('',(1.,0.,0.));
#4547=DIRECTION('',(0.,1.,0.));
#4548=DIRECTION('center_axis',(1.,0.,0.));
#4549=DIRECTION('ref_axis',(0.,0.,1.));
#4550=DIRECTION('',(1.,0.,0.));
#4551=DIRECTION('center_axis',(1.,0.,0.));
#4552=DIRECTION('ref_axis',(0.,0.,1.));
#4553=DIRECTION('center_axis',(0.,0.,1.));
#4554=DIRECTION('ref_axis',(0.,-1.,0.));
#4555=DIRECTION('',(0.,-1.,0.));
#4556=DIRECTION('center_axis',(-0.707106781186549,0.,-0.707106781186546));
#4557=DIRECTION('ref_axis',(-0.707106781186546,0.,0.707106781186549));
#4558=DIRECTION('',(0.707106781186546,0.,-0.707106781186549));
#4559=DIRECTION('',(0.,-1.,0.));
#4560=DIRECTION('',(-0.707106781186546,0.,0.707106781186549));
#4561=DIRECTION('center_axis',(1.,0.,0.));
#4562=DIRECTION('ref_axis',(0.,0.,1.));
#4563=DIRECTION('',(0.707106781186546,0.,0.707106781186549));
#4564=DIRECTION('center_axis',(-1.,0.,0.));
#4565=DIRECTION('ref_axis',(0.,0.,1.));
#4566=DIRECTION('center_axis',(-0.707106781186549,0.,0.707106781186546));
#4567=DIRECTION('ref_axis',(0.707106781186546,0.,0.707106781186549));
#4568=DIRECTION('',(0.707106781186546,0.,0.707106781186549));
#4569=DIRECTION('',(0.,1.,0.));
#4570=DIRECTION('center_axis',(1.,0.,0.));
#4571=DIRECTION('ref_axis',(0.,0.,-1.));
#4572=DIRECTION('center_axis',(-1.,0.,0.));
#4573=DIRECTION('ref_axis',(0.,0.,-1.));
#4574=DIRECTION('center_axis',(1.,0.,0.));
#4575=DIRECTION('ref_axis',(0.,1.,0.));
#4576=DIRECTION('',(0.,-1.,0.));
#4577=DIRECTION('center_axis',(1.,0.,0.));
#4578=DIRECTION('ref_axis',(0.,-3.66799866039099E-16,-1.));
#4579=DIRECTION('',(0.,1.,-3.70074341541719E-16));
#4580=DIRECTION('center_axis',(1.,0.,0.));
#4581=DIRECTION('ref_axis',(0.,0.,1.));
#4582=DIRECTION('center_axis',(0.707106781186548,-2.61682076447296E-16,
-0.707106781186547));
#4583=DIRECTION('ref_axis',(-0.707106781186547,0.,-0.707106781186548));
#4584=DIRECTION('',(0.707106781186546,0.,0.707106781186549));
#4585=DIRECTION('',(0.,-1.,3.70074341541719E-16));
#4586=DIRECTION('',(-0.707106781186546,0.,-0.707106781186549));
#4587=DIRECTION('',(0.,1.,-3.70074341541719E-16));
#4588=DIRECTION('center_axis',(-1.,0.,0.));
#4589=DIRECTION('ref_axis',(0.,-3.66799866039099E-16,-1.));
#4590=DIRECTION('',(0.707106781186546,0.,-0.707106781186549));
#4591=DIRECTION('center_axis',(-1.,0.,0.));
#4592=DIRECTION('ref_axis',(0.,-3.66799866039099E-16,-1.));
#4593=DIRECTION('center_axis',(1.,0.,0.));
#4594=DIRECTION('ref_axis',(0.,-3.66799866039099E-16,-1.));
#4595=DIRECTION('center_axis',(0.707106781186549,0.,0.707106781186546));
#4596=DIRECTION('ref_axis',(0.707106781186546,0.,-0.707106781186549));
#4597=DIRECTION('',(0.707106781186546,0.,-0.707106781186549));
#4598=DIRECTION('',(0.,1.,0.));
#4599=DIRECTION('',(0.,-1.,0.));
#4600=DIRECTION('center_axis',(-1.,0.,0.));
#4601=DIRECTION('ref_axis',(0.,0.,1.));
#4602=DIRECTION('center_axis',(-1.,0.,0.));
#4603=DIRECTION('ref_axis',(0.,0.,1.));
#4604=DIRECTION('center_axis',(1.,0.,0.));
#4605=DIRECTION('ref_axis',(0.,0.,1.));
#4606=DIRECTION('center_axis',(1.,0.,0.));
#4607=DIRECTION('ref_axis',(0.,-3.66799866039099E-16,-1.));
#4608=DIRECTION('',(1.,0.,0.));
#4609=DIRECTION('',(1.,0.,0.));
#4610=DIRECTION('center_axis',(0.,-3.70074341541719E-16,-1.));
#4611=DIRECTION('ref_axis',(0.,1.,-3.70074341541719E-16));
#4612=DIRECTION('',(1.,0.,0.));
#4613=DIRECTION('center_axis',(1.,0.,0.));
#4614=DIRECTION('ref_axis',(0.,1.,0.));
#4615=DIRECTION('center_axis',(1.,0.,0.));
#4616=DIRECTION('ref_axis',(0.,0.,1.));
#4617=DIRECTION('',(1.,0.,0.));
#4618=DIRECTION('center_axis',(0.,0.,1.));
#4619=DIRECTION('ref_axis',(0.,-1.,0.));
#4620=DIRECTION('axis',(0.,0.,1.));
#4621=DIRECTION('refdir',(1.,0.,0.));
#4622=DIRECTION('center_axis',(1.,-1.80411617931223E-48,1.23259516440783E-32));
#4623=DIRECTION('ref_axis',(1.80411617931223E-48,1.,1.71056941445901E-49));
#4624=DIRECTION('center_axis',(1.,-1.80411617931223E-48,1.23259516440783E-32));
#4625=DIRECTION('ref_axis',(1.23259516440783E-32,-3.8592539961289E-16,-1.));
#4626=DIRECTION('',(1.80411617931223E-48,1.,1.71056941445901E-49));
#4627=DIRECTION('center_axis',(1.,-1.80411617931223E-48,1.23259516440783E-32));
#4628=DIRECTION('ref_axis',(-1.23259516440783E-32,-1.71056941445901E-49,
1.));
#4629=DIRECTION('',(-1.80411617931223E-48,-1.,-1.71056941445901E-49));
#4630=DIRECTION('',(1.80411617931223E-48,1.,1.71056941445901E-49));
#4631=DIRECTION('center_axis',(-1.,1.80411617931223E-48,-1.23259516440783E-32));
#4632=DIRECTION('ref_axis',(-1.23259516440783E-32,2.73888196784558E-16,
1.));
#4633=DIRECTION('',(-1.80411617931223E-48,-1.,-1.71056941445901E-49));
#4634=DIRECTION('center_axis',(-1.,1.80411617931223E-48,-1.23259516440783E-32));
#4635=DIRECTION('ref_axis',(1.23259516440783E-32,1.71056941445901E-49,-1.));
#4636=DIRECTION('center_axis',(-1.,1.80411617931223E-48,-1.23259516440783E-32));
#4637=DIRECTION('ref_axis',(1.23259516440783E-32,1.71056941445901E-49,-1.));
#4638=DIRECTION('',(-1.,1.80411617931223E-48,-1.23259516440783E-32));
#4639=DIRECTION('center_axis',(-1.,1.80411617931223E-48,-1.23259516440783E-32));
#4640=DIRECTION('ref_axis',(1.23259516440783E-32,1.71056941445901E-49,-1.));
#4641=DIRECTION('',(-1.,1.80411617931223E-48,-1.23259516440783E-32));
#4642=DIRECTION('center_axis',(-1.23259516440783E-32,-1.71056941445901E-49,
1.));
#4643=DIRECTION('ref_axis',(1.80411617931223E-48,1.,1.71056941445901E-49));
#4644=DIRECTION('',(-1.,1.80411617931223E-48,-1.23259516440783E-32));
#4645=DIRECTION('',(-1.80411617931223E-48,-1.,-1.71056941445901E-49));
#4646=DIRECTION('center_axis',(-1.23259516440783E-32,-1.71056941445901E-49,
1.));
#4647=DIRECTION('ref_axis',(1.80411617931223E-48,1.,1.71056941445901E-49));
#4648=DIRECTION('',(-1.,1.80411617931223E-48,-1.23259516440783E-32));
#4649=DIRECTION('',(1.80411617931223E-48,1.,1.71056941445901E-49));
#4650=DIRECTION('',(-1.,1.80411617931223E-48,-1.23259516440783E-32));
#4651=DIRECTION('center_axis',(-1.,1.80411617931223E-48,-1.23259516440783E-32));
#4652=DIRECTION('ref_axis',(-1.23259516440783E-32,-1.71056941445901E-49,
1.));
#4653=DIRECTION('',(-1.,1.80411617931223E-48,-1.23259516440783E-32));
#4654=DIRECTION('center_axis',(-1.,1.80411617931223E-48,-1.23259516440783E-32));
#4655=DIRECTION('ref_axis',(-1.23259516440783E-32,-1.71056941445901E-49,
1.));
#4656=DIRECTION('center_axis',(-1.,1.80411617931223E-48,-1.23259516440783E-32));
#4657=DIRECTION('ref_axis',(-1.23259516440783E-32,2.73888196784558E-16,
1.));
#4658=DIRECTION('',(-1.,1.80411617931223E-48,-1.23259516440783E-32));
#4659=DIRECTION('center_axis',(-1.,1.80411617931223E-48,-1.23259516440783E-32));
#4660=DIRECTION('ref_axis',(-1.23259516440783E-32,2.73888196784558E-16,
1.));
#4661=DIRECTION('center_axis',(1.23259516440783E-32,1.71056941445901E-49,
-1.));
#4662=DIRECTION('ref_axis',(-1.80411617931223E-48,-1.,-1.71056941445901E-49));
#4663=DIRECTION('',(1.80411617931223E-48,1.,1.71056941445901E-49));
#4664=DIRECTION('center_axis',(1.23259516440783E-32,1.71056941445901E-49,
-1.));
#4665=DIRECTION('ref_axis',(-1.80411617931223E-48,-1.,-1.71056941445901E-49));
#4666=DIRECTION('',(-1.,1.80411617931223E-48,-1.23259516440783E-32));
#4667=DIRECTION('',(-1.80411617931223E-48,-1.,-1.71056941445901E-49));
#4668=DIRECTION('center_axis',(-1.,1.80411617931223E-48,-1.23259516440783E-32));
#4669=DIRECTION('ref_axis',(1.23259516440783E-32,-3.8592539961289E-16,-1.));
#4670=DIRECTION('center_axis',(-1.,1.80411617931223E-48,-1.23259516440783E-32));
#4671=DIRECTION('ref_axis',(1.23259516440783E-32,-3.8592539961289E-16,-1.));
#4672=DIRECTION('center_axis',(0.707106781186549,-1.39665830770547E-48,
0.707106781186546));
#4673=DIRECTION('ref_axis',(0.707106781186546,-1.15474726117461E-48,-0.707106781186549));
#4674=DIRECTION('',(0.707106781186546,-1.15474726117461E-48,-0.707106781186549));
#4675=DIRECTION('',(1.80411617931223E-48,1.,1.71056941445901E-49));
#4676=DIRECTION('',(-0.707106781186546,1.15474726117461E-48,0.707106781186549));
#4677=DIRECTION('center_axis',(1.,-1.80411617931223E-48,1.23259516440783E-32));
#4678=DIRECTION('ref_axis',(-1.23259516440783E-32,2.73888196784558E-16,
1.));
#4679=DIRECTION('',(0.707106781186546,-7.85046229341889E-16,0.707106781186549));
#4680=DIRECTION('center_axis',(1.,-1.80411617931223E-48,1.23259516440783E-32));
#4681=DIRECTION('ref_axis',(-1.23259516440783E-32,2.73888196784558E-16,
1.));
#4682=DIRECTION('center_axis',(0.707106781186549,-1.15474726117462E-48,
-0.707106781186546));
#4683=DIRECTION('ref_axis',(-0.707106781186546,1.39665830770547E-48,-0.707106781186549));
#4684=DIRECTION('',(0.707106781186546,-1.39665830770547E-48,0.707106781186549));
#4685=DIRECTION('',(-1.80411617931223E-48,-1.,-1.71056941445901E-49));
#4686=DIRECTION('center_axis',(1.,-1.80411617931223E-48,1.23259516440783E-32));
#4687=DIRECTION('ref_axis',(1.23259516440783E-32,1.71056941445901E-49,-1.));
#4688=DIRECTION('center_axis',(1.,-1.80411617931223E-48,1.23259516440783E-32));
#4689=DIRECTION('ref_axis',(1.23259516440783E-32,1.71056941445901E-49,-1.));
#4690=DIRECTION('center_axis',(1.,-1.80411617931223E-48,1.23259516440783E-32));
#4691=DIRECTION('ref_axis',(1.80411617931223E-48,1.,1.71056941445901E-49));
#4692=DIRECTION('axis',(0.,0.,1.));
#4693=DIRECTION('refdir',(1.,0.,0.));
#4694=DIRECTION('center_axis',(0.,0.766044443118978,-0.642787609686539));
#4695=DIRECTION('ref_axis',(-1.,0.,0.));
#4696=DIRECTION('',(0.,0.766044443118978,-0.642787609686539));
#4697=DIRECTION('center_axis',(0.,0.766044443118978,-0.642787609686539));
#4698=DIRECTION('ref_axis',(-1.,0.,0.));
#4699=DIRECTION('center_axis',(0.,-0.766044443118978,0.642787609686539));
#4700=DIRECTION('ref_axis',(-1.,0.,0.));
#4701=DIRECTION('center_axis',(0.,0.549508978070806,-0.835487811412936));
#4702=DIRECTION('ref_axis',(-1.,0.,0.));
#4703=DIRECTION('',(0.,0.549508978070806,-0.835487811412936));
#4704=DIRECTION('center_axis',(0.,0.549508978070806,-0.835487811412936));
#4705=DIRECTION('ref_axis',(-1.,0.,0.));
#4706=DIRECTION('center_axis',(0.,-0.549508978070806,0.835487811412936));
#4707=DIRECTION('ref_axis',(-1.,0.,0.));
#4708=DIRECTION('center_axis',(0.,0.28680323271109,-0.957989512315489));
#4709=DIRECTION('ref_axis',(-1.,0.,0.));
#4710=DIRECTION('',(0.,0.28680323271109,-0.957989512315489));
#4711=DIRECTION('center_axis',(0.,0.28680323271109,-0.957989512315489));
#4712=DIRECTION('ref_axis',(-1.,0.,0.));
#4713=DIRECTION('center_axis',(0.,-0.28680323271109,0.957989512315489));
#4714=DIRECTION('ref_axis',(-1.,0.,0.));
#4715=DIRECTION('center_axis',(0.,-0.28680323271109,-0.957989512315489));
#4716=DIRECTION('ref_axis',(-1.,0.,0.));
#4717=DIRECTION('',(0.,-0.28680323271109,-0.957989512315489));
#4718=DIRECTION('center_axis',(0.,-0.28680323271109,-0.957989512315489));
#4719=DIRECTION('ref_axis',(-1.,0.,0.));
#4720=DIRECTION('center_axis',(0.,0.28680323271109,0.957989512315489));
#4721=DIRECTION('ref_axis',(-1.,0.,0.));
#4722=DIRECTION('center_axis',(0.,-0.549508978070806,-0.835487811412936));
#4723=DIRECTION('ref_axis',(-1.,0.,0.));
#4724=DIRECTION('',(0.,-0.549508978070806,-0.835487811412936));
#4725=DIRECTION('center_axis',(0.,-0.549508978070806,-0.835487811412936));
#4726=DIRECTION('ref_axis',(-1.,0.,0.));
#4727=DIRECTION('center_axis',(0.,0.549508978070806,0.835487811412936));
#4728=DIRECTION('ref_axis',(-1.,0.,0.));
#4729=DIRECTION('center_axis',(0.,-0.766044443118978,-0.642787609686539));
#4730=DIRECTION('ref_axis',(-1.,0.,0.));
#4731=DIRECTION('',(0.,-0.766044443118978,-0.642787609686539));
#4732=DIRECTION('center_axis',(0.,-0.766044443118978,-0.642787609686539));
#4733=DIRECTION('ref_axis',(-1.,0.,0.));
#4734=DIRECTION('center_axis',(0.,0.766044443118978,0.642787609686539));
#4735=DIRECTION('ref_axis',(-1.,0.,0.));
#4736=DIRECTION('center_axis',(0.,0.,-1.));
#4737=DIRECTION('ref_axis',(-1.,0.,0.));
#4738=DIRECTION('',(0.,0.,-1.));
#4739=DIRECTION('center_axis',(0.,0.,-1.));
#4740=DIRECTION('ref_axis',(-1.,0.,0.));
#4741=DIRECTION('center_axis',(0.,0.,1.));
#4742=DIRECTION('ref_axis',(-1.,0.,0.));
#4743=DIRECTION('center_axis',(0.,0.,-1.));
#4744=DIRECTION('ref_axis',(-1.,0.,0.));
#4745=DIRECTION('center_axis',(0.,0.,-1.));
#4746=DIRECTION('ref_axis',(-1.,0.,0.));
#4747=DIRECTION('',(0.,0.,-1.));
#4748=DIRECTION('center_axis',(0.,0.,-1.));
#4749=DIRECTION('ref_axis',(-1.,0.,0.));
#4750=DIRECTION('center_axis',(0.,0.,1.));
#4751=DIRECTION('ref_axis',(-1.,0.,0.));
#4752=DIRECTION('center_axis',(0.,0.,1.));
#4753=DIRECTION('ref_axis',(-1.,0.,0.));
#4754=DIRECTION('center_axis',(0.,0.,-1.));
#4755=DIRECTION('ref_axis',(-1.,0.,0.));
#4756=DIRECTION('center_axis',(0.,0.,-1.));
#4757=DIRECTION('ref_axis',(-1.,0.,0.));
#4758=DIRECTION('',(0.,0.,-1.));
#4759=DIRECTION('center_axis',(0.,0.,-1.));
#4760=DIRECTION('ref_axis',(-1.,0.,0.));
#4761=DIRECTION('center_axis',(0.,0.,1.));
#4762=DIRECTION('ref_axis',(-1.,0.,0.));
#4763=DIRECTION('center_axis',(0.,0.,1.));
#4764=DIRECTION('ref_axis',(-1.,0.,0.));
#4765=DIRECTION('center_axis',(1.,0.,0.));
#4766=DIRECTION('ref_axis',(0.,-1.,0.));
#4767=DIRECTION('center_axis',(1.,0.,0.));
#4768=DIRECTION('ref_axis',(0.,-1.,0.));
#4769=DIRECTION('',(-1.,0.,0.));
#4770=DIRECTION('center_axis',(-1.,0.,0.));
#4771=DIRECTION('ref_axis',(0.,-1.,0.));
#4772=DIRECTION('',(1.,0.,0.));
#4773=DIRECTION('center_axis',(0.,-0.216930457818656,-0.976187060183953));
#4774=DIRECTION('ref_axis',(0.,0.976187060183953,-0.216930457818656));
#4775=DIRECTION('',(0.,0.976187060183953,-0.216930457818656));
#4776=DIRECTION('',(1.,0.,0.));
#4777=DIRECTION('',(0.,-0.976187060183953,0.216930457818656));
#4778=DIRECTION('',(1.,0.,0.));
#4779=DIRECTION('center_axis',(0.,-1.,0.));
#4780=DIRECTION('ref_axis',(0.,0.,-1.));
#4781=DIRECTION('',(0.,0.,-1.));
#4782=DIRECTION('',(1.,0.,0.));
#4783=DIRECTION('',(0.,0.,1.));
#4784=DIRECTION('center_axis',(0.,0.216930457818656,0.976187060183953));
#4785=DIRECTION('ref_axis',(0.,-0.976187060183953,0.216930457818656));
#4786=DIRECTION('',(0.,-0.976187060183953,0.216930457818656));
#4787=DIRECTION('',(1.,0.,0.));
#4788=DIRECTION('',(0.,0.976187060183953,-0.216930457818656));
#4789=DIRECTION('center_axis',(0.,-0.216930457818656,0.976187060183953));
#4790=DIRECTION('ref_axis',(0.,-0.976187060183953,-0.216930457818656));
#4791=DIRECTION('',(0.,-0.976187060183953,-0.216930457818656));
#4792=DIRECTION('',(1.,0.,0.));
#4793=DIRECTION('',(0.,0.976187060183953,0.216930457818656));
#4794=DIRECTION('',(-1.,0.,0.));
#4795=DIRECTION('center_axis',(0.,1.,-6.1930591460421E-16));
#4796=DIRECTION('ref_axis',(0.,6.1930591460421E-16,1.));
#4797=DIRECTION('',(0.,6.1930591460421E-16,1.));
#4798=DIRECTION('',(1.,0.,0.));
#4799=DIRECTION('',(0.,-6.1930591460421E-16,-1.));
#4800=DIRECTION('center_axis',(0.,0.216930457818655,-0.976187060183953));
#4801=DIRECTION('ref_axis',(0.,0.976187060183953,0.216930457818655));
#4802=DIRECTION('',(0.,0.976187060183953,0.216930457818655));
#4803=DIRECTION('',(-1.,0.,0.));
#4804=DIRECTION('',(0.,-0.976187060183953,-0.216930457818655));
#4805=DIRECTION('center_axis',(0.,0.,1.));
#4806=DIRECTION('ref_axis',(-1.,0.,0.));
#4807=DIRECTION('',(0.,-1.,0.));
#4808=DIRECTION('',(-1.,0.,0.));
#4809=DIRECTION('',(0.,1.,0.));
#4810=DIRECTION('center_axis',(0.,1.,0.));
#4811=DIRECTION('ref_axis',(-1.,0.,0.));
#4812=DIRECTION('',(0.,0.,1.));
#4813=DIRECTION('',(1.,0.,0.));
#4814=DIRECTION('',(0.,0.,-1.));
#4815=DIRECTION('center_axis',(1.,0.,0.));
#4816=DIRECTION('ref_axis',(0.,1.,0.));
#4817=DIRECTION('',(0.,0.,1.));
#4818=DIRECTION('',(0.,0.,1.));
#4819=DIRECTION('',(0.,1.,0.));
#4820=DIRECTION('',(0.,0.,1.));
#4821=DIRECTION('',(0.,1.,0.));
#4822=DIRECTION('center_axis',(0.,-1.,0.));
#4823=DIRECTION('ref_axis',(1.,0.,0.));
#4824=DIRECTION('',(0.,0.,-1.));
#4825=DIRECTION('center_axis',(0.,0.,1.));
#4826=DIRECTION('ref_axis',(-1.,0.,0.));
#4827=DIRECTION('',(0.,0.,-1.));
#4828=DIRECTION('center_axis',(0.,0.,1.));
#4829=DIRECTION('ref_axis',(-1.,0.,0.));
#4830=DIRECTION('center_axis',(0.,0.,1.));
#4831=DIRECTION('ref_axis',(-1.,0.,0.));
#4832=DIRECTION('',(0.,0.,-1.));
#4833=DIRECTION('center_axis',(0.,0.,1.));
#4834=DIRECTION('ref_axis',(-1.,0.,0.));
#4835=DIRECTION('center_axis',(0.,1.,0.));
#4836=DIRECTION('ref_axis',(-1.,0.,0.));
#4837=DIRECTION('',(-1.,0.,0.));
#4838=DIRECTION('',(0.,0.,1.));
#4839=DIRECTION('center_axis',(0.,-1.,0.));
#4840=DIRECTION('ref_axis',(1.,0.,0.));
#4841=DIRECTION('',(0.,0.,1.));
#4842=DIRECTION('',(1.,0.,0.));
#4843=DIRECTION('center_axis',(-1.,0.,0.));
#4844=DIRECTION('ref_axis',(0.,-1.,0.));
#4845=DIRECTION('',(0.,-1.,0.));
#4846=DIRECTION('',(0.,-1.,0.));
#4847=DIRECTION('center_axis',(0.,0.,1.));
#4848=DIRECTION('ref_axis',(-1.,0.,0.));
#4849=DIRECTION('center_axis',(0.,0.,1.));
#4850=DIRECTION('ref_axis',(-1.,0.,0.));
#4851=DIRECTION('',(0.,0.,1.));
#4852=DIRECTION('',(1.,0.,0.));
#4853=DIRECTION('',(-1.,-4.25440932483312E-16,6.27276008913214E-15));
#4854=DIRECTION('',(6.28663776094311E-15,-9.81202953689636E-18,1.));
#4855=DIRECTION('',(-2.77555756156288E-17,1.04083408558608E-16,0.999999999999998));
#4856=DIRECTION('',(2.77555756156286E-17,-0.999999999999999,1.04083408558608E-16));
#4857=DIRECTION('',(0.,0.,1.));
#4858=DIRECTION('',(1.,0.,0.));
#4859=DIRECTION('',(0.,0.,1.));
#4860=DIRECTION('',(1.,0.,0.));
#4861=CARTESIAN_POINT('',(0.,0.,0.));
#4862=CARTESIAN_POINT('',(0.,0.,0.));
#4863=CARTESIAN_POINT('Origin',(-38.0000004917383,0.499999940395358,6.));
#4864=CARTESIAN_POINT('',(-43.2535633603072,-2.50000005960465,5.99999999999999));
#4865=CARTESIAN_POINT('',(-30.7464376231695,-2.50000005960464,5.99999999999999));
#4866=CARTESIAN_POINT('Origin',(-37.0000004917383,-2.50000005960465,6.));
#4867=CARTESIAN_POINT('',(-43.2535633603072,3.49999994039536,5.99999999999999));
#4868=CARTESIAN_POINT('',(-43.2535633603072,-1.00000005960464,6.));
#4869=CARTESIAN_POINT('',(-30.7464376231695,3.49999994039536,5.99999999999999));
#4870=CARTESIAN_POINT('Origin',(-37.0000004917383,3.49999994039536,6.));
#4871=CARTESIAN_POINT('',(-30.7464376231695,1.99999994039536,6.));
#4872=CARTESIAN_POINT('',(-41.2535633603072,3.49999994039536,5.99999999999999));
#4873=CARTESIAN_POINT('',(-32.7464376231695,3.49999994039536,5.99999999999999));
#4874=CARTESIAN_POINT('Origin',(-37.0000004917384,3.49999994039536,5.99999999999999));
#4875=CARTESIAN_POINT('',(-41.2535633603072,-2.50000005960465,5.99999999999999));
#4876=CARTESIAN_POINT('',(-41.2535633603072,1.99999994039536,6.));
#4877=CARTESIAN_POINT('',(-32.7464376231695,-2.50000005960464,5.99999999999999));
#4878=CARTESIAN_POINT('Origin',(-37.0000004917383,-2.50000005960464,5.99999999999999));
#4879=CARTESIAN_POINT('',(-32.7464376231695,-1.00000005960464,6.));
#4880=CARTESIAN_POINT('Origin',(-32.7464376231695,-2.50000005960464,2.19999999999994));
#4881=CARTESIAN_POINT('',(-32.7464376231695,-2.50000005960464,7.99999999999994));
#4882=CARTESIAN_POINT('',(-32.7464376231695,-2.50000005960464,6.99999999999999));
#4883=CARTESIAN_POINT('',(-32.7464376231695,3.49999994039536,7.99999999999994));
#4884=CARTESIAN_POINT('',(-32.7464376231695,-1.00000005960464,7.99999999999994));
#4885=CARTESIAN_POINT('',(-32.7464376231695,3.49999994039536,6.99999999999999));
#4886=CARTESIAN_POINT('Origin',(-37.0000004917384,-2.50000005960464,2.19999999999996));
#4887=CARTESIAN_POINT('',(-41.2535633603072,-2.50000005960465,7.99999999999999));
#4888=CARTESIAN_POINT('',(-41.2535633603072,-2.50000005960465,2.19999999999999));
#4889=CARTESIAN_POINT('Origin',(-37.0000004917383,-2.50000005960465,7.99999999999996));
#4890=CARTESIAN_POINT('Origin',(-43.2535633603072,-2.50000005960464,6.99999999999999));
#4891=CARTESIAN_POINT('',(-43.2535633603072,-2.50000005960465,6.99999999999999));
#4892=CARTESIAN_POINT('',(-43.2535633603072,-2.50000005960465,6.99999999999999));
#4893=CARTESIAN_POINT('',(-43.2535633603072,3.49999994039536,6.99999999999999));
#4894=CARTESIAN_POINT('',(-43.2535633603072,7.64999997019772,6.99999999999999));
#4895=CARTESIAN_POINT('',(-43.2535633603072,3.49999994039536,6.99999999999999));
#4896=CARTESIAN_POINT('Origin',(-37.0000004917383,-2.50000005960465,6.99999999999999));
#4897=CARTESIAN_POINT('',(-30.7464376231695,-2.50000005960464,6.99999999999999));
#4898=CARTESIAN_POINT('',(-30.7464376231695,-2.50000005960464,6.99999999999999));
#4899=CARTESIAN_POINT('Origin',(-37.0000004917383,-2.50000005960465,6.99999999999999));
#4900=CARTESIAN_POINT('Origin',(-12.1198587637592,-22.4998587637592,-4.19999999999999));
#4901=CARTESIAN_POINT('',(-16.5062200305308,-22.4998587637592,1.07440521761288));
#4902=CARTESIAN_POINT('',(-16.5063171622767,-22.5,-0.390918084548432));
#4903=CARTESIAN_POINT('',(-16.5062200305343,-22.4998587637592,-0.5));
#4904=CARTESIAN_POINT('',(-20.4397598870411,-22.4998587637592,-3.00000000000124));
#4905=CARTESIAN_POINT('Origin',(-15.1198587637592,-22.4998587637592,-4.19999999999999));
#4906=CARTESIAN_POINT('',(-18.9917280706237,-22.5,-3.));
#4907=CARTESIAN_POINT('',(-13.5099293818796,-22.4998587637592,-3.));
#4908=CARTESIAN_POINT('Origin',(-15.1198587637592,-22.5,-4.19999999999999));
#4909=CARTESIAN_POINT('Origin',(-21.45,-19.1,-0.5));
#4910=CARTESIAN_POINT('',(-16.5063171622767,-22.5,-3.));
#4911=CARTESIAN_POINT('',(-16.5063171622767,-22.5,-0.5));
#4912=CARTESIAN_POINT('',(-26.3936828377233,-22.5,-3.));
#4913=CARTESIAN_POINT('Origin',(-21.45,-19.1,-3.));
#4914=CARTESIAN_POINT('',(-26.3936828377233,-22.5,7.));
#4915=CARTESIAN_POINT('',(-26.3936828377233,-22.5,-0.5));
#4916=CARTESIAN_POINT('',(-16.5063171622767,-22.5,7.));
#4917=CARTESIAN_POINT('Origin',(-21.45,-19.1,7.));
#4918=CARTESIAN_POINT('',(-16.5063171622731,-22.5,1.07437968587556));
#4919=CARTESIAN_POINT('',(-16.5063171622767,-22.5,-0.5));
#4920=CARTESIAN_POINT('Ctrl Pts',(-16.5063171622743,-22.4999999999965,1.07437968586066));
#4921=CARTESIAN_POINT('Ctrl Pts',(-16.5062847981916,-22.4999529418318,1.07438819329791));
#4922=CARTESIAN_POINT('Ctrl Pts',(-16.5062523934373,-22.499905823088,1.07439671110737));
#4923=CARTESIAN_POINT('Ctrl Pts',(-16.5062200305319,-22.4998587637557,1.07440521759799));
#4924=CARTESIAN_POINT('Origin',(-14.9,17.8,-3.));
#4925=CARTESIAN_POINT('',(-20.4397598870411,-22.5,-3.00000000000124));
#4926=CARTESIAN_POINT('',(-20.4397598870351,-26.4698587637592,-3.));
#4927=CARTESIAN_POINT('',(-19.,-22.5,-3.));
#4928=CARTESIAN_POINT('',(-19.,-22.5,-3.));
#4929=CARTESIAN_POINT('',(-22.95,-19.1,-3.));
#4930=CARTESIAN_POINT('Origin',(-21.45,-19.1,-3.));
#4931=CARTESIAN_POINT('Origin',(55.2,-22.5,0.));
#4932=CARTESIAN_POINT('Origin',(-9.11985876375916,-26.4698587637592,-9.65356286856882));
#4933=CARTESIAN_POINT('',(-9.11985876375916,-26.5,-9.65356286856882));
#4934=CARTESIAN_POINT('',(-9.11985876375916,-22.5,-9.65356286856882));
#4935=CARTESIAN_POINT('',(-9.11985876375916,-23.0698587637592,-9.65356286856882));
#4936=CARTESIAN_POINT('',(-15.1198587637592,-22.5,-9.65356286856882));
#4937=CARTESIAN_POINT('',(-16.1099293818796,-22.5,-9.65356286856882));
#4938=CARTESIAN_POINT('',(-15.1198587637592,-26.5,-9.65356286856882));
#4939=CARTESIAN_POINT('',(-15.1198587637592,-26.4698587637592,-9.65356286856882));
#4940=CARTESIAN_POINT('',(23.0400706181204,-26.5,-9.65356286856882));
#4941=CARTESIAN_POINT('Origin',(-9.11985876375915,-26.4698587637592,-4.19999999999999));
#4942=CARTESIAN_POINT('',(-9.11985876375915,-26.5,1.25356286856884));
#4943=CARTESIAN_POINT('',(-9.11985876375915,-22.5,1.25356286856884));
#4944=CARTESIAN_POINT('',(-9.11985876375915,-23.0698587637592,1.25356286856884));
#4945=CARTESIAN_POINT('Origin',(-9.11985876375915,-22.5,-4.19999999999999));
#4946=CARTESIAN_POINT('Origin',(-9.11985876375915,-26.5,-4.19999999999999));
#4947=CARTESIAN_POINT('Origin',(-15.1198587637592,-26.4698587637592,1.25356286856884));
#4948=CARTESIAN_POINT('',(-15.1198587637592,-26.5,1.25356286856884));
#4949=CARTESIAN_POINT('',(-15.1198587637592,-22.5,1.25356286856884));
#4950=CARTESIAN_POINT('',(-15.1198587637592,-26.4698587637592,1.25356286856884));
#4951=CARTESIAN_POINT('',(-19.1099293818796,-22.5,1.25356286856884));
#4952=CARTESIAN_POINT('',(20.0400706181204,-26.5,1.25356286856884));
#4953=CARTESIAN_POINT('Origin',(-15.1198587637592,-26.4698587637592,-4.19999999999999));
#4954=CARTESIAN_POINT('Origin',(-15.1198587637592,-22.5,-4.19999999999999));
#4955=CARTESIAN_POINT('Origin',(-15.1198587637592,-22.5,-4.19999999999999));
#4956=CARTESIAN_POINT('Origin',(-15.1198587637592,-26.5,-4.19999999999999));
#4957=CARTESIAN_POINT('Origin',(-30.7464376231695,3.49999994039536,6.99999999999999));
#4958=CARTESIAN_POINT('',(-30.7464376231695,3.49999994039536,6.99999999999999));
#4959=CARTESIAN_POINT('',(-30.7464376231695,3.49999994039536,6.99999999999999));
#4960=CARTESIAN_POINT('',(-30.7464376231695,10.6499999701977,6.99999999999999));
#4961=CARTESIAN_POINT('Origin',(-37.0000004917383,3.49999994039536,6.99999999999999));
#4962=CARTESIAN_POINT('Origin',(-37.0000004917383,3.49999994039536,6.99999999999999));
#4963=CARTESIAN_POINT('Origin',(-32.2464376231695,-1.00000005960464,8.49999999999994));
#4964=CARTESIAN_POINT('',(-31.7464376231695,-2.50000005960464,8.99999999999993));
#4965=CARTESIAN_POINT('',(-31.7464376231695,-2.50000005960464,8.99999999999993));
#4966=CARTESIAN_POINT('',(-31.7464376231695,3.49999994039536,8.99999999999993));
#4967=CARTESIAN_POINT('',(-31.7464376231695,8.39999997019767,8.99999999999999));
#4968=CARTESIAN_POINT('',(-32.7464376231695,3.49999994039536,7.99999999999994));
#4969=CARTESIAN_POINT('Origin',(14.9,17.8,7.));
#4970=CARTESIAN_POINT('',(52.9004310161798,28.7,7.));
#4971=CARTESIAN_POINT('',(55.9320508075689,28.7,7.));
#4972=CARTESIAN_POINT('',(35.4160254037844,28.7,7.));
#4973=CARTESIAN_POINT('',(57.6641016151378,25.7,7.));
#4974=CARTESIAN_POINT('',(57.2310889132455,26.45,7.));
#4975=CARTESIAN_POINT('',(55.9320508075689,22.7,7.));
#4976=CARTESIAN_POINT('',(56.3650635094611,23.45,7.));
#4977=CARTESIAN_POINT('',(52.9,22.7,7.));
#4978=CARTESIAN_POINT('',(53.3339745962156,22.7,7.));
#4979=CARTESIAN_POINT('',(52.9,-6.29999999999998,7.));
#4980=CARTESIAN_POINT('',(52.9,39.,7.));
#4981=CARTESIAN_POINT('',(55.9320508075689,-6.29999999999998,7.));
#4982=CARTESIAN_POINT('',(55.0660254037844,-6.29999999999998,7.));
#4983=CARTESIAN_POINT('',(57.6641016151378,-9.29999999999998,7.));
#4984=CARTESIAN_POINT('',(57.2310889132455,-8.54999999999998,7.));
#4985=CARTESIAN_POINT('',(55.9320508075689,-12.3,7.));
#4986=CARTESIAN_POINT('',(56.3650635094611,-11.55,7.));
#4987=CARTESIAN_POINT('',(52.9000508075689,-12.3,7.));
#4988=CARTESIAN_POINT('',(35.4160254037844,-12.3,7.));
#4989=CARTESIAN_POINT('',(52.9000508075689,-17.8,7.));
#4990=CARTESIAN_POINT('',(52.9000508075689,2.75000000000001,7.));
#4991=CARTESIAN_POINT('',(46.407473858243,-17.8,7.));
#4992=CARTESIAN_POINT('',(53.3339745962156,-17.8,7.));
#4993=CARTESIAN_POINT('',(35.6063171622767,-22.5,7.));
#4994=CARTESIAN_POINT('Origin',(40.55,-19.1,7.));
#4995=CARTESIAN_POINT('',(-44.4842804253462,-22.5,7.));
#4996=CARTESIAN_POINT('',(-50.9,-22.5,7.));
#4997=CARTESIAN_POINT('',(-44.4842804253462,-22.5,7.));
#4998=CARTESIAN_POINT('',(-50.9,-12.3,7.));
#4999=CARTESIAN_POINT('',(-50.9,-22.5,7.));
#5000=CARTESIAN_POINT('',(-55.9320508075689,-12.3,7.));
#5001=CARTESIAN_POINT('',(-53.3339745962156,-12.3,7.));
#5002=CARTESIAN_POINT('',(-57.6641016151378,-9.29999999999998,7.));
#5003=CARTESIAN_POINT('',(-56.3650635094611,-11.55,7.));
#5004=CARTESIAN_POINT('',(-55.9320508075689,-6.29999999999998,7.));
#5005=CARTESIAN_POINT('',(-57.2310889132455,-8.54999999999998,7.));
#5006=CARTESIAN_POINT('',(-50.9,-6.29999999999998,7.));
#5007=CARTESIAN_POINT('',(-55.0660254037844,-6.29999999999998,7.));
#5008=CARTESIAN_POINT('',(-50.9,22.7,7.));
#5009=CARTESIAN_POINT('',(-50.9,-39.,7.));
#5010=CARTESIAN_POINT('',(-55.9320508075689,22.7,7.));
#5011=CARTESIAN_POINT('',(-53.3339745962156,22.7,7.));
#5012=CARTESIAN_POINT('',(-57.6641016151378,25.7,7.));
#5013=CARTESIAN_POINT('',(-56.3650635094611,23.45,7.));
#5014=CARTESIAN_POINT('',(-55.9320508075689,28.7,7.));
#5015=CARTESIAN_POINT('',(-57.2310889132455,26.45,7.));
#5016=CARTESIAN_POINT('',(-50.9,28.7,7.));
#5017=CARTESIAN_POINT('',(-55.0660254037844,28.7,7.));
#5018=CARTESIAN_POINT('',(-50.9,40.3,7.));
#5019=CARTESIAN_POINT('',(-50.9,-39.,7.));
#5020=CARTESIAN_POINT('',(-44.4842804253462,40.3,7.));
#5021=CARTESIAN_POINT('',(-52.9,40.3,7.));
#5022=CARTESIAN_POINT('',(-44.4842804253462,48.5,7.));
#5023=CARTESIAN_POINT('',(-44.4842804253462,39.,7.));
#5024=CARTESIAN_POINT('',(44.4842804253462,48.5,7.));
#5025=CARTESIAN_POINT('',(44.4842804253462,48.5,7.));
#5026=CARTESIAN_POINT('',(44.4842804253462,40.4300593301565,7.));
#5027=CARTESIAN_POINT('',(44.4842804253462,39.,7.));
#5028=CARTESIAN_POINT('',(45.6254310161798,32.7,7.));
#5029=CARTESIAN_POINT('Origin',(40.55,35.9,7.));
#5030=CARTESIAN_POINT('',(52.9004310161798,32.7,7.));
#5031=CARTESIAN_POINT('',(45.6254310161798,32.7,7.));
#5032=CARTESIAN_POINT('',(52.9004310161798,25.25,7.));
#5033=CARTESIAN_POINT('',(-27.45,35.9,7.));
#5034=CARTESIAN_POINT('Origin',(-21.45,35.9,7.));
#5035=CARTESIAN_POINT('',(52.7,-9.29999999999998,7.));
#5036=CARTESIAN_POINT('Origin',(54.2,-9.29999999999998,7.));
#5037=CARTESIAN_POINT('',(52.7,25.7,7.));
#5038=CARTESIAN_POINT('Origin',(54.2,25.7,7.));
#5039=CARTESIAN_POINT('',(37.0157195746538,44.5,7.));
#5040=CARTESIAN_POINT('Origin',(39.5157195746538,44.5,7.));
#5041=CARTESIAN_POINT('',(-52.7,-9.29999999999998,7.));
#5042=CARTESIAN_POINT('Origin',(-54.2,-9.29999999999998,7.));
#5043=CARTESIAN_POINT('',(-52.7,25.7,7.));
#5044=CARTESIAN_POINT('Origin',(-54.2,25.7,7.));
#5045=CARTESIAN_POINT('Origin',(-41.7535633603072,1.99999994039535,8.5));
#5046=CARTESIAN_POINT('',(-41.2535633603072,3.49999994039536,7.99999999999999));
#5047=CARTESIAN_POINT('',(-41.2535633603072,1.99999994039535,7.99999999999999));
#5048=CARTESIAN_POINT('',(-42.2535633603072,3.49999994039535,9.));
#5049=CARTESIAN_POINT('',(-41.2535633603072,3.49999994039536,7.99999999999999));
#5050=CARTESIAN_POINT('',(-42.2535633603072,-2.50000005960465,9.));
#5051=CARTESIAN_POINT('',(-42.2535633603072,9.89999997019767,8.99999999999999));
#5052=CARTESIAN_POINT('',(-41.2535633603072,-2.50000005960465,7.99999999999999));
#5053=CARTESIAN_POINT('Origin',(-37.0000004917384,3.49999994039536,2.19999999999996));
#5054=CARTESIAN_POINT('Origin',(-37.0000004917383,3.49999994039536,7.99999999999996));
#5055=CARTESIAN_POINT('',(-41.2535633603072,3.49999994039536,6.99999999999999));
#5056=CARTESIAN_POINT('Origin',(-41.2535633603072,3.49999994039536,2.19999999999999));
#5057=CARTESIAN_POINT('Origin',(-37.0000004917383,3.49999994039536,8.49999999999996));
#5058=CARTESIAN_POINT('Origin',(-37.0000004917383,3.49999994039536,9.00000000000033));
#5059=CARTESIAN_POINT('Origin',(-37.0000004917383,-2.50000005960465,8.49999999999996));
#5060=CARTESIAN_POINT('Origin',(-37.0000004917383,-2.50000005960465,9.00000000000033));
#5061=CARTESIAN_POINT('Origin',(56.3,8.89999999999998,-3.25000000000001));
#5062=CARTESIAN_POINT('',(56.3,-22.5,-9.50000000000003));
#5063=CARTESIAN_POINT('',(56.3,40.3,-9.49999999999997));
#5064=CARTESIAN_POINT('',(56.3,-6.80000000000002,-9.50000000000001));
#5065=CARTESIAN_POINT('',(56.3,-22.5,-0.5));
#5066=CARTESIAN_POINT('',(56.3,-22.5,-10.5));
#5067=CARTESIAN_POINT('',(56.3,-11.6626933041053,-0.5));
#5068=CARTESIAN_POINT('',(56.3,-22.5,-0.5));
#5069=CARTESIAN_POINT('',(56.3,-11.6626933041053,2.));
#5070=CARTESIAN_POINT('',(56.3,-11.6626933041053,-0.625000000000007));
#5071=CARTESIAN_POINT('',(56.3,-6.93730669589462,2.));
#5072=CARTESIAN_POINT('',(56.3,-0.2,2.));
#5073=CARTESIAN_POINT('',(56.3,23.3373066958947,2.));
#5074=CARTESIAN_POINT('',(56.3,6.20838816505651,2.));
#5075=CARTESIAN_POINT('',(56.3,28.0626933041054,2.));
#5076=CARTESIAN_POINT('',(56.3,17.3,2.));
#5077=CARTESIAN_POINT('',(56.3,28.0626933041054,-0.500000000000001));
#5078=CARTESIAN_POINT('',(56.3,28.0626933041054,-0.625000000000007));
#5079=CARTESIAN_POINT('',(56.3,40.3,-0.5));
#5080=CARTESIAN_POINT('',(56.3,18.8,-0.5));
#5081=CARTESIAN_POINT('',(56.3,40.3,-0.5));
#5082=CARTESIAN_POINT('Origin',(55.9320508075689,-6.29999999999998,7.));
#5083=CARTESIAN_POINT('',(55.9320508075689,-6.29999999999998,2.));
#5084=CARTESIAN_POINT('',(52.9,-6.29999999999998,2.));
#5085=CARTESIAN_POINT('',(54.4160254037844,-6.29999999999998,2.));
#5086=CARTESIAN_POINT('',(55.9320508075689,-6.29999999999998,7.));
#5087=CARTESIAN_POINT('',(52.9,-6.29999999999998,3.5));
#5088=CARTESIAN_POINT('Origin',(52.9,24.9516685226452,2.));
#5089=CARTESIAN_POINT('',(52.9,22.7,2.));
#5090=CARTESIAN_POINT('',(52.9,1.8758342613226,2.));
#5091=CARTESIAN_POINT('',(55.9320508075689,22.7,2.));
#5092=CARTESIAN_POINT('',(55.9320508075689,22.7,2.));
#5093=CARTESIAN_POINT('',(57.6641016151378,25.7,2.));
#5094=CARTESIAN_POINT('',(49.6528851475919,4.57583395222191,2.));
#5095=CARTESIAN_POINT('Origin',(57.6641016151378,-9.29999999999998,7.));
#5096=CARTESIAN_POINT('',(57.6641016151378,-9.29999999999998,2.));
#5097=CARTESIAN_POINT('',(55.9320508075689,-6.29999999999998,2.));
#5098=CARTESIAN_POINT('',(57.6641016151378,-9.29999999999998,7.));
#5099=CARTESIAN_POINT('Origin',(52.9,-21.2,0.));
#5100=CARTESIAN_POINT('',(52.9,22.7,3.5));
#5101=CARTESIAN_POINT('Origin',(-23.1,-22.5,0.));
#5102=CARTESIAN_POINT('',(35.6063171622767,-22.5,-3.));
#5103=CARTESIAN_POINT('',(35.6063171622767,-22.5,-0.5));
#5104=CARTESIAN_POINT('',(45.4936828377233,-22.5,-3.));
#5105=CARTESIAN_POINT('',(8.725,-22.5,-3.));
#5106=CARTESIAN_POINT('',(45.4936828377233,-22.5,-0.5));
#5107=CARTESIAN_POINT('',(45.4936828377233,-22.5,-0.5));
#5108=CARTESIAN_POINT('',(-4.1,-22.5,-0.5));
#5109=CARTESIAN_POINT('',(55.3,-22.5,-10.5));
#5110=CARTESIAN_POINT('',(38.0750000000001,-22.5,-27.725));
#5111=CARTESIAN_POINT('',(-50.9,-22.5,-10.5));
#5112=CARTESIAN_POINT('',(33.9,-22.5,-10.5));
#5113=CARTESIAN_POINT('',(-50.9,-22.5,0.));
#5114=CARTESIAN_POINT('Origin',(-14.9,0.,-3.));
#5115=CARTESIAN_POINT('',(-27.45,35.9,-3.));
#5116=CARTESIAN_POINT('Origin',(-21.45,35.9,-3.));
#5117=CARTESIAN_POINT('',(-22.95,35.9,-3.));
#5118=CARTESIAN_POINT('Origin',(-21.45,35.9,-3.));
#5119=CARTESIAN_POINT('Origin',(40.55,35.9,-3.));
#5120=CARTESIAN_POINT('',(44.6292156108743,40.3,-3.));
#5121=CARTESIAN_POINT('',(44.4842804253462,40.4300593301565,-3.));
#5122=CARTESIAN_POINT('Origin',(40.55,35.9,-3.));
#5123=CARTESIAN_POINT('',(44.4842804253462,40.3,-3.));
#5124=CARTESIAN_POINT('',(44.4842804253462,37.45,-3.));
#5125=CARTESIAN_POINT('',(46.725,40.3,-3.));
#5126=CARTESIAN_POINT('',(39.05,35.9,-3.));
#5127=CARTESIAN_POINT('Origin',(40.55,35.9,-3.));
#5128=CARTESIAN_POINT('Origin',(44.4842804253462,39.,5.));
#5129=CARTESIAN_POINT('',(44.4842804253462,40.4300593301565,0.));
#5130=CARTESIAN_POINT('',(44.4842804253462,48.5,-5.));
#5131=CARTESIAN_POINT('',(44.4842804253462,48.5,0.));
#5132=CARTESIAN_POINT('',(44.4842804253462,44.3,-5.));
#5133=CARTESIAN_POINT('',(44.4842804253462,40.5,-5.));
#5134=CARTESIAN_POINT('',(44.4842804253462,40.3,-8.99999999999999));
#5135=CARTESIAN_POINT('',(44.4842804253462,44.475,-4.825));
#5136=CARTESIAN_POINT('',(44.4842804253462,40.3,2.5));
#5137=CARTESIAN_POINT('Origin',(14.9,0.,-0.5));
#5138=CARTESIAN_POINT('',(45.6254310161798,32.7,-0.5));
#5139=CARTESIAN_POINT('',(44.6292156108743,40.3,-0.5));
#5140=CARTESIAN_POINT('Origin',(40.55,35.9,-0.5));
#5141=CARTESIAN_POINT('',(33.9,40.3,-0.5));
#5142=CARTESIAN_POINT('',(55.9320508075689,28.7,-0.5));
#5143=CARTESIAN_POINT('',(55.9320508075689,28.7,-0.5));
#5144=CARTESIAN_POINT('',(52.9004310161798,28.7,-0.499999999999999));
#5145=CARTESIAN_POINT('',(35.4160254037844,28.7,-0.5));
#5146=CARTESIAN_POINT('',(52.9004310161798,32.7,-0.499999999999999));
#5147=CARTESIAN_POINT('',(52.9004310161798,16.35,-0.5));
#5148=CARTESIAN_POINT('',(30.2627155080899,32.7,-0.5));
#5149=CARTESIAN_POINT('Origin',(40.55,-17.8,-3.));
#5150=CARTESIAN_POINT('Origin',(40.55,-19.1,-3.));
#5151=CARTESIAN_POINT('',(39.05,-19.1,-3.));
#5152=CARTESIAN_POINT('Origin',(40.55,-19.1,-3.));
#5153=CARTESIAN_POINT('Origin',(45.6254310161798,32.7,-0.5));
#5154=CARTESIAN_POINT('',(45.6254310161798,32.7,0.));
#5155=CARTESIAN_POINT('',(52.9004310161798,32.7,0.));
#5156=CARTESIAN_POINT('Origin',(52.9004310161798,32.7,7.));
#5157=CARTESIAN_POINT('',(52.9004310161798,28.7,7.));
#5158=CARTESIAN_POINT('Origin',(55.9320508075689,28.7,7.));
#5159=CARTESIAN_POINT('',(55.9320508075689,28.7,7.));
#5160=CARTESIAN_POINT('Origin',(40.55,35.9,0.));
#5161=CARTESIAN_POINT('',(44.6292156108743,40.3,-0.5));
#5162=CARTESIAN_POINT('Origin',(55.9320508075689,-12.3,7.));
#5163=CARTESIAN_POINT('',(55.9320508075689,-12.3,-0.5));
#5164=CARTESIAN_POINT('',(55.9320508075689,-12.3,7.));
#5165=CARTESIAN_POINT('',(52.9000508075689,-12.3,-0.5));
#5166=CARTESIAN_POINT('',(55.9320508075689,-12.3,-0.5));
#5167=CARTESIAN_POINT('',(52.9000508075689,-12.3,7.));
#5168=CARTESIAN_POINT('Origin',(52.9000508075689,-12.3,-0.5));
#5169=CARTESIAN_POINT('',(52.9000508075689,-17.8,-0.5));
#5170=CARTESIAN_POINT('',(52.9000508075689,2.75000000000001,-0.5));
#5171=CARTESIAN_POINT('',(52.9000508075689,-17.8,3.25));
#5172=CARTESIAN_POINT('Origin',(-58.2,27.8178932188134,-26.5678932188134));
#5173=CARTESIAN_POINT('',(-58.2,44.5928932188134,-11.2071067811865));
#5174=CARTESIAN_POINT('',(-59.2,43.8857864376269,-10.5));
#5175=CARTESIAN_POINT('Origin',(-58.2,43.8857864376269,-10.5));
#5176=CARTESIAN_POINT('',(-59.2,50.3,-4.08578643762691));
#5177=CARTESIAN_POINT('',(-59.2,27.8178932188134,-26.5678932188134));
#5178=CARTESIAN_POINT('',(-58.2,51.0071067811865,-4.79289321881346));
#5179=CARTESIAN_POINT('Origin',(-58.2,50.3,-4.08578643762691));
#5180=CARTESIAN_POINT('',(-58.2,28.525,-27.275));
#5181=CARTESIAN_POINT('Ctrl Pts',(-59.2,50.3,-4.08578643762691));
#5182=CARTESIAN_POINT('Ctrl Pts',(-59.2,51.1975979010256,-3.41258801185767));
#5183=CARTESIAN_POINT('Ctrl Pts',(-58.4685980593616,53.2953152111371,-1.83930002927406));
#5184=CARTESIAN_POINT('Ctrl Pts',(-56.3967972013675,54.3,-1.08578643762691));
#5185=CARTESIAN_POINT('Ctrl Pts',(-55.2,54.3,-1.08578643762691));
#5186=CARTESIAN_POINT('Ctrl Pts',(-59.2,50.511565854198,-4.29735229182493));
#5187=CARTESIAN_POINT('Ctrl Pts',(-59.1510735857337,51.3880463191613,-3.60231928451453));
#5188=CARTESIAN_POINT('Ctrl Pts',(-58.349404040834,53.3765007519596,-1.9973682934771));
#5189=CARTESIAN_POINT('Ctrl Pts',(-56.3520878166077,54.3,-1.23538608779785));
#5190=CARTESIAN_POINT('Ctrl Pts',(-55.2,54.3,-1.23538608779785));
#5191=CARTESIAN_POINT('Ctrl Pts',(-58.9487296646646,50.8777278515891,-4.66351428921601));
#5192=CARTESIAN_POINT('Ctrl Pts',(-58.8732865915038,51.662172635182,-3.93372432941353));
#5193=CARTESIAN_POINT('Ctrl Pts',(-58.0881153106485,53.4244355465601,-2.27490877004299));
#5194=CARTESIAN_POINT('Ctrl Pts',(-56.2558525933498,54.2401870105181,-1.49700402883925));
#5195=CARTESIAN_POINT('Ctrl Pts',(-55.2,54.2401870105181,-1.49700402883925));
#5196=CARTESIAN_POINT('Ctrl Pts',(-58.4243994752564,51.0071067811865,-4.79289321881346));
#5197=CARTESIAN_POINT('Ctrl Pts',(-58.401928107608,51.7051419529403,-4.0942794194265));
#5198=CARTESIAN_POINT('Ctrl Pts',(-57.7825477116748,53.3196666297969,-2.47983549955574));
#5199=CARTESIAN_POINT('Ctrl Pts',(-56.1450652719927,54.0864439765108,-1.7135560234892));
#5200=CARTESIAN_POINT('Ctrl Pts',(-55.2,54.0864439765108,-1.7135560234892));
#5201=CARTESIAN_POINT('Ctrl Pts',(-58.2,51.0071067811865,-4.79289321881346));
#5202=CARTESIAN_POINT('Ctrl Pts',(-58.2,51.6803052069558,-4.11969479304422));
#5203=CARTESIAN_POINT('Ctrl Pts',(-57.6514485445212,53.2535931895394,-2.54640681046061));
#5204=CARTESIAN_POINT('Ctrl Pts',(-56.0975979010256,54.0071067811865,-1.79289321881345));
#5205=CARTESIAN_POINT('Ctrl Pts',(-55.2,54.0071067811865,-1.79289321881345));
#5206=CARTESIAN_POINT('',(-55.2,54.0071067811865,-1.79289321881345));
#5207=CARTESIAN_POINT('',(-55.2,54.3,-1.08578643762691));
#5208=CARTESIAN_POINT('Origin',(-55.2,53.3,-1.08578643762691));
#5209=CARTESIAN_POINT('Origin',(-55.2,51.0071067811865,-4.79289321881347));
#5210=CARTESIAN_POINT('Origin',(-55.2,50.3,-4.08578643762692));
#5211=CARTESIAN_POINT('Origin',(-15.325,53.3,-1.08578643762691));
#5212=CARTESIAN_POINT('',(55.2,54.3,-1.08578643762691));
#5213=CARTESIAN_POINT('',(-15.325,54.3,-1.08578643762691));
#5214=CARTESIAN_POINT('',(55.2,54.0071067811865,-1.79289321881345));
#5215=CARTESIAN_POINT('Origin',(55.2,53.3,-1.08578643762691));
#5216=CARTESIAN_POINT('',(-45.125,54.0071067811865,-1.79289321881345));
#5217=CARTESIAN_POINT('Origin',(-21.45,35.9,2.25));
#5218=CARTESIAN_POINT('',(-24.45,35.9,3.));
#5219=CARTESIAN_POINT('Origin',(-21.45,35.9,3.));
#5220=CARTESIAN_POINT('',(-22.95,35.9,1.5));
#5221=CARTESIAN_POINT('',(-23.7,35.9,2.25));
#5222=CARTESIAN_POINT('Origin',(-21.45,35.9,1.5));
#5223=CARTESIAN_POINT('Origin',(-58.2,43.8857864376269,-10.5));
#5224=CARTESIAN_POINT('',(-58.2,43.8857864376269,-11.5));
#5225=CARTESIAN_POINT('Origin',(-58.2,43.8857864376269,-10.5));
#5226=CARTESIAN_POINT('Origin',(-58.2,43.8857864376269,-10.5));
#5227=CARTESIAN_POINT('Origin',(40.55,35.9,2.25));
#5228=CARTESIAN_POINT('',(37.55,35.9,3.));
#5229=CARTESIAN_POINT('Origin',(40.55,35.9,3.));
#5230=CARTESIAN_POINT('',(39.05,35.9,1.5));
#5231=CARTESIAN_POINT('',(38.3,35.9,2.25));
#5232=CARTESIAN_POINT('Origin',(40.55,35.9,1.5));
#5233=CARTESIAN_POINT('Ctrl Pts',(55.2,54.3,-1.08578643762691));
#5234=CARTESIAN_POINT('Ctrl Pts',(56.3967972013675,54.3,-1.08578643762691));
#5235=CARTESIAN_POINT('Ctrl Pts',(58.4685980593616,53.2953152111371,-1.83930002927406));
#5236=CARTESIAN_POINT('Ctrl Pts',(59.2,51.1975979010256,-3.41258801185768));
#5237=CARTESIAN_POINT('Ctrl Pts',(59.2,50.3,-4.08578643762692));
#5238=CARTESIAN_POINT('Ctrl Pts',(55.2,54.3,-1.23538608779785));
#5239=CARTESIAN_POINT('Ctrl Pts',(56.3520878166077,54.3,-1.23538608779785));
#5240=CARTESIAN_POINT('Ctrl Pts',(58.349404040834,53.3765007519595,-1.9973682934771));
#5241=CARTESIAN_POINT('Ctrl Pts',(59.1510735857337,51.3880463191613,-3.60231928451454));
#5242=CARTESIAN_POINT('Ctrl Pts',(59.2,50.511565854198,-4.29735229182494));
#5243=CARTESIAN_POINT('Ctrl Pts',(55.2,54.2401870105181,-1.49700402883925));
#5244=CARTESIAN_POINT('Ctrl Pts',(56.2558525933498,54.2401870105181,-1.49700402883925));
#5245=CARTESIAN_POINT('Ctrl Pts',(58.0881153106484,53.4244355465601,-2.274908770043));
#5246=CARTESIAN_POINT('Ctrl Pts',(58.8732865915038,51.662172635182,-3.93372432941354));
#5247=CARTESIAN_POINT('Ctrl Pts',(58.9487296646646,50.8777278515891,-4.66351428921602));
#5248=CARTESIAN_POINT('Ctrl Pts',(55.2,54.0864439765108,-1.7135560234892));
#5249=CARTESIAN_POINT('Ctrl Pts',(56.1450652719927,54.0864439765108,-1.7135560234892));
#5250=CARTESIAN_POINT('Ctrl Pts',(57.7825477116748,53.3196666297969,-2.47983549955574));
#5251=CARTESIAN_POINT('Ctrl Pts',(58.401928107608,51.7051419529402,-4.09427941942651));
#5252=CARTESIAN_POINT('Ctrl Pts',(58.4243994752564,51.0071067811865,-4.79289321881347));
#5253=CARTESIAN_POINT('Ctrl Pts',(55.2,54.0071067811865,-1.79289321881345));
#5254=CARTESIAN_POINT('Ctrl Pts',(56.0975979010256,54.0071067811865,-1.79289321881345));
#5255=CARTESIAN_POINT('Ctrl Pts',(57.6514485445212,53.2535931895394,-2.54640681046061));
#5256=CARTESIAN_POINT('Ctrl Pts',(58.2,51.6803052069558,-4.11969479304422));
#5257=CARTESIAN_POINT('Ctrl Pts',(58.2,51.0071067811865,-4.79289321881347));
#5258=CARTESIAN_POINT('',(59.2,50.3,-4.08578643762692));
#5259=CARTESIAN_POINT('',(58.2,51.0071067811865,-4.79289321881347));
#5260=CARTESIAN_POINT('Origin',(58.2,50.3,-4.08578643762692));
#5261=CARTESIAN_POINT('Origin',(55.2,51.0071067811865,-4.79289321881347));
#5262=CARTESIAN_POINT('Origin',(55.2,50.3,-4.08578643762692));
#5263=CARTESIAN_POINT('Origin',(-5.24999999999999,49.3,-6.5));
#5264=CARTESIAN_POINT('',(58.2,44.5928932188134,-11.2071067811865));
#5265=CARTESIAN_POINT('',(58.2,48.675,-7.125));
#5266=CARTESIAN_POINT('',(-24.975,44.5928932188134,-11.2071067811865));
#5267=CARTESIAN_POINT('Origin',(58.2,43.8857864376269,-10.5));
#5268=CARTESIAN_POINT('',(58.2,43.8857864376269,-11.5));
#5269=CARTESIAN_POINT('',(59.2,43.8857864376269,-10.5));
#5270=CARTESIAN_POINT('Origin',(58.2,43.8857864376269,-10.5));
#5271=CARTESIAN_POINT('Origin',(58.2,43.8857864376269,-10.5));
#5272=CARTESIAN_POINT('Origin',(58.2,43.8857864376269,-10.5));
#5273=CARTESIAN_POINT('Origin',(-55.2,-22.5,0.));
#5274=CARTESIAN_POINT('',(-55.2,-26.5,-10.5));
#5275=CARTESIAN_POINT('',(-59.2,-22.5,-10.5));
#5276=CARTESIAN_POINT('Origin',(-55.2,-22.5,-10.5));
#5277=CARTESIAN_POINT('',(-55.2,-26.5,9.));
#5278=CARTESIAN_POINT('',(-55.2,-26.5,0.));
#5279=CARTESIAN_POINT('',(-59.2,-22.5,9.));
#5280=CARTESIAN_POINT('Origin',(-55.2,-22.5,9.));
#5281=CARTESIAN_POINT('',(-59.2,-22.5,0.));
#5282=CARTESIAN_POINT('Origin',(-59.2,-22.5,0.));
#5283=CARTESIAN_POINT('',(-59.2,-20.15,-10.5));
#5284=CARTESIAN_POINT('',(-59.2,50.3,9.));
#5285=CARTESIAN_POINT('',(-59.2,58.1,9.));
#5286=CARTESIAN_POINT('',(-59.2,50.3,0.));
#5287=CARTESIAN_POINT('Origin',(-55.2,50.3,0.));
#5288=CARTESIAN_POINT('',(-55.2,54.3,9.));
#5289=CARTESIAN_POINT('Origin',(-55.2,50.3,9.));
#5290=CARTESIAN_POINT('',(-55.2,54.3,0.));
#5291=CARTESIAN_POINT('Origin',(-25.4,54.3,0.));
#5292=CARTESIAN_POINT('',(55.2,54.3,9.));
#5293=CARTESIAN_POINT('',(25.4,54.3,9.));
#5294=CARTESIAN_POINT('',(55.2,54.3,0.));
#5295=CARTESIAN_POINT('Origin',(55.2,-26.5,0.));
#5296=CARTESIAN_POINT('',(55.2,-26.5,-10.5));
#5297=CARTESIAN_POINT('',(5.24999999999999,-26.5,-10.5));
#5298=CARTESIAN_POINT('',(55.2,-26.5,9.));
#5299=CARTESIAN_POINT('',(55.2,-26.5,0.));
#5300=CARTESIAN_POINT('',(-55.2,-26.5,9.));
#5301=CARTESIAN_POINT('Origin',(40.55,35.9,0.));
#5302=CARTESIAN_POINT('',(37.55,35.9,9.));
#5303=CARTESIAN_POINT('Origin',(40.55,35.9,9.));
#5304=CARTESIAN_POINT('',(37.55,35.9,0.));
#5305=CARTESIAN_POINT('Origin',(-21.45,35.9,0.));
#5306=CARTESIAN_POINT('',(-24.45,35.9,9.));
#5307=CARTESIAN_POINT('Origin',(-21.45,35.9,9.));
#5308=CARTESIAN_POINT('',(-24.45,35.9,0.));
#5309=CARTESIAN_POINT('Origin',(-21.45,-19.1,0.));
#5310=CARTESIAN_POINT('',(-24.45,-19.1,9.));
#5311=CARTESIAN_POINT('Origin',(-21.45,-19.1,9.));
#5312=CARTESIAN_POINT('',(-24.45,-19.1,3.));
#5313=CARTESIAN_POINT('',(-24.45,-19.1,0.));
#5314=CARTESIAN_POINT('Origin',(-21.45,-19.1,3.));
#5315=CARTESIAN_POINT('Origin',(-21.45,35.9,0.));
#5316=CARTESIAN_POINT('',(-22.95,35.9,0.));
#5317=CARTESIAN_POINT('Origin',(-54.2,-9.29999999999998,-7.));
#5318=CARTESIAN_POINT('',(-52.7,-9.29999999999998,-7.));
#5319=CARTESIAN_POINT('Origin',(-54.2,-9.29999999999998,-7.));
#5320=CARTESIAN_POINT('Origin',(-54.2,-9.29999999999998,-7.));
#5321=CARTESIAN_POINT('',(-52.7,25.7,-7.));
#5322=CARTESIAN_POINT('Origin',(-54.2,25.7,-7.));
#5323=CARTESIAN_POINT('Origin',(-58.2,-2.34999999999999,-10.5));
#5324=CARTESIAN_POINT('',(-58.2,-22.5,-11.5));
#5325=CARTESIAN_POINT('',(-58.2,-2.34999999999999,-11.5));
#5326=CARTESIAN_POINT('Origin',(-58.2,-22.5,-10.5));
#5327=CARTESIAN_POINT('Origin',(-55.2,-22.5,-10.5));
#5328=CARTESIAN_POINT('',(-55.2,-25.5,-11.5));
#5329=CARTESIAN_POINT('Origin',(-55.2,-22.5,-11.5));
#5330=CARTESIAN_POINT('Origin',(-55.2,-25.5,-10.5));
#5331=CARTESIAN_POINT('Origin',(35.05,-25.5,-10.5));
#5332=CARTESIAN_POINT('',(55.2,-25.5,-11.5));
#5333=CARTESIAN_POINT('',(35.05,-25.5,-11.5));
#5334=CARTESIAN_POINT('Origin',(55.2,-25.5,-10.5));
#5335=CARTESIAN_POINT('Origin',(55.2,-22.5,-10.5));
#5336=CARTESIAN_POINT('',(58.2,-22.5,-11.5));
#5337=CARTESIAN_POINT('Origin',(55.2,-22.5,-11.5));
#5338=CARTESIAN_POINT('',(59.2,-22.5,-10.5));
#5339=CARTESIAN_POINT('Origin',(58.2,-22.5,-10.5));
#5340=CARTESIAN_POINT('Origin',(55.2,-22.5,-10.5));
#5341=CARTESIAN_POINT('Origin',(4.825,43.8857864376269,-10.5));
#5342=CARTESIAN_POINT('',(-24.975,43.8857864376269,-11.5));
#5343=CARTESIAN_POINT('Origin',(40.55,35.9,0.));
#5344=CARTESIAN_POINT('',(39.05,35.9,0.));
#5345=CARTESIAN_POINT('Origin',(55.2,50.3,0.));
#5346=CARTESIAN_POINT('',(59.2,50.3,9.));
#5347=CARTESIAN_POINT('Origin',(55.2,50.3,9.));
#5348=CARTESIAN_POINT('',(59.2,50.3,0.));
#5349=CARTESIAN_POINT('Origin',(58.2,47.9678932188134,-6.41789321881345));
#5350=CARTESIAN_POINT('',(59.2,47.9678932188134,-6.41789321881345));
#5351=CARTESIAN_POINT('Origin',(58.2,37.95,-10.5));
#5352=CARTESIAN_POINT('',(59.2,37.95,-10.5));
#5353=CARTESIAN_POINT('',(58.2,20.15,-11.5));
#5354=CARTESIAN_POINT('Origin',(55.2,-22.5,0.));
#5355=CARTESIAN_POINT('',(59.2,-22.5,9.));
#5356=CARTESIAN_POINT('',(59.2,-22.5,0.));
#5357=CARTESIAN_POINT('Origin',(55.2,-22.5,9.));
#5358=CARTESIAN_POINT('Origin',(40.55,-19.1,0.));
#5359=CARTESIAN_POINT('',(37.55,-19.1,9.));
#5360=CARTESIAN_POINT('Origin',(40.55,-19.1,9.));
#5361=CARTESIAN_POINT('',(37.55,-19.1,3.));
#5362=CARTESIAN_POINT('',(37.55,-19.1,0.));
#5363=CARTESIAN_POINT('Origin',(40.55,-19.1,3.));
#5364=CARTESIAN_POINT('Origin',(-21.45,-19.1,2.25));
#5365=CARTESIAN_POINT('',(-22.95,-19.1,1.5));
#5366=CARTESIAN_POINT('',(-23.7,-19.1,2.25));
#5367=CARTESIAN_POINT('Origin',(-21.45,-19.1,1.5));
#5368=CARTESIAN_POINT('Origin',(39.5157195746538,44.5,8.5));
#5369=CARTESIAN_POINT('',(36.0157195746538,44.5,9.));
#5370=CARTESIAN_POINT('Origin',(39.5157195746538,44.5,9.));
#5371=CARTESIAN_POINT('',(37.0157195746538,44.5,8.));
#5372=CARTESIAN_POINT('',(36.5157195746538,44.5,8.5));
#5373=CARTESIAN_POINT('Origin',(39.5157195746538,44.5,8.));
#5374=CARTESIAN_POINT('Origin',(14.9,17.8,9.));
#5375=CARTESIAN_POINT('',(59.2,-40.3,9.));
#5376=CARTESIAN_POINT('',(-52.7,25.7,9.));
#5377=CARTESIAN_POINT('Origin',(-54.2,25.7,9.));
#5378=CARTESIAN_POINT('',(-52.7,-9.29999999999998,9.));
#5379=CARTESIAN_POINT('Origin',(-54.2,-9.29999999999998,9.));
#5380=CARTESIAN_POINT('',(52.7,25.7,9.));
#5381=CARTESIAN_POINT('Origin',(54.2,25.7,9.));
#5382=CARTESIAN_POINT('',(52.7,-9.29999999999998,9.));
#5383=CARTESIAN_POINT('Origin',(54.2,-9.29999999999998,9.));
#5384=CARTESIAN_POINT('Origin',(44.4842804253462,40.5,-5.));
#5385=CARTESIAN_POINT('',(-44.4842804253462,44.3,-5.));
#5386=CARTESIAN_POINT('',(48.6921402126731,44.3,-4.99999999999999));
#5387=CARTESIAN_POINT('',(-44.4842804253462,48.5,-5.));
#5388=CARTESIAN_POINT('',(14.6842804253462,48.5,-5.));
#5389=CARTESIAN_POINT('',(-44.4842804253462,40.5,-5.));
#5390=CARTESIAN_POINT('Origin',(-54.2,-9.29999999999998,7.));
#5391=CARTESIAN_POINT('',(-52.7,-9.29999999999998,2.));
#5392=CARTESIAN_POINT('Origin',(-54.2,-9.29999999999998,2.));
#5393=CARTESIAN_POINT('',(-52.7,-9.29999999999998,7.));
#5394=CARTESIAN_POINT('Origin',(-54.2,25.7,7.));
#5395=CARTESIAN_POINT('',(-52.7,25.7,2.));
#5396=CARTESIAN_POINT('Origin',(-54.2,25.7,2.));
#5397=CARTESIAN_POINT('',(-52.7,25.7,7.));
#5398=CARTESIAN_POINT('Origin',(14.9,17.8,-11.5));
#5399=CARTESIAN_POINT('',(-57.7,41.,-11.5));
#5400=CARTESIAN_POINT('',(-57.7,-23.2,-11.5));
#5401=CARTESIAN_POINT('',(-57.7,-23.2,-11.5));
#5402=CARTESIAN_POINT('',(-55.7,-25.2,-11.5));
#5403=CARTESIAN_POINT('Origin',(-55.7,-23.2,-11.5));
#5404=CARTESIAN_POINT('',(55.7,-25.2,-11.5));
#5405=CARTESIAN_POINT('',(55.2,-25.2,-11.5));
#5406=CARTESIAN_POINT('',(57.7,-23.2,-11.5));
#5407=CARTESIAN_POINT('Origin',(55.7,-23.2,-11.5));
#5408=CARTESIAN_POINT('',(57.7,41.,-11.5));
#5409=CARTESIAN_POINT('',(57.7,39.6,-11.5));
#5410=CARTESIAN_POINT('',(55.7,43.,-11.5));
#5411=CARTESIAN_POINT('Origin',(55.7,41.,-11.5));
#5412=CARTESIAN_POINT('',(-55.7,43.,-11.5));
#5413=CARTESIAN_POINT('',(-55.2,43.,-11.5));
#5414=CARTESIAN_POINT('Origin',(-55.7,41.,-11.5));
#5415=CARTESIAN_POINT('Origin',(54.2,25.7,2.));
#5416=CARTESIAN_POINT('',(57.6641016151378,25.7,2.));
#5417=CARTESIAN_POINT('',(57.6641016151378,25.7,2.));
#5418=CARTESIAN_POINT('',(55.9320508075689,28.7,2.));
#5419=CARTESIAN_POINT('Origin',(48.6921402126731,42.3,-6.99999999999999));
#5420=CARTESIAN_POINT('',(-44.4842804253462,40.3,-9.));
#5421=CARTESIAN_POINT('',(-44.4842804253462,43.225,-6.075));
#5422=CARTESIAN_POINT('',(48.6921402126731,40.3,-8.99999999999999));
#5423=CARTESIAN_POINT('Origin',(59.2,58.1,0.));
#5424=CARTESIAN_POINT('Origin',(40.55,-19.1,2.25));
#5425=CARTESIAN_POINT('',(39.05,-19.1,1.5));
#5426=CARTESIAN_POINT('',(38.3,-19.1,2.25));
#5427=CARTESIAN_POINT('Origin',(40.55,-19.1,1.5));
#5428=CARTESIAN_POINT('Origin',(-21.45,-19.1,0.));
#5429=CARTESIAN_POINT('',(-22.95,-19.1,0.));
#5430=CARTESIAN_POINT('Origin',(-54.2,25.7,7.));
#5431=CARTESIAN_POINT('',(-52.7,25.7,7.));
#5432=CARTESIAN_POINT('Origin',(-54.2,-9.29999999999998,7.));
#5433=CARTESIAN_POINT('',(-52.7,-9.29999999999998,7.));
#5434=CARTESIAN_POINT('Origin',(39.5157195746538,44.5,7.));
#5435=CARTESIAN_POINT('',(37.0157195746538,44.5,7.));
#5436=CARTESIAN_POINT('Origin',(54.2,25.7,7.));
#5437=CARTESIAN_POINT('',(52.7,25.7,7.));
#5438=CARTESIAN_POINT('Origin',(54.2,-9.29999999999998,7.));
#5439=CARTESIAN_POINT('',(52.7,-9.29999999999998,7.));
#5440=CARTESIAN_POINT('Origin',(-21.45,35.9,-0.5));
#5441=CARTESIAN_POINT('',(-27.45,35.9,-0.5));
#5442=CARTESIAN_POINT('Origin',(52.4679491924311,22.7,7.));
#5443=CARTESIAN_POINT('',(55.9320508075689,22.7,7.));
#5444=CARTESIAN_POINT('Origin',(55.9320508075689,22.7,7.));
#5445=CARTESIAN_POINT('',(57.6641016151378,25.7,7.));
#5446=CARTESIAN_POINT('Origin',(57.6641016151378,25.7,7.));
#5447=CARTESIAN_POINT('Origin',(14.9,48.5,0.));
#5448=CARTESIAN_POINT('',(-44.4842804253462,48.5,5.));
#5449=CARTESIAN_POINT('Origin',(-44.4842804253462,39.,0.));
#5450=CARTESIAN_POINT('',(-44.4842804253462,40.3,-2.49999999999997));
#5451=CARTESIAN_POINT('Origin',(-57.6641016151378,25.7,7.));
#5452=CARTESIAN_POINT('',(-57.6641016151378,25.7,2.));
#5453=CARTESIAN_POINT('',(-57.6641016151378,25.7,7.));
#5454=CARTESIAN_POINT('',(-55.9320508075689,28.7,2.));
#5455=CARTESIAN_POINT('',(-55.9320508075689,28.7,2.));
#5456=CARTESIAN_POINT('',(-55.9320508075689,28.7,7.));
#5457=CARTESIAN_POINT('Origin',(-55.9320508075689,22.7,7.));
#5458=CARTESIAN_POINT('',(-55.9320508075689,22.7,2.));
#5459=CARTESIAN_POINT('',(-55.9320508075689,22.7,7.));
#5460=CARTESIAN_POINT('',(-57.6641016151378,25.7,2.));
#5461=CARTESIAN_POINT('Origin',(-57.6641016151378,-9.29999999999998,7.));
#5462=CARTESIAN_POINT('',(-57.6641016151378,-9.29999999999998,2.));
#5463=CARTESIAN_POINT('',(-57.6641016151378,-9.29999999999998,7.));
#5464=CARTESIAN_POINT('',(-55.9320508075689,-6.29999999999998,2.));
#5465=CARTESIAN_POINT('',(-55.9320508075689,-6.29999999999998,2.));
#5466=CARTESIAN_POINT('',(-55.9320508075689,-6.29999999999998,7.));
#5467=CARTESIAN_POINT('Origin',(-55.9320508075689,-12.3,7.));
#5468=CARTESIAN_POINT('',(-55.9320508075689,-12.3,2.));
#5469=CARTESIAN_POINT('',(-55.9320508075689,-12.3,7.));
#5470=CARTESIAN_POINT('',(-57.6641016151378,-9.29999999999998,2.));
#5471=CARTESIAN_POINT('Origin',(-54.2,-9.29999999999998,2.));
#5472=CARTESIAN_POINT('',(-50.9,-12.3,2.));
#5473=CARTESIAN_POINT('',(-55.9320508075689,-12.3,2.));
#5474=CARTESIAN_POINT('',(-50.9,-6.29999999999998,2.));
#5475=CARTESIAN_POINT('',(-50.9,14.85,2.));
#5476=CARTESIAN_POINT('',(-52.4679491924311,-6.29999999999998,2.));
#5477=CARTESIAN_POINT('Origin',(-55.9320508075689,-6.29999999999998,7.));
#5478=CARTESIAN_POINT('',(-50.9,-6.29999999999998,3.5));
#5479=CARTESIAN_POINT('Origin',(-52.4679491924311,22.7,7.));
#5480=CARTESIAN_POINT('',(-50.9,22.7,2.));
#5481=CARTESIAN_POINT('',(-50.9,22.7,3.5));
#5482=CARTESIAN_POINT('',(-55.9320508075689,22.7,2.));
#5483=CARTESIAN_POINT('Origin',(-54.2,-9.29999999999998,2.));
#5484=CARTESIAN_POINT('',(-50.9,28.7,2.));
#5485=CARTESIAN_POINT('',(-50.9,32.35,2.));
#5486=CARTESIAN_POINT('',(-52.4679491924311,28.7,2.));
#5487=CARTESIAN_POINT('Origin',(-55.9320508075689,28.7,7.));
#5488=CARTESIAN_POINT('',(-50.9,28.7,3.5));
#5489=CARTESIAN_POINT('Origin',(-52.4679491924311,-12.3,7.));
#5490=CARTESIAN_POINT('',(-50.9,-12.3,3.5));
#5491=CARTESIAN_POINT('Origin',(55.2,43.,0.));
#5492=CARTESIAN_POINT('',(55.7,43.,-10.5));
#5493=CARTESIAN_POINT('',(55.7,43.,0.));
#5494=CARTESIAN_POINT('',(-55.7,43.,-10.5));
#5495=CARTESIAN_POINT('',(-55.2,43.,-10.5));
#5496=CARTESIAN_POINT('',(-55.7,43.,0.));
#5497=CARTESIAN_POINT('Origin',(-55.7,41.,0.));
#5498=CARTESIAN_POINT('',(-57.7,41.,-10.5));
#5499=CARTESIAN_POINT('Origin',(-55.7,41.,-10.5));
#5500=CARTESIAN_POINT('',(-57.7,41.,0.));
#5501=CARTESIAN_POINT('Origin',(-57.7,57.4,0.));
#5502=CARTESIAN_POINT('',(-57.7,-23.2,-10.5));
#5503=CARTESIAN_POINT('',(-57.7,-41.,-10.5));
#5504=CARTESIAN_POINT('',(-57.7,-23.2,0.));
#5505=CARTESIAN_POINT('Origin',(-55.7,-23.2,0.));
#5506=CARTESIAN_POINT('',(-55.7,-25.2,-10.5));
#5507=CARTESIAN_POINT('Origin',(-55.7,-23.2,-10.5));
#5508=CARTESIAN_POINT('',(-55.7,-25.2,0.));
#5509=CARTESIAN_POINT('Origin',(-25.4,-25.2,0.));
#5510=CARTESIAN_POINT('',(55.7,-25.2,-10.5));
#5511=CARTESIAN_POINT('',(55.2,-25.2,-10.5));
#5512=CARTESIAN_POINT('',(55.7,-25.2,0.));
#5513=CARTESIAN_POINT('Origin',(55.7,-23.2,0.));
#5514=CARTESIAN_POINT('',(57.7,-23.2,-10.5));
#5515=CARTESIAN_POINT('Origin',(55.7,-23.2,-10.5));
#5516=CARTESIAN_POINT('',(57.7,-23.2,0.));
#5517=CARTESIAN_POINT('Origin',(57.7,-23.2,0.));
#5518=CARTESIAN_POINT('',(57.7,41.,-10.5));
#5519=CARTESIAN_POINT('',(57.7,41.,0.));
#5520=CARTESIAN_POINT('',(57.7,57.4,-10.5));
#5521=CARTESIAN_POINT('Origin',(55.7,41.,0.));
#5522=CARTESIAN_POINT('Origin',(55.7,41.,-10.5));
#5523=CARTESIAN_POINT('Origin',(52.9,40.3,0.));
#5524=CARTESIAN_POINT('',(55.3,40.3,-10.5));
#5525=CARTESIAN_POINT('',(57.075,40.3,-8.72499999999999));
#5526=CARTESIAN_POINT('',(-50.9,40.3,-10.5));
#5527=CARTESIAN_POINT('',(-50.9,40.3,0.));
#5528=CARTESIAN_POINT('',(33.9,40.3,-10.5));
#5529=CARTESIAN_POINT('Origin',(54.2,-9.29999999999998,2.));
#5530=CARTESIAN_POINT('',(57.6641016151378,-9.29999999999998,2.));
#5531=CARTESIAN_POINT('Origin',(40.55,-19.1,0.));
#5532=CARTESIAN_POINT('',(39.05,-19.1,0.));
#5533=CARTESIAN_POINT('Origin',(55.9320508075689,-12.3,7.));
#5534=CARTESIAN_POINT('',(57.6641016151378,-9.29999999999998,-0.5));
#5535=CARTESIAN_POINT('Origin',(52.4679491924311,-17.8,7.));
#5536=CARTESIAN_POINT('',(46.407473858243,-17.8,-0.5));
#5537=CARTESIAN_POINT('',(33.6839745962156,-17.8,-0.5));
#5538=CARTESIAN_POINT('',(46.407473858243,-17.8,0.));
#5539=CARTESIAN_POINT('Origin',(40.55,-19.1,0.));
#5540=CARTESIAN_POINT('Origin',(40.55,-19.1,-0.5));
#5541=CARTESIAN_POINT('Origin',(-50.9,56.8,0.));
#5542=CARTESIAN_POINT('',(-50.9,37.3,-10.5));
#5543=CARTESIAN_POINT('Origin',(14.9,17.8,-10.5));
#5544=CARTESIAN_POINT('',(55.3,-6.80000000000002,-10.5));
#5545=CARTESIAN_POINT('Origin',(55.8,-6.80000000000002,-10.));
#5546=CARTESIAN_POINT('Origin',(14.9,17.8,-0.5));
#5547=CARTESIAN_POINT('',(0.,0.,0.));
#5548=CARTESIAN_POINT('Ctrl Pts',(56.6999999999996,14.75,1.55356286856843));
#5549=CARTESIAN_POINT('Ctrl Pts',(56.6999999999996,15.4031971812092,1.55356286856843));
#5550=CARTESIAN_POINT('Ctrl Pts',(56.6999999999996,16.0555961114904,1.37929037093898));
#5551=CARTESIAN_POINT('Ctrl Pts',(56.6999999999996,16.6217827909767,1.05356164713367));
#5552=CARTESIAN_POINT('Ctrl Pts',(56.8666666666664,14.75,1.72022953523523));
#5553=CARTESIAN_POINT('Ctrl Pts',(56.8666666666664,15.4322006109319,1.72022953523523));
#5554=CARTESIAN_POINT('Ctrl Pts',(56.8666666666664,16.1135675267922,1.538218945215));
#5555=CARTESIAN_POINT('Ctrl Pts',(56.8666666666664,16.7048941732606,1.19802713059832));
#5556=CARTESIAN_POINT('Ctrl Pts',(57.0333333333332,14.75,1.88689620190203));
#5557=CARTESIAN_POINT('Ctrl Pts',(57.0333333333332,15.4612040406546,1.88689620190203));
#5558=CARTESIAN_POINT('Ctrl Pts',(57.0333333333332,16.171538942094,1.69714751949101));
#5559=CARTESIAN_POINT('Ctrl Pts',(57.0333333333332,16.7880055555446,1.34249261406298));
#5560=CARTESIAN_POINT('Ctrl Pts',(57.2,14.75,2.05356286856883));
#5561=CARTESIAN_POINT('Ctrl Pts',(57.2,15.4902074703773,2.05356286856883));
#5562=CARTESIAN_POINT('Ctrl Pts',(57.2,16.2295103573958,1.85607609376703));
#5563=CARTESIAN_POINT('Ctrl Pts',(57.2,16.8711169378285,1.48695809752763));
#5564=CARTESIAN_POINT('',(56.7,14.75,1.55356286856883));
#5565=CARTESIAN_POINT('',(56.7,16.6217806678585,1.05356286856883));
#5566=CARTESIAN_POINT('Ctrl Pts',(56.7,14.75,1.55356286856881));
#5567=CARTESIAN_POINT('Ctrl Pts',(56.7,15.4031963647443,1.55356286856881));
#5568=CARTESIAN_POINT('Ctrl Pts',(56.7,16.0555944805562,1.37929080660347));
#5569=CARTESIAN_POINT('Ctrl Pts',(56.7,16.6217806678585,1.05356286856879));
#5570=CARTESIAN_POINT('',(57.2,14.75,2.05356286856883));
#5571=CARTESIAN_POINT('',(56.7,14.75,1.55356286856883));
#5572=CARTESIAN_POINT('',(57.2,16.8711145318963,1.48695948166583));
#5573=CARTESIAN_POINT('Ctrl Pts',(57.2,14.75,2.05356286856883));
#5574=CARTESIAN_POINT('Ctrl Pts',(57.2,15.4902065451537,2.05356286856883));
#5575=CARTESIAN_POINT('Ctrl Pts',(57.2,16.22950850921,1.85607658746458));
#5576=CARTESIAN_POINT('Ctrl Pts',(57.2,16.8711145318963,1.48695948166581));
#5577=CARTESIAN_POINT('',(56.7,16.6217806678585,1.05356286856883));
#5578=CARTESIAN_POINT('Origin',(56.95,13.25,1.80356286856883));
#5579=CARTESIAN_POINT('',(56.7,8.74999999999999,1.55356286856883));
#5580=CARTESIAN_POINT('',(56.7,12.5,1.55356286856884));
#5581=CARTESIAN_POINT('',(57.2,8.74999999999999,2.05356286856883));
#5582=CARTESIAN_POINT('',(57.2,8.74999999999999,2.05356286856883));
#5583=CARTESIAN_POINT('',(57.2,13.25,2.05356286856883));
#5584=CARTESIAN_POINT('Ctrl Pts',(56.6999999999992,6.87821825227771,1.05356224732004));
#5585=CARTESIAN_POINT('Ctrl Pts',(56.6999999999992,7.44440569763941,1.37929117010014));
#5586=CARTESIAN_POINT('Ctrl Pts',(56.6999999999992,8.09680554852631,1.55356347638844));
#5587=CARTESIAN_POINT('Ctrl Pts',(56.6999999999992,8.75000349281297,1.55356286856639));
#5588=CARTESIAN_POINT('Ctrl Pts',(56.8666666666661,6.79510691631655,1.19802775743446));
#5589=CARTESIAN_POINT('Ctrl Pts',(56.8666666666661,7.38643436266699,1.53821977986086));
#5590=CARTESIAN_POINT('Ctrl Pts',(56.8666666666661,8.06780224000999,1.72023017004397));
#5591=CARTESIAN_POINT('Ctrl Pts',(56.8666666666661,8.75000364790175,1.72022953523326));
#5592=CARTESIAN_POINT('Ctrl Pts',(57.0333333333331,6.71199558035539,1.34249326754888));
#5593=CARTESIAN_POINT('Ctrl Pts',(57.0333333333331,7.32846302769457,1.69714838962159));
#5594=CARTESIAN_POINT('Ctrl Pts',(57.0333333333331,8.03879893149368,1.88689686369951));
#5595=CARTESIAN_POINT('Ctrl Pts',(57.0333333333331,8.75000380299053,1.88689620190012));
#5596=CARTESIAN_POINT('Ctrl Pts',(57.2,6.62888424439423,1.4869587776633));
#5597=CARTESIAN_POINT('Ctrl Pts',(57.2,7.27049169272216,1.85607699938231));
#5598=CARTESIAN_POINT('Ctrl Pts',(57.2,8.00979562297736,2.05356355735504));
#5599=CARTESIAN_POINT('Ctrl Pts',(57.2,8.75000395807931,2.05356286856699));
#5600=CARTESIAN_POINT('',(56.7,6.87821933214149,1.05356286856883));
#5601=CARTESIAN_POINT('Ctrl Pts',(56.6999999999999,6.87821933214154,1.05356286856873));
#5602=CARTESIAN_POINT('Ctrl Pts',(56.6999999999999,7.44440551798573,1.37929081110425));
#5603=CARTESIAN_POINT('Ctrl Pts',(56.6999999999999,8.09680363810132,1.5535628551369));
#5604=CARTESIAN_POINT('Ctrl Pts',(56.6999999999999,8.75,1.55356286856869));
#5605=CARTESIAN_POINT('',(57.2,6.62888546810364,1.48695948166584));
#5606=CARTESIAN_POINT('',(57.2,6.62888546810364,1.48695948166584));
#5607=CARTESIAN_POINT('Ctrl Pts',(57.2,6.62888546810365,1.48695948166583));
#5608=CARTESIAN_POINT('Ctrl Pts',(57.2,7.27049148913767,1.85607659256497));
#5609=CARTESIAN_POINT('Ctrl Pts',(57.2,8.00979345807097,2.05356285334779));
#5610=CARTESIAN_POINT('Ctrl Pts',(57.2,8.75,2.05356286856879));
#5611=CARTESIAN_POINT('Origin',(56.95,10.25,-6.20356286856883));
#5612=CARTESIAN_POINT('',(57.2,8.74999999999999,-6.45356286856883));
#5613=CARTESIAN_POINT('',(56.7,8.74999999999999,-5.95356286856883));
#5614=CARTESIAN_POINT('',(57.2,8.74999999999999,-6.45356286856883));
#5615=CARTESIAN_POINT('',(56.7,14.75,-5.95356286856883));
#5616=CARTESIAN_POINT('',(56.7,10.25,-5.95356286856883));
#5617=CARTESIAN_POINT('',(57.2,14.75,-6.45356286856883));
#5618=CARTESIAN_POINT('',(56.7,14.75,-5.95356286856883));
#5619=CARTESIAN_POINT('',(57.2,10.25,-6.45356286856883));
#5620=CARTESIAN_POINT('Origin',(56.95,8.74999999999999,-2.2));
#5621=CARTESIAN_POINT('Origin',(56.7,8.74999999999999,-2.2));
#5622=CARTESIAN_POINT('Origin',(57.2,8.74999999999999,-2.2));
#5623=CARTESIAN_POINT('Origin',(56.95,14.75,-2.2));
#5624=CARTESIAN_POINT('Origin',(57.2,14.75,-2.2));
#5625=CARTESIAN_POINT('Origin',(56.7,14.75,-2.2));
#5626=CARTESIAN_POINT('Origin',(56.7,11.75,-2.2));
#5627=CARTESIAN_POINT('Origin',(52.9,8.74999999999999,-2.2));
#5628=CARTESIAN_POINT('',(58.7,8.74999999999999,-6.45356286856883));
#5629=CARTESIAN_POINT('',(52.9,8.74999999999999,-6.45356286856883));
#5630=CARTESIAN_POINT('',(58.7,8.74999999999999,2.05356286856883));
#5631=CARTESIAN_POINT('Origin',(58.7,8.74999999999999,-2.2));
#5632=CARTESIAN_POINT('',(52.9,8.74999999999999,2.05356286856883));
#5633=CARTESIAN_POINT('Origin',(52.9,8.74999999999999,-6.45356286856883));
#5634=CARTESIAN_POINT('',(58.7,14.75,-6.45356286856883));
#5635=CARTESIAN_POINT('',(52.9,14.75,-6.45356286856883));
#5636=CARTESIAN_POINT('',(58.7,10.25,-6.45356286856883));
#5637=CARTESIAN_POINT('Origin',(52.9,14.75,-2.2));
#5638=CARTESIAN_POINT('',(58.7,14.75,2.05356286856883));
#5639=CARTESIAN_POINT('',(52.9,14.75,2.05356286856883));
#5640=CARTESIAN_POINT('Origin',(58.7,14.75,-2.2));
#5641=CARTESIAN_POINT('Origin',(52.9,14.75,2.05356286856883));
#5642=CARTESIAN_POINT('',(58.7,13.25,2.05356286856883));
#5643=CARTESIAN_POINT('Origin',(59.2,10.25,-6.95356286856883));
#5644=CARTESIAN_POINT('',(59.7,14.75,-7.45356286856883));
#5645=CARTESIAN_POINT('',(58.7,14.75,-6.45356286856883));
#5646=CARTESIAN_POINT('',(59.7,8.74999999999999,-7.45356286856883));
#5647=CARTESIAN_POINT('',(59.7,10.25,-7.45356286856883));
#5648=CARTESIAN_POINT('',(59.7,8.74999999999999,-7.45356286856883));
#5649=CARTESIAN_POINT('Origin',(59.2,14.75,-2.2));
#5650=CARTESIAN_POINT('',(59.7,14.75,3.05356286856883));
#5651=CARTESIAN_POINT('',(58.7,14.75,2.05356286856883));
#5652=CARTESIAN_POINT('Origin',(59.7,14.75,-2.2));
#5653=CARTESIAN_POINT('Origin',(59.2,13.25,2.55356286856883));
#5654=CARTESIAN_POINT('',(59.7,8.74999999999999,3.05356286856883));
#5655=CARTESIAN_POINT('',(58.7,8.74999999999999,2.05356286856883));
#5656=CARTESIAN_POINT('',(59.7,13.25,3.05356286856883));
#5657=CARTESIAN_POINT('Origin',(59.2,8.74999999999999,-2.2));
#5658=CARTESIAN_POINT('Origin',(59.7,8.74999999999999,-2.2));
#5659=CARTESIAN_POINT('Origin',(59.7,11.75,-2.2));
#5660=CARTESIAN_POINT('',(59.7,14.75,3.85356286856883));
#5661=CARTESIAN_POINT('',(59.7,8.74999999999999,3.85356286856883));
#5662=CARTESIAN_POINT('',(59.7,14.75,3.85356286856883));
#5663=CARTESIAN_POINT('',(59.7,14.75,-8.25356286856883));
#5664=CARTESIAN_POINT('Origin',(59.7,14.75,-2.2));
#5665=CARTESIAN_POINT('',(59.7,8.74999999999999,-8.25356286856883));
#5666=CARTESIAN_POINT('',(59.7,8.74999999999999,-8.25356286856883));
#5667=CARTESIAN_POINT('Origin',(59.7,8.74999999999999,-2.2));
#5668=CARTESIAN_POINT('Origin',(60.7,10.25,-7.75356286856883));
#5669=CARTESIAN_POINT('',(60.2,14.75,-8.25356286856883));
#5670=CARTESIAN_POINT('',(61.2,14.75,-7.25356286856883));
#5671=CARTESIAN_POINT('',(60.2,14.75,-8.25356286856883));
#5672=CARTESIAN_POINT('',(61.2,8.74999999999999,-7.25356286856883));
#5673=CARTESIAN_POINT('',(61.2,10.25,-7.25356286856883));
#5674=CARTESIAN_POINT('',(60.2,8.74999999999999,-8.25356286856883));
#5675=CARTESIAN_POINT('',(61.2,8.74999999999999,-7.25356286856883));
#5676=CARTESIAN_POINT('',(60.2,10.25,-8.25356286856883));
#5677=CARTESIAN_POINT('Origin',(60.7,14.75,-2.2));
#5678=CARTESIAN_POINT('',(60.2,14.75,3.85356286856883));
#5679=CARTESIAN_POINT('',(61.2,14.75,2.85356286856883));
#5680=CARTESIAN_POINT('',(60.2,14.75,3.85356286856883));
#5681=CARTESIAN_POINT('Origin',(61.2,14.75,-2.2));
#5682=CARTESIAN_POINT('Origin',(60.2,14.75,-2.2));
#5683=CARTESIAN_POINT('Origin',(60.7,13.25,3.35356286856883));
#5684=CARTESIAN_POINT('',(60.2,8.74999999999999,3.85356286856883));
#5685=CARTESIAN_POINT('',(61.2,8.74999999999999,2.85356286856883));
#5686=CARTESIAN_POINT('',(60.2,8.74999999999999,3.85356286856883));
#5687=CARTESIAN_POINT('',(61.2,13.25,2.85356286856883));
#5688=CARTESIAN_POINT('',(60.2,13.25,3.85356286856883));
#5689=CARTESIAN_POINT('Origin',(60.7,8.74999999999999,-2.2));
#5690=CARTESIAN_POINT('Origin',(61.2,8.74999999999999,-2.2));
#5691=CARTESIAN_POINT('Origin',(60.2,8.74999999999999,-2.2));
#5692=CARTESIAN_POINT('Origin',(59.7,14.75,-2.2));
#5693=CARTESIAN_POINT('',(59.7,14.75,-8.25356286856883));
#5694=CARTESIAN_POINT('',(59.7,14.75,3.85356286856883));
#5695=CARTESIAN_POINT('Origin',(59.7,8.74999999999999,-8.25356286856883));
#5696=CARTESIAN_POINT('',(59.7,8.74999999999999,-8.25356286856883));
#5697=CARTESIAN_POINT('Origin',(61.2,11.75,-2.2));
#5698=CARTESIAN_POINT('Origin',(59.7,8.74999999999999,-2.2));
#5699=CARTESIAN_POINT('',(59.7,8.74999999999999,3.85356286856883));
#5700=CARTESIAN_POINT('Origin',(59.7,14.75,3.85356286856883));
#5701=CARTESIAN_POINT('',(0.,0.,0.));
#5702=CARTESIAN_POINT('Origin',(81.2,11.75,-2.2));
#5703=CARTESIAN_POINT('',(81.2,14.75,-7.55356286856883));
#5704=CARTESIAN_POINT('',(81.2,14.75,3.15356286856883));
#5705=CARTESIAN_POINT('Origin',(81.2,14.75,-2.2));
#5706=CARTESIAN_POINT('',(81.2,8.74999999999999,-7.55356286856883));
#5707=CARTESIAN_POINT('',(81.2,13.25,-7.55356286856883));
#5708=CARTESIAN_POINT('',(81.2,8.74999999999999,3.15356286856883));
#5709=CARTESIAN_POINT('Origin',(81.2,8.74999999999999,-2.2));
#5710=CARTESIAN_POINT('',(81.2,10.25,3.15356286856883));
#5711=CARTESIAN_POINT('',(81.2,8.74999999999999,1.85356286856883));
#5712=CARTESIAN_POINT('',(81.2,14.75,1.85356286856883));
#5713=CARTESIAN_POINT('',(81.2,13.25,1.85356286856883));
#5714=CARTESIAN_POINT('',(81.2,8.74999999999999,-6.25356286856883));
#5715=CARTESIAN_POINT('Origin',(81.2,8.74999999999999,-2.2));
#5716=CARTESIAN_POINT('',(81.2,14.75,-6.25356286856883));
#5717=CARTESIAN_POINT('',(81.2,10.25,-6.25356286856883));
#5718=CARTESIAN_POINT('Origin',(81.2,14.75,-2.2));
#5719=CARTESIAN_POINT('Origin',(84.6,14.75,-2.2));
#5720=CARTESIAN_POINT('',(83.6,14.75,-6.25356286856883));
#5721=CARTESIAN_POINT('',(84.6,14.75,-6.25356286856883));
#5722=CARTESIAN_POINT('',(83.6,14.75,1.85356286856883));
#5723=CARTESIAN_POINT('Origin',(83.6,14.75,-2.2));
#5724=CARTESIAN_POINT('',(84.6,14.75,1.85356286856883));
#5725=CARTESIAN_POINT('Origin',(84.6,8.74999999999999,-6.25356286856883));
#5726=CARTESIAN_POINT('',(83.6,8.74999999999999,-6.25356286856883));
#5727=CARTESIAN_POINT('',(84.6,8.74999999999999,-6.25356286856883));
#5728=CARTESIAN_POINT('',(83.6,10.25,-6.25356286856883));
#5729=CARTESIAN_POINT('Origin',(84.6,8.74999999999999,3.15356286856883));
#5730=CARTESIAN_POINT('',(84.6,8.74999999999999,3.15356286856883));
#5731=CARTESIAN_POINT('',(84.6,8.74999999999999,3.15356286856883));
#5732=CARTESIAN_POINT('',(84.6,14.75,3.15356286856883));
#5733=CARTESIAN_POINT('',(84.6,10.25,3.15356286856883));
#5734=CARTESIAN_POINT('',(84.6,14.75,3.15356286856883));
#5735=CARTESIAN_POINT('Origin',(84.6,8.74999999999999,-2.2));
#5736=CARTESIAN_POINT('',(84.6,8.74999999999999,-7.55356286856883));
#5737=CARTESIAN_POINT('',(84.6,8.74999999999999,-7.55356286856883));
#5738=CARTESIAN_POINT('Origin',(84.6,8.74999999999999,-2.2));
#5739=CARTESIAN_POINT('Origin',(84.6,8.74999999999999,-2.2));
#5740=CARTESIAN_POINT('',(83.6,8.74999999999999,1.85356286856883));
#5741=CARTESIAN_POINT('',(84.6,8.74999999999999,1.85356286856883));
#5742=CARTESIAN_POINT('Origin',(83.6,8.74999999999999,-2.2));
#5743=CARTESIAN_POINT('Origin',(84.6,14.75,1.85356286856883));
#5744=CARTESIAN_POINT('',(83.6,13.25,1.85356286856883));
#5745=CARTESIAN_POINT('Origin',(84.6,14.75,-7.55356286856883));
#5746=CARTESIAN_POINT('',(84.6,14.75,-7.55356286856883));
#5747=CARTESIAN_POINT('',(84.6,14.75,-7.55356286856883));
#5748=CARTESIAN_POINT('',(84.6,13.25,-7.55356286856883));
#5749=CARTESIAN_POINT('Origin',(84.6,14.75,-2.2));
#5750=CARTESIAN_POINT('Origin',(84.6,14.75,-2.2));
#5751=CARTESIAN_POINT('Origin',(84.1,10.25,-6.75356286856883));
#5752=CARTESIAN_POINT('',(84.6,8.74999999999999,-7.25356286856883));
#5753=CARTESIAN_POINT('',(83.6,8.74999999999999,-6.25356286856883));
#5754=CARTESIAN_POINT('',(84.6,14.75,-7.25356286856883));
#5755=CARTESIAN_POINT('',(84.6,10.25,-7.25356286856883));
#5756=CARTESIAN_POINT('',(84.6,14.75,-7.25356286856883));
#5757=CARTESIAN_POINT('Origin',(84.1,8.74999999999999,-2.2));
#5758=CARTESIAN_POINT('',(84.6,8.74999999999999,2.85356286856883));
#5759=CARTESIAN_POINT('',(83.6,8.74999999999999,1.85356286856883));
#5760=CARTESIAN_POINT('Origin',(84.6,8.74999999999999,-2.2));
#5761=CARTESIAN_POINT('Origin',(84.1,13.25,2.35356286856883));
#5762=CARTESIAN_POINT('',(84.6,14.75,2.85356286856883));
#5763=CARTESIAN_POINT('',(83.6,14.75,1.85356286856883));
#5764=CARTESIAN_POINT('',(84.6,13.25,2.85356286856883));
#5765=CARTESIAN_POINT('Origin',(84.1,14.75,-2.2));
#5766=CARTESIAN_POINT('Origin',(84.6,14.75,-2.2));
#5767=CARTESIAN_POINT('Origin',(84.6,11.75,-2.2));
#5768=CARTESIAN_POINT('',(0.,0.,0.));
#5769=CARTESIAN_POINT('Origin',(-39.3,8.20000000000003,32.));
#5770=CARTESIAN_POINT('',(-39.3,18.7799259590645,24.8846878704646));
#5771=CARTESIAN_POINT('',(-37.95,17.967066649767,23.8044579764966));
#5772=CARTESIAN_POINT('Ctrl Pts',(-39.3,18.7799259590645,24.8846878704646));
#5773=CARTESIAN_POINT('Ctrl Pts',(-39.1303540845427,18.7799259590645,24.8846878704646));
#5774=CARTESIAN_POINT('Ctrl Pts',(-38.9494879208394,18.7609935307561,24.8562818119663));
#5775=CARTESIAN_POINT('Ctrl Pts',(-38.6169137924138,18.6827860607824,24.7420050780336));
#5776=CARTESIAN_POINT('Ctrl Pts',(-38.465194924589,18.6233638846015,24.6562669137336));
#5777=CARTESIAN_POINT('Ctrl Pts',(-38.2256172792632,18.4831457168769,24.4611775219863));
#5778=CARTESIAN_POINT('Ctrl Pts',(-38.1217417954799,18.392951992516,24.3388038338424));
#5779=CARTESIAN_POINT('Ctrl Pts',(-37.9839296481715,18.1895120147945,24.0753645684014));
#5780=CARTESIAN_POINT('Ctrl Pts',(-37.95,18.0761124752123,23.9344137307285));
#5781=CARTESIAN_POINT('Ctrl Pts',(-37.95,17.967066649767,23.8044579764966));
#5782=CARTESIAN_POINT('Ctrl Pts',(-37.95,17.967066649767,23.8044579764966));
#5783=CARTESIAN_POINT('Ctrl Pts',(-37.95,17.8580208243217,23.6745022222648));
#5784=CARTESIAN_POINT('Ctrl Pts',(-37.9839296481715,17.7389029699846,23.5383496203937));
#5785=CARTESIAN_POINT('Ctrl Pts',(-38.1217417954799,17.5147929203264,23.2922546046912));
#5786=CARTESIAN_POINT('Ctrl Pts',(-38.2256172792632,17.4099403393498,23.1821811577269));
#5787=CARTESIAN_POINT('Ctrl Pts',(-38.465194924589,17.2421634231278,23.0102163016795));
#5788=CARTESIAN_POINT('Ctrl Pts',(-38.6169137924137,17.1680463668029,22.9368086058886));
#5789=CARTESIAN_POINT('Ctrl Pts',(-38.9494879208394,17.069086337878,22.8399453365178));
#5790=CARTESIAN_POINT('Ctrl Pts',(-39.1303540845427,17.0443994129109,22.8163678740434));
#5791=CARTESIAN_POINT('Ctrl Pts',(-39.4696459154573,17.0443994129109,22.8163678740434));
#5792=CARTESIAN_POINT('Ctrl Pts',(-39.6505120791606,17.069086337878,22.8399453365178));
#5793=CARTESIAN_POINT('Ctrl Pts',(-39.9830862075862,17.1680463668029,22.9368086058886));
#5794=CARTESIAN_POINT('Ctrl Pts',(-40.134805075411,17.2421634231278,23.0102163016795));
#5795=CARTESIAN_POINT('Ctrl Pts',(-40.3743827207368,17.4099403393498,23.1821811577269));
#5796=CARTESIAN_POINT('Ctrl Pts',(-40.4782582045201,17.5147929203264,23.2922546046912));
#5797=CARTESIAN_POINT('Ctrl Pts',(-40.6160703518285,17.7389029699846,23.5383496203937));
#5798=CARTESIAN_POINT('Ctrl Pts',(-40.65,17.8580208243217,23.6745022222648));
#5799=CARTESIAN_POINT('Ctrl Pts',(-40.65,18.0761124752123,23.9344137307285));
#5800=CARTESIAN_POINT('Ctrl Pts',(-40.6160703518285,18.1895120147945,24.0753645684013));
#5801=CARTESIAN_POINT('Ctrl Pts',(-40.4782582045201,18.392951992516,24.3388038338424));
#5802=CARTESIAN_POINT('Ctrl Pts',(-40.3743827207368,18.4831457168769,24.4611775219863));
#5803=CARTESIAN_POINT('Ctrl Pts',(-40.134805075411,18.6233638846015,24.6562669137336));
#5804=CARTESIAN_POINT('Ctrl Pts',(-39.9830862075862,18.6827860607824,24.7420050780336));
#5805=CARTESIAN_POINT('Ctrl Pts',(-39.6505120791606,18.7609935307561,24.8562818119663));
#5806=CARTESIAN_POINT('Ctrl Pts',(-39.4696459154573,18.7799259590645,24.8846878704646));
#5807=CARTESIAN_POINT('Ctrl Pts',(-39.3,18.7799259590645,24.8846878704646));
#5808=CARTESIAN_POINT('',(-37.95,22.5633333084809,19.9477323183774));
#5809=CARTESIAN_POINT('',(-37.95,8.20000000000003,32.));
#5810=CARTESIAN_POINT('Origin',(-39.3,22.5633333084809,19.9477323183774));
#5811=CARTESIAN_POINT('Origin',(-39.3,22.5633333084809,19.9477323183774));
#5812=CARTESIAN_POINT('Origin',(-39.3,8.20000000000002,32.));
#5813=CARTESIAN_POINT('',(-39.3,16.294763589359,22.1492486361502));
#5814=CARTESIAN_POINT('',(-37.95,15.2062394704028,21.3475304044851));
#5815=CARTESIAN_POINT('Ctrl Pts',(-39.3,16.294763589359,22.1492486361502));
#5816=CARTESIAN_POINT('Ctrl Pts',(-39.1303540845427,16.294763589359,22.1492486361502));
#5817=CARTESIAN_POINT('Ctrl Pts',(-38.9494879208394,16.268479572191,22.1274658116645));
#5818=CARTESIAN_POINT('Ctrl Pts',(-38.6169137924137,16.1607826994558,22.040420054266));
#5819=CARTESIAN_POINT('Ctrl Pts',(-38.465194924589,16.0792668951877,21.9753262642848));
#5820=CARTESIAN_POINT('Ctrl Pts',(-38.2256172792632,15.8889870928507,21.8286476968151));
#5821=CARTESIAN_POINT('Ctrl Pts',(-38.1217417954799,15.7674852814778,21.7372828387068));
#5822=CARTESIAN_POINT('Ctrl Pts',(-37.9839296481715,15.4970366834834,21.5432580285554));
#5823=CARTESIAN_POINT('Ctrl Pts',(-37.95,15.3479759579643,21.4407519588529));
#5824=CARTESIAN_POINT('Ctrl Pts',(-37.95,15.2062394704028,21.3475304044851));
#5825=CARTESIAN_POINT('Ctrl Pts',(-37.95,15.2062394704028,21.3475304044851));
#5826=CARTESIAN_POINT('Ctrl Pts',(-37.95,15.0645029828413,21.2543088501173));
#5827=CARTESIAN_POINT('Ctrl Pts',(-37.9839296481715,14.9113403212982,21.1580394711478));
#5828=CARTESIAN_POINT('Ctrl Pts',(-38.1217417954799,14.6260643980635,20.9865585137967));
#5829=CARTESIAN_POINT('Ctrl Pts',(-38.2256172792632,14.4940473047238,20.9111813652027));
#5830=CARTESIAN_POINT('Ctrl Pts',(-38.465194924589,14.2839987019473,20.7945597985692));
#5831=CARTESIAN_POINT('Ctrl Pts',(-38.6169137924137,14.1919417748457,20.7454930072312));
#5832=CARTESIAN_POINT('Ctrl Pts',(-38.9494879208394,14.0693584062107,20.6810810672503));
#5833=CARTESIAN_POINT('Ctrl Pts',(-39.1303540845427,14.0389464985441,20.6655743953591));
#5834=CARTESIAN_POINT('Ctrl Pts',(-39.4696459154573,14.0389464985441,20.6655743953591));
#5835=CARTESIAN_POINT('Ctrl Pts',(-39.6505120791606,14.0693584062107,20.6810810672503));
#5836=CARTESIAN_POINT('Ctrl Pts',(-39.9830862075862,14.1919417748457,20.7454930072312));
#5837=CARTESIAN_POINT('Ctrl Pts',(-40.134805075411,14.2839987019473,20.7945597985692));
#5838=CARTESIAN_POINT('Ctrl Pts',(-40.3743827207368,14.4940473047238,20.9111813652027));
#5839=CARTESIAN_POINT('Ctrl Pts',(-40.4782582045201,14.6260643980635,20.9865585137967));
#5840=CARTESIAN_POINT('Ctrl Pts',(-40.6160703518285,14.9113403212982,21.1580394711478));
#5841=CARTESIAN_POINT('Ctrl Pts',(-40.65,15.0645029828413,21.2543088501172));
#5842=CARTESIAN_POINT('Ctrl Pts',(-40.65,15.3479759579643,21.4407519588529));
#5843=CARTESIAN_POINT('Ctrl Pts',(-40.6160703518285,15.4970366834834,21.5432580285554));
#5844=CARTESIAN_POINT('Ctrl Pts',(-40.4782582045201,15.7674852814778,21.7372828387068));
#5845=CARTESIAN_POINT('Ctrl Pts',(-40.3743827207368,15.8889870928507,21.8286476968151));
#5846=CARTESIAN_POINT('Ctrl Pts',(-40.134805075411,16.0792668951877,21.9753262642848));
#5847=CARTESIAN_POINT('Ctrl Pts',(-39.9830862075862,16.1607826994558,22.040420054266));
#5848=CARTESIAN_POINT('Ctrl Pts',(-39.6505120791606,16.268479572191,22.1274658116645));
#5849=CARTESIAN_POINT('Ctrl Pts',(-39.4696459154573,16.294763589359,22.1492486361502));
#5850=CARTESIAN_POINT('Ctrl Pts',(-39.3,16.294763589359,22.1492486361502));
#5851=CARTESIAN_POINT('',(-37.95,18.5032933388276,16.3346035360074));
#5852=CARTESIAN_POINT('',(-37.95,8.20000000000002,32.));
#5853=CARTESIAN_POINT('Origin',(-39.3,18.5032933388276,16.3346035360074));
#5854=CARTESIAN_POINT('Origin',(-39.3,18.5032933388276,16.3346035360074));
#5855=CARTESIAN_POINT('Origin',(-39.3,8.20000000000003,32.));
#5856=CARTESIAN_POINT('',(-39.3,13.1294712874939,20.2414791395442));
#5857=CARTESIAN_POINT('',(-37.95,11.8567412170664,19.7856337179775));
#5858=CARTESIAN_POINT('Ctrl Pts',(-39.3,13.1294712874939,20.2414791395442));
#5859=CARTESIAN_POINT('Ctrl Pts',(-39.1303540845427,13.1294712874939,20.2414791395442));
#5860=CARTESIAN_POINT('Ctrl Pts',(-38.9494879208394,13.0980440902254,20.2281497632307));
#5861=CARTESIAN_POINT('Ctrl Pts',(-38.6169137924138,12.9699066110202,20.1756486518047));
#5862=CARTESIAN_POINT('Ctrl Pts',(-38.465194924589,12.8731462160474,20.136668479867));
#5863=CARTESIAN_POINT('Ctrl Pts',(-38.2256172792632,12.6487922736833,20.0507248129795));
#5864=CARTESIAN_POINT('Ctrl Pts',(-38.1217417954799,12.5061910759991,19.9980453493995));
#5865=CARTESIAN_POINT('Ctrl Pts',(-37.9839296481715,12.1914572127224,19.8897371483325));
#5866=CARTESIAN_POINT('Ctrl Pts',(-37.95,12.0192595288138,19.8342885065579));
#5867=CARTESIAN_POINT('Ctrl Pts',(-37.95,11.8567412170664,19.7856337179775));
#5868=CARTESIAN_POINT('Ctrl Pts',(-37.95,11.8567412170664,19.7856337179775));
#5869=CARTESIAN_POINT('Ctrl Pts',(-37.95,11.694222905319,19.7369789293972));
#5870=CARTESIAN_POINT('Ctrl Pts',(-37.9839296481715,11.5198843127829,19.6886814204485));
#5871=CARTESIAN_POINT('Ctrl Pts',(-38.1217417954799,11.1974116772913,19.6062225187426));
#5872=CARTESIAN_POINT('Ctrl Pts',(-38.2256172792632,11.0493222765361,19.5718749300643));
#5873=CARTESIAN_POINT('Ctrl Pts',(-38.465194924589,10.8146504756854,19.5203953106224));
#5874=CARTESIAN_POINT('Ctrl Pts',(-38.6169137924137,10.7123883906116,19.4997920634038));
#5875=CARTESIAN_POINT('Ctrl Pts',(-38.9494879208394,10.5764812564633,19.4732434068353));
#5876=CARTESIAN_POINT('Ctrl Pts',(-39.1303540845427,10.5428996042421,19.4671104112243));
#5877=CARTESIAN_POINT('Ctrl Pts',(-39.4696459154573,10.5428996042421,19.4671104112243));
#5878=CARTESIAN_POINT('Ctrl Pts',(-39.6505120791606,10.5764812564633,19.4732434068353));
#5879=CARTESIAN_POINT('Ctrl Pts',(-39.9830862075862,10.7123883906116,19.4997920634038));
#5880=CARTESIAN_POINT('Ctrl Pts',(-40.134805075411,10.8146504756854,19.5203953106224));
#5881=CARTESIAN_POINT('Ctrl Pts',(-40.3743827207368,11.0493222765361,19.5718749300643));
#5882=CARTESIAN_POINT('Ctrl Pts',(-40.4782582045201,11.1974116772913,19.6062225187426));
#5883=CARTESIAN_POINT('Ctrl Pts',(-40.6160703518285,11.5198843127829,19.6886814204485));
#5884=CARTESIAN_POINT('Ctrl Pts',(-40.65,11.694222905319,19.7369789293972));
#5885=CARTESIAN_POINT('Ctrl Pts',(-40.65,12.0192595288138,19.8342885065579));
#5886=CARTESIAN_POINT('Ctrl Pts',(-40.6160703518285,12.1914572127224,19.8897371483325));
#5887=CARTESIAN_POINT('Ctrl Pts',(-40.4782582045201,12.5061910759991,19.9980453493995));
#5888=CARTESIAN_POINT('Ctrl Pts',(-40.3743827207368,12.6487922736833,20.0507248129795));
#5889=CARTESIAN_POINT('Ctrl Pts',(-40.134805075411,12.8731462160474,20.136668479867));
#5890=CARTESIAN_POINT('Ctrl Pts',(-39.9830862075862,12.9699066110202,20.1756486518047));
#5891=CARTESIAN_POINT('Ctrl Pts',(-39.6505120791606,13.0980440902254,20.2281497632307));
#5892=CARTESIAN_POINT('Ctrl Pts',(-39.4696459154573,13.1294712874939,20.2414791395443));
#5893=CARTESIAN_POINT('Ctrl Pts',(-39.3,13.1294712874939,20.2414791395443));
#5894=CARTESIAN_POINT('',(-37.95,13.577560613333,14.0376966440846));
#5895=CARTESIAN_POINT('',(-37.95,8.20000000000003,32.));
#5896=CARTESIAN_POINT('Origin',(-39.3,13.577560613333,14.0376966440846));
#5897=CARTESIAN_POINT('Origin',(-39.3,13.577560613333,14.0376966440846));
#5898=CARTESIAN_POINT('Origin',(-39.3,8.20000000000002,32.));
#5899=CARTESIAN_POINT('',(-39.3,5.85710039575793,19.4671104112243));
#5900=CARTESIAN_POINT('',(-37.95,4.54325878293362,19.7856337179775));
#5901=CARTESIAN_POINT('Ctrl Pts',(-39.3,5.85710039575793,19.4671104112243));
#5902=CARTESIAN_POINT('Ctrl Pts',(-39.1303540845427,5.85710039575793,19.4671104112243));
#5903=CARTESIAN_POINT('Ctrl Pts',(-38.9494879208394,5.8235187435368,19.4732434068353));
#5904=CARTESIAN_POINT('Ctrl Pts',(-38.6169137924138,5.68761160938843,19.4997920634038));
#5905=CARTESIAN_POINT('Ctrl Pts',(-38.465194924589,5.58534952431461,19.5203953106224));
#5906=CARTESIAN_POINT('Ctrl Pts',(-38.2256172792632,5.35067772346397,19.5718749300643));
#5907=CARTESIAN_POINT('Ctrl Pts',(-38.1217417954799,5.20258832270879,19.6062225187426));
#5908=CARTESIAN_POINT('Ctrl Pts',(-37.9839296481715,4.88011568721717,19.6886814204485));
#5909=CARTESIAN_POINT('Ctrl Pts',(-37.95,4.70577709468103,19.7369789293972));
#5910=CARTESIAN_POINT('Ctrl Pts',(-37.95,4.54325878293362,19.7856337179775));
#5911=CARTESIAN_POINT('Ctrl Pts',(-37.95,4.54325878293362,19.7856337179775));
#5912=CARTESIAN_POINT('Ctrl Pts',(-37.95,4.38074047118622,19.8342885065579));
#5913=CARTESIAN_POINT('Ctrl Pts',(-37.9839296481715,4.20854278727763,19.8897371483325));
#5914=CARTESIAN_POINT('Ctrl Pts',(-38.1217417954799,3.89380892400096,19.9980453493995));
#5915=CARTESIAN_POINT('Ctrl Pts',(-38.2256172792632,3.75120772631673,20.0507248129795));
#5916=CARTESIAN_POINT('Ctrl Pts',(-38.465194924589,3.52685378395269,20.136668479867));
#5917=CARTESIAN_POINT('Ctrl Pts',(-38.6169137924137,3.43009338897982,20.1756486518047));
#5918=CARTESIAN_POINT('Ctrl Pts',(-38.9494879208394,3.30195590977467,20.2281497632307));
#5919=CARTESIAN_POINT('Ctrl Pts',(-39.1303540845427,3.27052871250611,20.2414791395442));
#5920=CARTESIAN_POINT('Ctrl Pts',(-39.4696459154573,3.27052871250611,20.2414791395442));
#5921=CARTESIAN_POINT('Ctrl Pts',(-39.6505120791606,3.30195590977467,20.2281497632307));
#5922=CARTESIAN_POINT('Ctrl Pts',(-39.9830862075862,3.43009338897982,20.1756486518047));
#5923=CARTESIAN_POINT('Ctrl Pts',(-40.134805075411,3.52685378395269,20.136668479867));
#5924=CARTESIAN_POINT('Ctrl Pts',(-40.3743827207368,3.75120772631673,20.0507248129795));
#5925=CARTESIAN_POINT('Ctrl Pts',(-40.4782582045201,3.89380892400096,19.9980453493995));
#5926=CARTESIAN_POINT('Ctrl Pts',(-40.6160703518285,4.20854278727764,19.8897371483325));
#5927=CARTESIAN_POINT('Ctrl Pts',(-40.65,4.38074047118622,19.8342885065579));
#5928=CARTESIAN_POINT('Ctrl Pts',(-40.65,4.70577709468103,19.7369789293972));
#5929=CARTESIAN_POINT('Ctrl Pts',(-40.6160703518285,4.88011568721717,19.6886814204485));
#5930=CARTESIAN_POINT('Ctrl Pts',(-40.4782582045201,5.20258832270878,19.6062225187426));
#5931=CARTESIAN_POINT('Ctrl Pts',(-40.3743827207368,5.35067772346397,19.5718749300643));
#5932=CARTESIAN_POINT('Ctrl Pts',(-40.134805075411,5.58534952431461,19.5203953106224));
#5933=CARTESIAN_POINT('Ctrl Pts',(-39.9830862075862,5.68761160938843,19.4997920634038));
#5934=CARTESIAN_POINT('Ctrl Pts',(-39.6505120791606,5.8235187435368,19.4732434068353));
#5935=CARTESIAN_POINT('Ctrl Pts',(-39.4696459154573,5.85710039575793,19.4671104112243));
#5936=CARTESIAN_POINT('Ctrl Pts',(-39.3,5.85710039575793,19.4671104112243));
#5937=CARTESIAN_POINT('',(-37.95,2.82243938666709,14.0376966440846));
#5938=CARTESIAN_POINT('',(-37.95,8.20000000000002,32.));
#5939=CARTESIAN_POINT('Origin',(-39.3,2.82243938666709,14.0376966440846));
#5940=CARTESIAN_POINT('Origin',(-39.3,2.82243938666709,14.0376966440846));
#5941=CARTESIAN_POINT('Origin',(-39.3,8.20000000000002,32.));
#5942=CARTESIAN_POINT('',(-39.3,2.36105350145595,20.6655743953591));
#5943=CARTESIAN_POINT('',(-37.95,1.19376052959724,21.3475304044851));
#5944=CARTESIAN_POINT('Ctrl Pts',(-39.3,2.36105350145595,20.6655743953591));
#5945=CARTESIAN_POINT('Ctrl Pts',(-39.1303540845427,2.36105350145595,20.6655743953591));
#5946=CARTESIAN_POINT('Ctrl Pts',(-38.9494879208394,2.33064159378932,20.6810810672503));
#5947=CARTESIAN_POINT('Ctrl Pts',(-38.6169137924137,2.20805822515431,20.7454930072312));
#5948=CARTESIAN_POINT('Ctrl Pts',(-38.465194924589,2.1160012980527,20.7945597985692));
#5949=CARTESIAN_POINT('Ctrl Pts',(-38.2256172792632,1.90595269527629,20.9111813652027));
#5950=CARTESIAN_POINT('Ctrl Pts',(-38.1217417954799,1.77393560193651,20.9865585137967));
#5951=CARTESIAN_POINT('Ctrl Pts',(-37.9839296481715,1.48865967870185,21.1580394711478));
#5952=CARTESIAN_POINT('Ctrl Pts',(-37.95,1.33549701715875,21.2543088501172));
#5953=CARTESIAN_POINT('Ctrl Pts',(-37.95,1.19376052959724,21.3475304044851));
#5954=CARTESIAN_POINT('Ctrl Pts',(-37.95,1.19376052959724,21.3475304044851));
#5955=CARTESIAN_POINT('Ctrl Pts',(-37.95,1.05202404203573,21.4407519588529));
#5956=CARTESIAN_POINT('Ctrl Pts',(-37.9839296481715,0.902963316516687,21.5432580285554));
#5957=CARTESIAN_POINT('Ctrl Pts',(-38.1217417954799,0.632514718522253,21.7372828387068));
#5958=CARTESIAN_POINT('Ctrl Pts',(-38.2256172792632,0.511012907149348,21.8286476968151));
#5959=CARTESIAN_POINT('Ctrl Pts',(-38.465194924589,0.320733104812353,21.9753262642848));
#5960=CARTESIAN_POINT('Ctrl Pts',(-38.6169137924137,0.239217300544202,22.040420054266));
#5961=CARTESIAN_POINT('Ctrl Pts',(-38.9494879208394,0.131520427809031,22.1274658116645));
#5962=CARTESIAN_POINT('Ctrl Pts',(-39.1303540845427,0.105236410641023,22.1492486361502));
#5963=CARTESIAN_POINT('Ctrl Pts',(-39.4696459154573,0.105236410641023,22.1492486361502));
#5964=CARTESIAN_POINT('Ctrl Pts',(-39.6505120791606,0.131520427809029,22.1274658116645));
#5965=CARTESIAN_POINT('Ctrl Pts',(-39.9830862075862,0.239217300544195,22.040420054266));
#5966=CARTESIAN_POINT('Ctrl Pts',(-40.134805075411,0.320733104812354,21.9753262642848));
#5967=CARTESIAN_POINT('Ctrl Pts',(-40.3743827207368,0.511012907149348,21.8286476968151));
#5968=CARTESIAN_POINT('Ctrl Pts',(-40.4782582045201,0.632514718522256,21.7372828387068));
#5969=CARTESIAN_POINT('Ctrl Pts',(-40.6160703518285,0.902963316516691,21.5432580285554));
#5970=CARTESIAN_POINT('Ctrl Pts',(-40.65,1.05202404203573,21.4407519588529));
#5971=CARTESIAN_POINT('Ctrl Pts',(-40.65,1.33549701715875,21.2543088501172));
#5972=CARTESIAN_POINT('Ctrl Pts',(-40.6160703518285,1.48865967870185,21.1580394711478));
#5973=CARTESIAN_POINT('Ctrl Pts',(-40.4782582045201,1.77393560193651,20.9865585137967));
#5974=CARTESIAN_POINT('Ctrl Pts',(-40.3743827207368,1.90595269527629,20.9111813652027));
#5975=CARTESIAN_POINT('Ctrl Pts',(-40.134805075411,2.1160012980527,20.7945597985692));
#5976=CARTESIAN_POINT('Ctrl Pts',(-39.9830862075863,2.20805822515431,20.7454930072312));
#5977=CARTESIAN_POINT('Ctrl Pts',(-39.6505120791606,2.33064159378932,20.6810810672503));
#5978=CARTESIAN_POINT('Ctrl Pts',(-39.4696459154573,2.36105350145595,20.6655743953591));
#5979=CARTESIAN_POINT('Ctrl Pts',(-39.3,2.36105350145595,20.6655743953591));
#5980=CARTESIAN_POINT('',(-37.95,-2.10329333882759,16.3346035360074));
#5981=CARTESIAN_POINT('',(-37.95,8.20000000000002,32.));
#5982=CARTESIAN_POINT('Origin',(-39.3,-2.10329333882759,16.3346035360074));
#5983=CARTESIAN_POINT('Origin',(-39.3,-2.10329333882759,16.3346035360074));
#5984=CARTESIAN_POINT('Origin',(-39.3,8.20000000000002,32.));
#5985=CARTESIAN_POINT('',(-39.3,-0.644399412910819,22.8163678740434));
#5986=CARTESIAN_POINT('',(-37.95,-1.56706664976695,23.8044579764966));
#5987=CARTESIAN_POINT('Ctrl Pts',(-39.3,-0.644399412910819,22.8163678740434));
#5988=CARTESIAN_POINT('Ctrl Pts',(-39.1303540845427,-0.644399412910819,
22.8163678740434));
#5989=CARTESIAN_POINT('Ctrl Pts',(-38.9494879208394,-0.669086337877974,
22.8399453365178));
#5990=CARTESIAN_POINT('Ctrl Pts',(-38.6169137924137,-0.768046366802883,
22.9368086058886));
#5991=CARTESIAN_POINT('Ctrl Pts',(-38.465194924589,-0.842163423127717,23.0102163016795));
#5992=CARTESIAN_POINT('Ctrl Pts',(-38.2256172792632,-1.00994033934973,23.1821811577269));
#5993=CARTESIAN_POINT('Ctrl Pts',(-38.1217417954799,-1.11479292032631,23.2922546046912));
#5994=CARTESIAN_POINT('Ctrl Pts',(-37.9839296481715,-1.33890296998454,23.5383496203937));
#5995=CARTESIAN_POINT('Ctrl Pts',(-37.95,-1.45802082432163,23.6745022222648));
#5996=CARTESIAN_POINT('Ctrl Pts',(-37.95,-1.56706664976695,23.8044579764966));
#5997=CARTESIAN_POINT('Ctrl Pts',(-37.95,-1.56706664976695,23.8044579764966));
#5998=CARTESIAN_POINT('Ctrl Pts',(-37.95,-1.67611247521227,23.9344137307285));
#5999=CARTESIAN_POINT('Ctrl Pts',(-37.9839296481715,-1.78951201479444,24.0753645684013));
#6000=CARTESIAN_POINT('Ctrl Pts',(-38.1217417954799,-1.99295199251597,24.3388038338424));
#6001=CARTESIAN_POINT('Ctrl Pts',(-38.2256172792632,-2.0831457168769,24.4611775219863));
#6002=CARTESIAN_POINT('Ctrl Pts',(-38.465194924589,-2.22336388460146,24.6562669137336));
#6003=CARTESIAN_POINT('Ctrl Pts',(-38.6169137924137,-2.28278606078231,24.7420050780336));
#6004=CARTESIAN_POINT('Ctrl Pts',(-38.9494879208394,-2.36099353075609,24.8562818119662));
#6005=CARTESIAN_POINT('Ctrl Pts',(-39.1303540845427,-2.37992595906447,24.8846878704646));
#6006=CARTESIAN_POINT('Ctrl Pts',(-39.4696459154573,-2.37992595906447,24.8846878704646));
#6007=CARTESIAN_POINT('Ctrl Pts',(-39.6505120791606,-2.36099353075609,24.8562818119662));
#6008=CARTESIAN_POINT('Ctrl Pts',(-39.9830862075862,-2.28278606078231,24.7420050780336));
#6009=CARTESIAN_POINT('Ctrl Pts',(-40.134805075411,-2.22336388460146,24.6562669137336));
#6010=CARTESIAN_POINT('Ctrl Pts',(-40.3743827207368,-2.0831457168769,24.4611775219863));
#6011=CARTESIAN_POINT('Ctrl Pts',(-40.4782582045201,-1.99295199251597,24.3388038338424));
#6012=CARTESIAN_POINT('Ctrl Pts',(-40.6160703518285,-1.78951201479445,24.0753645684013));
#6013=CARTESIAN_POINT('Ctrl Pts',(-40.65,-1.67611247521227,23.9344137307285));
#6014=CARTESIAN_POINT('Ctrl Pts',(-40.65,-1.45802082432163,23.6745022222648));
#6015=CARTESIAN_POINT('Ctrl Pts',(-40.6160703518285,-1.33890296998454,23.5383496203937));
#6016=CARTESIAN_POINT('Ctrl Pts',(-40.4782582045201,-1.11479292032632,23.2922546046912));
#6017=CARTESIAN_POINT('Ctrl Pts',(-40.3743827207368,-1.00994033934973,23.1821811577269));
#6018=CARTESIAN_POINT('Ctrl Pts',(-40.134805075411,-0.842163423127716,23.0102163016795));
#6019=CARTESIAN_POINT('Ctrl Pts',(-39.9830862075863,-0.768046366802885,
22.9368086058886));
#6020=CARTESIAN_POINT('Ctrl Pts',(-39.6505120791606,-0.669086337877974,
22.8399453365178));
#6021=CARTESIAN_POINT('Ctrl Pts',(-39.4696459154573,-0.644399412910819,
22.8163678740434));
#6022=CARTESIAN_POINT('Ctrl Pts',(-39.3,-0.644399412910819,22.8163678740434));
#6023=CARTESIAN_POINT('',(-37.95,-6.16333330848081,19.9477323183774));
#6024=CARTESIAN_POINT('',(-37.95,8.20000000000002,32.));
#6025=CARTESIAN_POINT('Origin',(-39.3,-6.16333330848081,19.9477323183774));
#6026=CARTESIAN_POINT('Origin',(-39.3,-6.16333330848081,19.9477323183774));
#6027=CARTESIAN_POINT('Origin',(-39.3,8.20000000000002,32.));
#6028=CARTESIAN_POINT('',(-39.3,9.55000000000002,19.3216720345307));
#6029=CARTESIAN_POINT('',(-37.95,8.20000000000002,19.25));
#6030=CARTESIAN_POINT('Ctrl Pts',(-39.3,9.55000000000002,19.3216720345307));
#6031=CARTESIAN_POINT('Ctrl Pts',(-39.1303540845427,9.55000000000002,19.3216720345307));
#6032=CARTESIAN_POINT('Ctrl Pts',(-38.9494879208394,9.51607016639852,19.3179160535883));
#6033=CARTESIAN_POINT('Ctrl Pts',(-38.6169137924138,9.37825831670754,19.3043707827248));
#6034=CARTESIAN_POINT('Ctrl Pts',(-38.465194924589,9.27438323379268,19.2947793808969));
#6035=CARTESIAN_POINT('Ctrl Pts',(-38.2256172792632,9.03480558846689,19.2767916853102));
#6036=CARTESIAN_POINT('Ctrl Pts',(-38.1217417954799,8.88308649618956,19.2672237961705));
#6037=CARTESIAN_POINT('Ctrl Pts',(-37.9839296481715,8.55051161380482,19.2537323648819));
#6038=CARTESIAN_POINT('Ctrl Pts',(-37.95,8.36964518886497,19.25));
#6039=CARTESIAN_POINT('Ctrl Pts',(-37.95,8.20000000000002,19.25));
#6040=CARTESIAN_POINT('Ctrl Pts',(-37.95,8.20000000000002,19.25));
#6041=CARTESIAN_POINT('Ctrl Pts',(-37.95,8.03035481113507,19.25));
#6042=CARTESIAN_POINT('Ctrl Pts',(-37.9839296481715,7.84948838619523,19.2537323648819));
#6043=CARTESIAN_POINT('Ctrl Pts',(-38.1217417954799,7.51691350381048,19.2672237961705));
#6044=CARTESIAN_POINT('Ctrl Pts',(-38.2256172792632,7.36519441153315,19.2767916853102));
#6045=CARTESIAN_POINT('Ctrl Pts',(-38.465194924589,7.12561676620737,19.2947793808969));
#6046=CARTESIAN_POINT('Ctrl Pts',(-38.6169137924137,7.0217416832925,19.3043707827248));
#6047=CARTESIAN_POINT('Ctrl Pts',(-38.9494879208394,6.88392983360152,19.3179160535883));
#6048=CARTESIAN_POINT('Ctrl Pts',(-39.1303540845427,6.85000000000002,19.3216720345307));
#6049=CARTESIAN_POINT('Ctrl Pts',(-39.4696459154573,6.85000000000002,19.3216720345307));
#6050=CARTESIAN_POINT('Ctrl Pts',(-39.6505120791606,6.88392983360152,19.3179160535883));
#6051=CARTESIAN_POINT('Ctrl Pts',(-39.9830862075862,7.0217416832925,19.3043707827248));
#6052=CARTESIAN_POINT('Ctrl Pts',(-40.134805075411,7.12561676620737,19.2947793808969));
#6053=CARTESIAN_POINT('Ctrl Pts',(-40.3743827207368,7.36519441153315,19.2767916853102));
#6054=CARTESIAN_POINT('Ctrl Pts',(-40.4782582045201,7.51691350381049,19.2672237961705));
#6055=CARTESIAN_POINT('Ctrl Pts',(-40.6160703518285,7.84948838619523,19.2537323648819));
#6056=CARTESIAN_POINT('Ctrl Pts',(-40.65,8.03035481113507,19.25));
#6057=CARTESIAN_POINT('Ctrl Pts',(-40.65,8.36964518886497,19.25));
#6058=CARTESIAN_POINT('Ctrl Pts',(-40.6160703518285,8.55051161380481,19.2537323648819));
#6059=CARTESIAN_POINT('Ctrl Pts',(-40.4782582045201,8.88308649618956,19.2672237961705));
#6060=CARTESIAN_POINT('Ctrl Pts',(-40.3743827207368,9.03480558846689,19.2767916853102));
#6061=CARTESIAN_POINT('Ctrl Pts',(-40.134805075411,9.27438323379268,19.2947793808969));
#6062=CARTESIAN_POINT('Ctrl Pts',(-39.9830862075862,9.37825831670754,19.3043707827248));
#6063=CARTESIAN_POINT('Ctrl Pts',(-39.6505120791606,9.51607016639852,19.3179160535883));
#6064=CARTESIAN_POINT('Ctrl Pts',(-39.4696459154573,9.55000000000002,19.3216720345307));
#6065=CARTESIAN_POINT('Ctrl Pts',(-39.3,9.55000000000002,19.3216720345307));
#6066=CARTESIAN_POINT('',(-37.95,8.20000000000002,13.25));
#6067=CARTESIAN_POINT('',(-37.95,8.20000000000002,32.));
#6068=CARTESIAN_POINT('Origin',(-39.3,8.20000000000002,13.25));
#6069=CARTESIAN_POINT('Origin',(-39.3,8.20000000000002,13.25));
#6070=CARTESIAN_POINT('Origin',(-39.3,25.7,32.));
#6071=CARTESIAN_POINT('',(-36.05,25.7,32.));
#6072=CARTESIAN_POINT('Origin',(-39.3,25.7,32.));
#6073=CARTESIAN_POINT('',(-36.05,25.7,29.));
#6074=CARTESIAN_POINT('',(-36.05,25.7,32.));
#6075=CARTESIAN_POINT('Origin',(-39.3,25.7,29.));
#6076=CARTESIAN_POINT('Origin',(-39.3,25.7,29.));
#6077=CARTESIAN_POINT('',(-37.55,25.7,29.));
#6078=CARTESIAN_POINT('Origin',(-39.3,25.7,29.));
#6079=CARTESIAN_POINT('Origin',(-39.3,-9.29999999999998,32.));
#6080=CARTESIAN_POINT('',(-36.05,-9.29999999999998,32.));
#6081=CARTESIAN_POINT('Origin',(-39.3,-9.29999999999998,32.));
#6082=CARTESIAN_POINT('',(-36.05,-9.29999999999998,29.));
#6083=CARTESIAN_POINT('',(-36.05,-9.29999999999998,32.));
#6084=CARTESIAN_POINT('Origin',(-39.3,-9.29999999999998,29.));
#6085=CARTESIAN_POINT('Origin',(-39.3,-9.29999999999998,29.));
#6086=CARTESIAN_POINT('',(-37.55,-9.29999999999998,29.));
#6087=CARTESIAN_POINT('Origin',(-39.3,-9.29999999999998,29.));
#6088=CARTESIAN_POINT('Origin',(-44.3,8.20000000000002,32.));
#6089=CARTESIAN_POINT('',(-44.3,-4.54999999999998,32.));
#6090=CARTESIAN_POINT('',(-44.3,20.95,32.));
#6091=CARTESIAN_POINT('Origin',(-44.3,8.20000000000002,32.));
#6092=CARTESIAN_POINT('',(-34.3,-4.54999999999998,32.));
#6093=CARTESIAN_POINT('',(-44.3,-4.54999999999998,32.));
#6094=CARTESIAN_POINT('',(-34.3,20.95,32.));
#6095=CARTESIAN_POINT('Origin',(-34.3,8.20000000000002,32.));
#6096=CARTESIAN_POINT('',(-44.3,20.95,32.));
#6097=CARTESIAN_POINT('Origin',(-44.3,27.7,24.0812882666083));
#6098=CARTESIAN_POINT('',(-44.3,27.7,24.0812882666083));
#6099=CARTESIAN_POINT('',(-44.3,30.7,23.4146215999417));
#6100=CARTESIAN_POINT('',(-44.3,30.9380187576409,23.3617285426881));
#6101=CARTESIAN_POINT('',(-34.3,27.7,24.0812882666083));
#6102=CARTESIAN_POINT('',(-44.3,27.7,24.0812882666083));
#6103=CARTESIAN_POINT('',(-34.3,30.7,23.4146215999417));
#6104=CARTESIAN_POINT('',(-34.3,9.49684228705267,28.1264344250411));
#6105=CARTESIAN_POINT('',(-39.3,30.7,23.4146215999417));
#6106=CARTESIAN_POINT('Origin',(-44.3,27.7,27.6666666666667));
#6107=CARTESIAN_POINT('',(-44.3,27.7,27.6666666666667));
#6108=CARTESIAN_POINT('',(-44.3,27.7,17.3333333333333));
#6109=CARTESIAN_POINT('',(-34.3,27.7,27.6666666666667));
#6110=CARTESIAN_POINT('',(-44.3,27.7,27.6666666666667));
#6111=CARTESIAN_POINT('',(-34.3,27.7,17.3333333333333));
#6112=CARTESIAN_POINT('Origin',(-44.3,30.7,27.));
#6113=CARTESIAN_POINT('',(-44.3,31.7,26.7777777777778));
#6114=CARTESIAN_POINT('',(-44.3,32.8176470588236,26.5294117647059));
#6115=CARTESIAN_POINT('',(-34.3,31.7,26.7777777777778));
#6116=CARTESIAN_POINT('',(-39.3,31.7,26.7777777777778));
#6117=CARTESIAN_POINT('',(-34.3,11.3764705882353,31.2941176470588));
#6118=CARTESIAN_POINT('Origin',(-44.3,-11.3,27.6666666666667));
#6119=CARTESIAN_POINT('',(-44.3,-11.3,27.6666666666667));
#6120=CARTESIAN_POINT('',(-44.3,-15.3,26.7777777777778));
#6121=CARTESIAN_POINT('',(-44.3,6.52352941176473,31.6274509803922));
#6122=CARTESIAN_POINT('',(-34.3,-11.3,27.6666666666667));
#6123=CARTESIAN_POINT('',(-44.3,-11.3,27.6666666666667));
#6124=CARTESIAN_POINT('',(-34.3,-15.3,26.7777777777778));
#6125=CARTESIAN_POINT('',(-34.3,-14.9176470588235,26.8627450980392));
#6126=CARTESIAN_POINT('',(-44.3,-15.3,26.7777777777778));
#6127=CARTESIAN_POINT('Origin',(-44.3,-11.3,24.0812882666083));
#6128=CARTESIAN_POINT('',(-44.3,-11.3,24.0812882666083));
#6129=CARTESIAN_POINT('',(-44.3,-11.3,15.5406441333042));
#6130=CARTESIAN_POINT('',(-34.3,-11.3,24.0812882666083));
#6131=CARTESIAN_POINT('',(-44.3,-11.3,24.0812882666083));
#6132=CARTESIAN_POINT('',(-34.3,-11.3,15.5406441333042));
#6133=CARTESIAN_POINT('Origin',(-44.3,-14.3,23.4146215999417));
#6134=CARTESIAN_POINT('',(-44.3,-14.3,23.4146215999417));
#6135=CARTESIAN_POINT('',(-44.3,5.4031577129474,27.7931010917077));
#6136=CARTESIAN_POINT('',(-34.3,-14.3,23.4146215999417));
#6137=CARTESIAN_POINT('',(-44.3,-14.3,23.4146215999417));
#6138=CARTESIAN_POINT('',(-34.3,-16.0380187576408,23.0283952093548));
#6139=CARTESIAN_POINT('Origin',(-39.3,8.20000000000002,32.));
#6140=CARTESIAN_POINT('',(-44.3,-15.3,32.));
#6141=CARTESIAN_POINT('',(-44.3,30.7,32.));
#6142=CARTESIAN_POINT('',(-34.3,-15.3,32.));
#6143=CARTESIAN_POINT('',(-41.8,-15.3,32.));
#6144=CARTESIAN_POINT('',(-34.3,-14.3,32.));
#6145=CARTESIAN_POINT('Origin',(-34.3,31.7,7.));
#6146=CARTESIAN_POINT('',(-44.3,31.7,32.));
#6147=CARTESIAN_POINT('',(-44.3,31.7,7.));
#6148=CARTESIAN_POINT('',(-34.3,31.7,32.));
#6149=CARTESIAN_POINT('',(-36.8,31.7,32.));
#6150=CARTESIAN_POINT('',(-34.3,31.7,7.));
#6151=CARTESIAN_POINT('Origin',(-34.3,-14.3,7.));
#6152=CARTESIAN_POINT('',(-34.3,-15.3,7.));
#6153=CARTESIAN_POINT('',(-34.3,-14.3,7.));
#6154=CARTESIAN_POINT('',(-34.3,-14.3,7.));
#6155=CARTESIAN_POINT('',(-34.3,30.7,7.));
#6156=CARTESIAN_POINT('',(-34.3,-14.3,7.));
#6157=CARTESIAN_POINT('',(-34.3,30.7,7.));
#6158=CARTESIAN_POINT('',(-34.3,-14.3,32.));
#6159=CARTESIAN_POINT('Origin',(-44.3,-15.3,7.));
#6160=CARTESIAN_POINT('',(-44.3,-15.3,7.));
#6161=CARTESIAN_POINT('Origin',(-39.3,-9.29999999999998,7.));
#6162=CARTESIAN_POINT('',(-37.55,-9.29999999999998,7.));
#6163=CARTESIAN_POINT('',(-37.55,-9.29999999999998,7.));
#6164=CARTESIAN_POINT('Origin',(-39.3,-9.29999999999998,7.));
#6165=CARTESIAN_POINT('Origin',(-39.3,25.7,7.));
#6166=CARTESIAN_POINT('',(-37.55,25.7,7.));
#6167=CARTESIAN_POINT('',(-37.55,25.7,7.));
#6168=CARTESIAN_POINT('Origin',(-39.3,25.7,7.));
#6169=CARTESIAN_POINT('Origin',(-34.3,30.7,7.));
#6170=CARTESIAN_POINT('',(-44.3,30.7,7.));
#6171=CARTESIAN_POINT('',(-34.3,30.7,7.));
#6172=CARTESIAN_POINT('',(-44.3,30.7,7.));
#6173=CARTESIAN_POINT('Origin',(-44.3,-14.3,7.));
#6174=CARTESIAN_POINT('',(-44.3,-14.3,7.));
#6175=CARTESIAN_POINT('',(-44.3,-14.3,7.));
#6176=CARTESIAN_POINT('',(-44.3,-14.3,7.));
#6177=CARTESIAN_POINT('Origin',(-44.3,30.7,7.));
#6178=CARTESIAN_POINT('',(-44.3,30.7,32.));
#6179=CARTESIAN_POINT('',(-44.3,30.7,7.));
#6180=CARTESIAN_POINT('Origin',(-39.3,8.20000000000002,32.));
#6181=CARTESIAN_POINT('Origin',(-39.3,8.20000000000002,7.));
#6182=CARTESIAN_POINT('',(0.,0.,0.));
#6183=CARTESIAN_POINT('',(-39.2000004917387,-11.2500000596046,-50.7));
#6184=CARTESIAN_POINT('',(-23.8698587637592,58.1301412362409,-2.));
#6185=CARTESIAN_POINT('',(-15.,0.,2.00000000000023));
#6186=CARTESIAN_POINT('',(93.,0.,2.));
#6187=UNCERTAINTY_MEASURE_WITH_UNIT(LENGTH_MEASURE(0.01),#6199,
'DISTANCE_ACCURACY_VALUE',
'Maximum model space distance between geometric entities at asserted c
onnectivities');
#6188=UNCERTAINTY_MEASURE_WITH_UNIT(LENGTH_MEASURE(0.01),#6199,
'DISTANCE_ACCURACY_VALUE',
'Maximum model space distance between geometric entities at asserted c
onnectivities');
#6189=UNCERTAINTY_MEASURE_WITH_UNIT(LENGTH_MEASURE(0.01),#6199,
'DISTANCE_ACCURACY_VALUE',
'Maximum model space distance between geometric entities at asserted c
onnectivities');
#6190=UNCERTAINTY_MEASURE_WITH_UNIT(LENGTH_MEASURE(0.01),#6199,
'DISTANCE_ACCURACY_VALUE',
'Maximum model space distance between geometric entities at asserted c
onnectivities');
#6191=UNCERTAINTY_MEASURE_WITH_UNIT(LENGTH_MEASURE(0.01),#6199,
'DISTANCE_ACCURACY_VALUE',
'Maximum model space distance between geometric entities at asserted c
onnectivities');
#6192=UNCERTAINTY_MEASURE_WITH_UNIT(LENGTH_MEASURE(0.01),#6199,
'DISTANCE_ACCURACY_VALUE',
'Maximum model space distance between geometric entities at asserted c
onnectivities');
#6193=(
GEOMETRIC_REPRESENTATION_CONTEXT(3)
GLOBAL_UNCERTAINTY_ASSIGNED_CONTEXT((#6187))
GLOBAL_UNIT_ASSIGNED_CONTEXT((#6199,#6201,#6202))
REPRESENTATION_CONTEXT('','3D')
);
#6194=(
GEOMETRIC_REPRESENTATION_CONTEXT(3)
GLOBAL_UNCERTAINTY_ASSIGNED_CONTEXT((#6188))
GLOBAL_UNIT_ASSIGNED_CONTEXT((#6199,#6201,#6202))
REPRESENTATION_CONTEXT('','3D')
);
#6195=(
GEOMETRIC_REPRESENTATION_CONTEXT(3)
GLOBAL_UNCERTAINTY_ASSIGNED_CONTEXT((#6189))
GLOBAL_UNIT_ASSIGNED_CONTEXT((#6199,#6201,#6202))
REPRESENTATION_CONTEXT('','3D')
);
#6196=(
GEOMETRIC_REPRESENTATION_CONTEXT(3)
GLOBAL_UNCERTAINTY_ASSIGNED_CONTEXT((#6190))
GLOBAL_UNIT_ASSIGNED_CONTEXT((#6199,#6201,#6202))
REPRESENTATION_CONTEXT('','3D')
);
#6197=(
GEOMETRIC_REPRESENTATION_CONTEXT(3)
GLOBAL_UNCERTAINTY_ASSIGNED_CONTEXT((#6191))
GLOBAL_UNIT_ASSIGNED_CONTEXT((#6199,#6201,#6202))
REPRESENTATION_CONTEXT('','3D')
);
#6198=(
GEOMETRIC_REPRESENTATION_CONTEXT(3)
GLOBAL_UNCERTAINTY_ASSIGNED_CONTEXT((#6192))
GLOBAL_UNIT_ASSIGNED_CONTEXT((#6199,#6201,#6202))
REPRESENTATION_CONTEXT('','3D')
);
#6199=(
LENGTH_UNIT()
NAMED_UNIT(*)
SI_UNIT(.MILLI.,.METRE.)
);
#6200=(
LENGTH_UNIT()
NAMED_UNIT(*)
SI_UNIT($,.METRE.)
);
#6201=(
NAMED_UNIT(*)
PLANE_ANGLE_UNIT()
SI_UNIT($,.RADIAN.)
);
#6202=(
NAMED_UNIT(*)
SI_UNIT($,.STERADIAN.)
SOLID_ANGLE_UNIT()
);
#6203=SHAPE_DEFINITION_REPRESENTATION(#6208,#6218);
#6204=SHAPE_DEFINITION_REPRESENTATION(#6209,#6219);
#6205=SHAPE_DEFINITION_REPRESENTATION(#6210,#6220);
#6206=SHAPE_DEFINITION_REPRESENTATION(#6211,#6221);
#6207=SHAPE_DEFINITION_REPRESENTATION(#6212,#6222);
#6208=PRODUCT_DEFINITION_SHAPE('',$,#6224);
#6209=PRODUCT_DEFINITION_SHAPE('',$,#6225);
#6210=PRODUCT_DEFINITION_SHAPE('',$,#6226);
#6211=PRODUCT_DEFINITION_SHAPE('',$,#6227);
#6212=PRODUCT_DEFINITION_SHAPE('',$,#6228);
#6213=PRODUCT_DEFINITION_SHAPE($,$,#26);
#6214=PRODUCT_DEFINITION_SHAPE($,$,#27);
#6215=PRODUCT_DEFINITION_SHAPE($,$,#28);
#6216=PRODUCT_DEFINITION_SHAPE($,$,#29);
#6217=PRODUCT_DEFINITION_SHAPE($,$,#30);
#6218=SHAPE_REPRESENTATION('',(#3527,#3857,#3858,#3859,#3860,#3861),#6193);
#6219=SHAPE_REPRESENTATION('',(#3528),#6194);
#6220=SHAPE_REPRESENTATION('',(#3740),#6195);
#6221=SHAPE_REPRESENTATION('',(#3778),#6196);
#6222=SHAPE_REPRESENTATION('',(#3803),#6197);
#6223=PRODUCT_DEFINITION_CONTEXT('part definition',#6240,'design');
#6224=PRODUCT_DEFINITION('esp32-p4-wifi6-waveshare-800x480',
'esp32-p4-wifi6-guiton-800x480',#6229,#6223);
#6225=PRODUCT_DEFINITION('Main','main',#6230,#6223);
#6226=PRODUCT_DEFINITION('cover-TPU','cover-TPU',#6231,#6223);
#6227=PRODUCT_DEFINITION('insert','insert',#6232,#6223);
#6228=PRODUCT_DEFINITION('u-holder','u-holder',#6233,#6223);
#6229=PRODUCT_DEFINITION_FORMATION('',$,#6242);
#6230=PRODUCT_DEFINITION_FORMATION('',$,#6243);
#6231=PRODUCT_DEFINITION_FORMATION('',$,#6244);
#6232=PRODUCT_DEFINITION_FORMATION('',$,#6245);
#6233=PRODUCT_DEFINITION_FORMATION('',$,#6246);
#6234=PRODUCT_RELATED_PRODUCT_CATEGORY('esp32-p4-wifi6-guiton-800x480',
'esp32-p4-wifi6-guiton-800x480',(#6242));
#6235=PRODUCT_RELATED_PRODUCT_CATEGORY('main','main',(#6243));
#6236=PRODUCT_RELATED_PRODUCT_CATEGORY('cover-TPU','cover-TPU',(#6244));
#6237=PRODUCT_RELATED_PRODUCT_CATEGORY('insert','insert',(#6245));
#6238=PRODUCT_RELATED_PRODUCT_CATEGORY('u-holder','u-holder',(#6246));
#6239=APPLICATION_PROTOCOL_DEFINITION('international standard',
'automotive_design',2009,#6240);
#6240=APPLICATION_CONTEXT(
'Core Data for Automotive Mechanical Design Process');
#6241=PRODUCT_CONTEXT('part definition',#6240,'mechanical');
#6242=PRODUCT('esp32-p4-wifi6-waveshare-800x480',
'esp32-p4-wifi6-guiton-800x480',$,(#6241));
#6243=PRODUCT('Main','main',$,(#6241));
#6244=PRODUCT('cover-TPU','cover-TPU',$,(#6241));
#6245=PRODUCT('insert','insert',$,(#6241));
#6246=PRODUCT('u-holder','u-holder',$,(#6241));
#6247=PRESENTATION_STYLE_ASSIGNMENT((#6248));
#6248=SURFACE_STYLE_USAGE(.BOTH.,#6249);
#6249=SURFACE_SIDE_STYLE('',(#6250));
#6250=SURFACE_STYLE_FILL_AREA(#6251);
#6251=FILL_AREA_STYLE('Steel - Satin',(#6252));
#6252=FILL_AREA_STYLE_COLOUR('Steel - Satin',#6253);
#6253=COLOUR_RGB('Steel - Satin',0.627450980392157,0.627450980392157,0.627450980392157);
ENDSEC;
END-ISO-10303-21;
