ISO-10303-21;
HEADER;
/* Generated by software containing ST-Developer
 * from STEP Tools, Inc. (www.steptools.com) 
 */

FILE_DESCRIPTION(
/* description */ (''),
/* implementation_level */ '2;1');

FILE_NAME(
/* name */ 'esp32-p4-wifi6-waveshare-800x480.step',
/* time_stamp */ '2026-06-03T20:14:06+02:00',
/* author */ (''),
/* organization */ (''),
/* preprocessor_version */ 'ST-DEVELOPER v20.1',
/* originating_system */ 'Autodesk Translation Framework v15.8.0.0',
/* authorisation */ '');

FILE_SCHEMA (('AUTOMOTIVE_DESIGN { 1 0 10303 214 3 1 1 }'));
ENDSEC;

DATA;
#10=MECHANICAL_DESIGN_GEOMETRIC_PRESENTATION_REPRESENTATION('',(#53,#54,
#55,#56),#5686);
#11=ITEM_DEFINED_TRANSFORMATION($,$,#3235,#3545);
#12=ITEM_DEFINED_TRANSFORMATION($,$,#3419,#3546);
#13=ITEM_DEFINED_TRANSFORMATION($,$,#3491,#3547);
#14=ITEM_DEFINED_TRANSFORMATION($,$,#3466,#3548);
#15=ITEM_DEFINED_TRANSFORMATION($,$,#3491,#3549);
#16=(
REPRESENTATION_RELATIONSHIP($,$,#5707,#5706)
REPRESENTATION_RELATIONSHIP_WITH_TRANSFORMATION(#11)
SHAPE_REPRESENTATION_RELATIONSHIP()
);
#17=(
REPRESENTATION_RELATIONSHIP($,$,#5708,#5706)
REPRESENTATION_RELATIONSHIP_WITH_TRANSFORMATION(#12)
SHAPE_REPRESENTATION_RELATIONSHIP()
);
#18=(
REPRESENTATION_RELATIONSHIP($,$,#5710,#5706)
REPRESENTATION_RELATIONSHIP_WITH_TRANSFORMATION(#13)
SHAPE_REPRESENTATION_RELATIONSHIP()
);
#19=(
REPRESENTATION_RELATIONSHIP($,$,#5709,#5706)
REPRESENTATION_RELATIONSHIP_WITH_TRANSFORMATION(#14)
SHAPE_REPRESENTATION_RELATIONSHIP()
);
#20=(
REPRESENTATION_RELATIONSHIP($,$,#5710,#5706)
REPRESENTATION_RELATIONSHIP_WITH_TRANSFORMATION(#15)
SHAPE_REPRESENTATION_RELATIONSHIP()
);
#21=CONTEXT_DEPENDENT_SHAPE_REPRESENTATION(#16,#5701);
#22=CONTEXT_DEPENDENT_SHAPE_REPRESENTATION(#17,#5702);
#23=CONTEXT_DEPENDENT_SHAPE_REPRESENTATION(#18,#5703);
#24=CONTEXT_DEPENDENT_SHAPE_REPRESENTATION(#19,#5704);
#25=CONTEXT_DEPENDENT_SHAPE_REPRESENTATION(#20,#5705);
#26=NEXT_ASSEMBLY_USAGE_OCCURRENCE('main:1','main:1','main:1',#5712,#5713,
'main:1');
#27=NEXT_ASSEMBLY_USAGE_OCCURRENCE('cover-TPU:1','cover-TPU:1',
'cover-TPU:1',#5712,#5714,'cover-TPU:1');
#28=NEXT_ASSEMBLY_USAGE_OCCURRENCE('u-holder:1','u-holder:1',
'u-holder:1',#5712,#5716,'u-holder:1');
#29=NEXT_ASSEMBLY_USAGE_OCCURRENCE('insert:1','insert:1','insert:1',#5712,
#5715,'insert:1');
#30=NEXT_ASSEMBLY_USAGE_OCCURRENCE('u-holder:2','u-holder:2',
'u-holder:2',#5712,#5716,'u-holder:2');
#31=B_SPLINE_CURVE_WITH_KNOTS('',3,(#5260,#5261,#5262,#5263,#5264,#5265,
#5266,#5267,#5268,#5269),.UNSPECIFIED.,.F.,.F.,(4,2,2,2,4),(0.,0.0508937746371907,
0.101787549274381,0.152681105933866,0.203574662593351),.UNSPECIFIED.);
#32=B_SPLINE_CURVE_WITH_KNOTS('',3,(#5270,#5271,#5272,#5273,#5274,#5275,
#5276,#5277,#5278,#5279,#5280,#5281,#5282,#5283,#5284,#5285,#5286,#5287,
#5288,#5289,#5290,#5291,#5292,#5293,#5294,#5295),.UNSPECIFIED.,.F.,.F.,
(4,2,2,2,2,2,2,2,2,2,2,2,4),(0.203574662593351,0.254468219252836,0.30536177591232,
0.356255550549512,0.407149325186702,0.458043099823893,0.508936874461084,
0.559830431120569,0.610723987780054,0.661617544439538,0.712511101099023,
0.763404875736214,0.814298650373405),.UNSPECIFIED.);
#33=B_SPLINE_CURVE_WITH_KNOTS('',3,(#5303,#5304,#5305,#5306,#5307,#5308,
#5309,#5310,#5311,#5312),.UNSPECIFIED.,.F.,.F.,(4,2,2,2,4),(0.,0.0508937746371909,
0.101787549274382,0.152681105933867,0.203574662593352),.UNSPECIFIED.);
#34=B_SPLINE_CURVE_WITH_KNOTS('',3,(#5313,#5314,#5315,#5316,#5317,#5318,
#5319,#5320,#5321,#5322,#5323,#5324,#5325,#5326,#5327,#5328,#5329,#5330,
#5331,#5332,#5333,#5334,#5335,#5336,#5337,#5338),.UNSPECIFIED.,.F.,.F.,
(4,2,2,2,2,2,2,2,2,2,2,2,4),(0.203574662593352,0.254468219252836,0.30536177591232,
0.356255550549511,0.407149325186702,0.458043099823893,0.508936874461084,
0.559830431120569,0.610723987780053,0.661617544439538,0.712511101099023,
0.763404875736214,0.814298650373404),.UNSPECIFIED.);
#35=B_SPLINE_CURVE_WITH_KNOTS('',3,(#5346,#5347,#5348,#5349,#5350,#5351,
#5352,#5353,#5354,#5355),.UNSPECIFIED.,.F.,.F.,(4,2,2,2,4),(0.,0.0508937746371909,
0.101787549274382,0.152681105933867,0.203574662593351),.UNSPECIFIED.);
#36=B_SPLINE_CURVE_WITH_KNOTS('',3,(#5356,#5357,#5358,#5359,#5360,#5361,
#5362,#5363,#5364,#5365,#5366,#5367,#5368,#5369,#5370,#5371,#5372,#5373,
#5374,#5375,#5376,#5377,#5378,#5379,#5380,#5381),.UNSPECIFIED.,.F.,.F.,
(4,2,2,2,2,2,2,2,2,2,2,2,4),(0.203574662593351,0.254468219252836,0.30536177591232,
0.356255550549511,0.407149325186702,0.458043099823893,0.508936874461084,
0.559830431120568,0.610723987780053,0.661617544439538,0.712511101099023,
0.763404875736213,0.814298650373404),.UNSPECIFIED.);
#37=B_SPLINE_CURVE_WITH_KNOTS('',3,(#5389,#5390,#5391,#5392,#5393,#5394,
#5395,#5396,#5397,#5398),.UNSPECIFIED.,.F.,.F.,(4,2,2,2,4),(0.,0.0508937746371908,
0.101787549274382,0.152681105933866,0.203574662593351),.UNSPECIFIED.);
#38=B_SPLINE_CURVE_WITH_KNOTS('',3,(#5399,#5400,#5401,#5402,#5403,#5404,
#5405,#5406,#5407,#5408,#5409,#5410,#5411,#5412,#5413,#5414,#5415,#5416,
#5417,#5418,#5419,#5420,#5421,#5422,#5423,#5424),.UNSPECIFIED.,.F.,.F.,
(4,2,2,2,2,2,2,2,2,2,2,2,4),(0.203574662593351,0.254468219252836,0.30536177591232,
0.356255550549511,0.407149325186702,0.458043099823893,0.508936874461084,
0.559830431120568,0.610723987780053,0.661617544439538,0.712511101099023,
0.763404875736213,0.814298650373404),.UNSPECIFIED.);
#39=B_SPLINE_CURVE_WITH_KNOTS('',3,(#5432,#5433,#5434,#5435,#5436,#5437,
#5438,#5439,#5440,#5441),.UNSPECIFIED.,.F.,.F.,(4,2,2,2,4),(0.,0.0508937746371908,
0.101787549274382,0.152681105933866,0.203574662593351),.UNSPECIFIED.);
#40=B_SPLINE_CURVE_WITH_KNOTS('',3,(#5442,#5443,#5444,#5445,#5446,#5447,
#5448,#5449,#5450,#5451,#5452,#5453,#5454,#5455,#5456,#5457,#5458,#5459,
#5460,#5461,#5462,#5463,#5464,#5465,#5466,#5467),.UNSPECIFIED.,.F.,.F.,
(4,2,2,2,2,2,2,2,2,2,2,2,4),(0.203574662593351,0.254468219252835,0.30536177591232,
0.356255550549511,0.407149325186702,0.458043099823893,0.508936874461083,
0.559830431120568,0.610723987780053,0.661617544439537,0.712511101099022,
0.763404875736213,0.814298650373404),.UNSPECIFIED.);
#41=B_SPLINE_CURVE_WITH_KNOTS('',3,(#5475,#5476,#5477,#5478,#5479,#5480,
#5481,#5482,#5483,#5484),.UNSPECIFIED.,.F.,.F.,(4,2,2,2,4),(0.,0.0508937746371908,
0.101787549274382,0.152681105933866,0.203574662593351),.UNSPECIFIED.);
#42=B_SPLINE_CURVE_WITH_KNOTS('',3,(#5485,#5486,#5487,#5488,#5489,#5490,
#5491,#5492,#5493,#5494,#5495,#5496,#5497,#5498,#5499,#5500,#5501,#5502,
#5503,#5504,#5505,#5506,#5507,#5508,#5509,#5510),.UNSPECIFIED.,.F.,.F.,
(4,2,2,2,2,2,2,2,2,2,2,2,4),(0.203574662593351,0.254468219252836,0.30536177591232,
0.356255550549511,0.407149325186702,0.458043099823893,0.508936874461084,
0.559830431120568,0.610723987780053,0.661617544439538,0.712511101099023,
0.763404875736214,0.814298650373404),.UNSPECIFIED.);
#43=B_SPLINE_CURVE_WITH_KNOTS('',3,(#5518,#5519,#5520,#5521,#5522,#5523,
#5524,#5525,#5526,#5527),.UNSPECIFIED.,.F.,.F.,(4,2,2,2,4),(0.,0.0508937746371907,
0.101787549274381,0.152681105933866,0.203574662593351),.UNSPECIFIED.);
#44=B_SPLINE_CURVE_WITH_KNOTS('',3,(#5528,#5529,#5530,#5531,#5532,#5533,
#5534,#5535,#5536,#5537,#5538,#5539,#5540,#5541,#5542,#5543,#5544,#5545,
#5546,#5547,#5548,#5549,#5550,#5551,#5552,#5553),.UNSPECIFIED.,.F.,.F.,
(4,2,2,2,2,2,2,2,2,2,2,2,4),(0.203574662593351,0.254468219252836,0.30536177591232,
0.356255550549511,0.407149325186702,0.458043099823893,0.508936874461084,
0.559830431120569,0.610723987780053,0.661617544439538,0.712511101099023,
0.763404875736214,0.814298650373404),.UNSPECIFIED.);
#45=SHAPE_REPRESENTATION_RELATIONSHIP('SRR','None',#5707,#49);
#46=SHAPE_REPRESENTATION_RELATIONSHIP('SRR','None',#5708,#50);
#47=SHAPE_REPRESENTATION_RELATIONSHIP('SRR','None',#5709,#51);
#48=SHAPE_REPRESENTATION_RELATIONSHIP('SRR','None',#5710,#52);
#49=ADVANCED_BREP_SHAPE_REPRESENTATION('',(#57),#5682);
#50=ADVANCED_BREP_SHAPE_REPRESENTATION('',(#58),#5683);
#51=ADVANCED_BREP_SHAPE_REPRESENTATION('',(#59),#5684);
#52=ADVANCED_BREP_SHAPE_REPRESENTATION('',(#60),#5685);
#53=STYLED_ITEM('',(#5735),#57);
#54=STYLED_ITEM('',(#5735),#58);
#55=STYLED_ITEM('',(#5735),#59);
#56=STYLED_ITEM('',(#5735),#60);
#57=MANIFOLD_SOLID_BREP('Body1',#3185);
#58=MANIFOLD_SOLID_BREP('Body1',#3186);
#59=MANIFOLD_SOLID_BREP('Body1',#3187);
#60=MANIFOLD_SOLID_BREP('Body1',#3188);
#61=TOROIDAL_SURFACE('',#3355,3.00000000000001,1.);
#62=TOROIDAL_SURFACE('',#3402,3.,1.);
#63=SPHERICAL_SURFACE('',#3314,1.);
#64=SPHERICAL_SURFACE('',#3384,1.);
#65=B_SPLINE_SURFACE_WITH_KNOTS('',3,3,((#4784,#4785,#4786,#4787,#4788),
(#4789,#4790,#4791,#4792,#4793),(#4794,#4795,#4796,#4797,#4798),(#4799,
#4800,#4801,#4802,#4803),(#4804,#4805,#4806,#4807,#4808)),.UNSPECIFIED.,
 .F.,.F.,.F.,(4,1,4),(4,1,4),(0.,0.571428571428571,1.),(-1.57079632679489,
-0.897597901025654,-9.25185853854293E-17),.UNSPECIFIED.);
#66=B_SPLINE_SURFACE_WITH_KNOTS('',3,3,((#4977,#4978,#4979,#4980,#4981),
(#4982,#4983,#4984,#4985,#4986),(#4987,#4988,#4989,#4990,#4991),(#4992,
#4993,#4994,#4995,#4996),(#4997,#4998,#4999,#5000,#5001)),.UNSPECIFIED.,
 .F.,.F.,.F.,(4,1,4),(4,1,4),(0.,0.571428571428571,1.),(0.,0.897597901025656,
1.5707963267949),.UNSPECIFIED.);
#67=CONICAL_SURFACE('',#3304,3.,0.785398163397449);
#68=CONICAL_SURFACE('',#3330,2.25,0.785398163397448);
#69=CONICAL_SURFACE('',#3354,2.25,0.785398163397448);
#70=CONICAL_SURFACE('',#3367,2.25,0.785398163397448);
#71=CONICAL_SURFACE('',#3408,2.25,0.785398163397448);
#72=CONICAL_SURFACE('',#3431,3.75356286856883,0.785398163397449);
#73=CONICAL_SURFACE('',#3438,3.75356286856883,0.78539816339745);
#74=CONICAL_SURFACE('',#3445,4.75356286856883,0.785398163397451);
#75=CONICAL_SURFACE('',#3448,4.75356286856883,0.78539816339745);
#76=CONICAL_SURFACE('',#3454,5.55356286856883,0.785398163397451);
#77=CONICAL_SURFACE('',#3458,5.55356286856883,0.78539816339745);
#78=CONICAL_SURFACE('',#3485,4.55356286856883,0.78539816339745);
#79=CONICAL_SURFACE('',#3488,4.55356286856883,0.785398163397451);
#80=FACE_BOUND('',#500,.T.);
#81=FACE_BOUND('',#508,.T.);
#82=FACE_BOUND('',#513,.T.);
#83=FACE_BOUND('',#514,.T.);
#84=FACE_BOUND('',#515,.T.);
#85=FACE_BOUND('',#516,.T.);
#86=FACE_BOUND('',#517,.T.);
#87=FACE_BOUND('',#518,.T.);
#88=FACE_BOUND('',#519,.T.);
#89=FACE_BOUND('',#521,.T.);
#90=FACE_BOUND('',#523,.T.);
#91=FACE_BOUND('',#525,.T.);
#92=FACE_BOUND('',#528,.T.);
#93=FACE_BOUND('',#589,.T.);
#94=FACE_BOUND('',#592,.T.);
#95=FACE_BOUND('',#594,.T.);
#96=FACE_BOUND('',#595,.T.);
#97=FACE_BOUND('',#596,.T.);
#98=FACE_BOUND('',#597,.T.);
#99=FACE_BOUND('',#598,.T.);
#100=FACE_BOUND('',#599,.T.);
#101=FACE_BOUND('',#600,.T.);
#102=FACE_BOUND('',#601,.T.);
#103=FACE_BOUND('',#602,.T.);
#104=FACE_BOUND('',#614,.T.);
#105=FACE_BOUND('',#621,.T.);
#106=FACE_BOUND('',#636,.T.);
#107=FACE_BOUND('',#647,.T.);
#108=FACE_BOUND('',#661,.T.);
#109=FACE_BOUND('',#678,.T.);
#110=FACE_BOUND('',#681,.T.);
#111=FACE_BOUND('',#683,.T.);
#112=FACE_BOUND('',#684,.T.);
#113=FACE_BOUND('',#685,.T.);
#114=FACE_BOUND('',#686,.T.);
#115=FACE_BOUND('',#687,.T.);
#116=FACE_BOUND('',#688,.T.);
#117=FACE_BOUND('',#689,.T.);
#118=FACE_BOUND('',#697,.T.);
#119=FACE_BOUND('',#707,.T.);
#120=FACE_BOUND('',#709,.T.);
#121=FACE_BOUND('',#710,.T.);
#122=CYLINDRICAL_SURFACE('',#3241,5.55356286856883);
#123=CYLINDRICAL_SURFACE('',#3261,1.5);
#124=CYLINDRICAL_SURFACE('',#3263,1.5);
#125=CYLINDRICAL_SURFACE('',#3266,6.);
#126=CYLINDRICAL_SURFACE('',#3270,6.);
#127=CYLINDRICAL_SURFACE('',#3292,6.);
#128=CYLINDRICAL_SURFACE('',#3293,6.);
#129=CYLINDRICAL_SURFACE('',#3296,5.55356286856883);
#130=CYLINDRICAL_SURFACE('',#3307,2.5);
#131=CYLINDRICAL_SURFACE('',#3308,1.);
#132=CYLINDRICAL_SURFACE('',#3317,4.00000000000001);
#133=CYLINDRICAL_SURFACE('',#3326,1.5);
#134=CYLINDRICAL_SURFACE('',#3328,1.5);
#135=CYLINDRICAL_SURFACE('',#3333,1.5);
#136=CYLINDRICAL_SURFACE('',#3334,3.);
#137=CYLINDRICAL_SURFACE('',#3336,2.00000000000001);
#138=CYLINDRICAL_SURFACE('',#3340,1.);
#139=CYLINDRICAL_SURFACE('',#3343,4.00000000000001);
#140=CYLINDRICAL_SURFACE('',#3346,2.00000000000001);
#141=CYLINDRICAL_SURFACE('',#3349,3.);
#142=CYLINDRICAL_SURFACE('',#3352,1.5);
#143=CYLINDRICAL_SURFACE('',#3358,2.00000000000001);
#144=CYLINDRICAL_SURFACE('',#3362,3.);
#145=CYLINDRICAL_SURFACE('',#3365,1.5);
#146=CYLINDRICAL_SURFACE('',#3369,1.5);
#147=CYLINDRICAL_SURFACE('',#3371,1.5);
#148=CYLINDRICAL_SURFACE('',#3377,1.);
#149=CYLINDRICAL_SURFACE('',#3381,4.00000000000001);
#150=CYLINDRICAL_SURFACE('',#3387,1.);
#151=CYLINDRICAL_SURFACE('',#3390,1.);
#152=CYLINDRICAL_SURFACE('',#3396,1.);
#153=CYLINDRICAL_SURFACE('',#3405,1.);
#154=CYLINDRICAL_SURFACE('',#3406,3.99999999999999);
#155=CYLINDRICAL_SURFACE('',#3411,1.5);
#156=CYLINDRICAL_SURFACE('',#3412,3.);
#157=CYLINDRICAL_SURFACE('',#3414,1.99999999999999);
#158=CYLINDRICAL_SURFACE('',#3420,4.05356286856883);
#159=CYLINDRICAL_SURFACE('',#3424,4.05356286856883);
#160=CYLINDRICAL_SURFACE('',#3434,4.25356286856883);
#161=CYLINDRICAL_SURFACE('',#3440,4.25356286856883);
#162=CYLINDRICAL_SURFACE('',#3461,6.05356286856883);
#163=CYLINDRICAL_SURFACE('',#3464,6.05356286856883);
#164=CYLINDRICAL_SURFACE('',#3472,4.05356286856883);
#165=CYLINDRICAL_SURFACE('',#3476,5.35356286856883);
#166=CYLINDRICAL_SURFACE('',#3478,4.05356286856883);
#167=CYLINDRICAL_SURFACE('',#3482,5.35356286856883);
#168=CYLINDRICAL_SURFACE('',#3492,1.35);
#169=CYLINDRICAL_SURFACE('',#3495,1.35);
#170=CYLINDRICAL_SURFACE('',#3498,1.35);
#171=CYLINDRICAL_SURFACE('',#3501,1.35);
#172=CYLINDRICAL_SURFACE('',#3504,1.35);
#173=CYLINDRICAL_SURFACE('',#3507,1.35);
#174=CYLINDRICAL_SURFACE('',#3510,1.35);
#175=CYLINDRICAL_SURFACE('',#3513,3.25);
#176=CYLINDRICAL_SURFACE('',#3518,3.25);
#177=CYLINDRICAL_SURFACE('',#3523,12.75);
#178=CYLINDRICAL_SURFACE('',#3536,1.75);
#179=CYLINDRICAL_SURFACE('',#3538,1.75);
#180=ELLIPSE('',#3240,6.41270203425945,5.55356286856883);
#181=ELLIPSE('',#3244,7.85392392822166,5.55356286856883);
#182=ELLIPSE('',#3246,7.85392392822166,5.55356286856883);
#183=ELLIPSE('',#3312,4.2426406871193,3.00000000000001);
#184=ELLIPSE('',#3313,5.00000000000002,4.00000000000001);
#185=ELLIPSE('',#3380,4.2426406871193,3.00000000000001);
#186=ELLIPSE('',#3382,5.00000000000002,4.00000000000001);
#187=CIRCLE('',#3238,5.55356286856883);
#188=CIRCLE('',#3242,5.55356286856883);
#189=CIRCLE('',#3243,5.55356286856883);
#190=CIRCLE('',#3249,5.55356286856883);
#191=CIRCLE('',#3255,1.5);
#192=CIRCLE('',#3258,1.5);
#193=CIRCLE('',#3260,1.5);
#194=CIRCLE('',#3262,1.5);
#195=CIRCLE('',#3267,6.);
#196=CIRCLE('',#3268,6.);
#197=CIRCLE('',#3271,6.);
#198=CIRCLE('',#3272,6.);
#199=CIRCLE('',#3274,6.);
#200=CIRCLE('',#3275,6.);
#201=CIRCLE('',#3276,1.5);
#202=CIRCLE('',#3277,1.5);
#203=CIRCLE('',#3278,2.5);
#204=CIRCLE('',#3279,1.5);
#205=CIRCLE('',#3280,1.5);
#206=CIRCLE('',#3282,6.);
#207=CIRCLE('',#3283,1.5);
#208=CIRCLE('',#3285,1.5);
#209=CIRCLE('',#3287,6.);
#210=CIRCLE('',#3288,1.5);
#211=CIRCLE('',#3291,1.5);
#212=CIRCLE('',#3297,5.55356286856883);
#213=CIRCLE('',#3298,5.55356286856883);
#214=CIRCLE('',#3305,3.5);
#215=CIRCLE('',#3306,2.5);
#216=CIRCLE('',#3309,1.);
#217=CIRCLE('',#3310,0.999999999999996);
#218=CIRCLE('',#3311,0.999999999999998);
#219=CIRCLE('',#3315,1.);
#220=CIRCLE('',#3316,0.999999999999996);
#221=CIRCLE('',#3318,4.00000000000001);
#222=CIRCLE('',#3327,1.5);
#223=CIRCLE('',#3329,1.5);
#224=CIRCLE('',#3331,3.);
#225=CIRCLE('',#3332,1.5);
#226=CIRCLE('',#3335,3.);
#227=CIRCLE('',#3337,2.00000000000001);
#228=CIRCLE('',#3338,2.00000000000001);
#229=CIRCLE('',#3341,0.999999999999996);
#230=CIRCLE('',#3344,4.00000000000001);
#231=CIRCLE('',#3345,4.00000000000001);
#232=CIRCLE('',#3347,2.00000000000001);
#233=CIRCLE('',#3348,2.00000000000001);
#234=CIRCLE('',#3350,3.);
#235=CIRCLE('',#3351,3.);
#236=CIRCLE('',#3353,1.5);
#237=CIRCLE('',#3356,3.00000000000001);
#238=CIRCLE('',#3357,0.999999999999996);
#239=CIRCLE('',#3359,2.00000000000001);
#240=CIRCLE('',#3360,2.00000000000001);
#241=CIRCLE('',#3363,3.);
#242=CIRCLE('',#3364,3.);
#243=CIRCLE('',#3366,1.5);
#244=CIRCLE('',#3370,1.5);
#245=CIRCLE('',#3372,1.5);
#246=CIRCLE('',#3378,1.);
#247=CIRCLE('',#3383,4.00000000000001);
#248=CIRCLE('',#3385,1.);
#249=CIRCLE('',#3386,0.999999999999988);
#250=CIRCLE('',#3388,0.999999999999996);
#251=CIRCLE('',#3389,0.999999999999996);
#252=CIRCLE('',#3394,3.);
#253=CIRCLE('',#3395,1.99999999999999);
#254=CIRCLE('',#3397,0.999999999999996);
#255=CIRCLE('',#3400,3.99999999999999);
#256=CIRCLE('',#3401,3.);
#257=CIRCLE('',#3403,1.00000000000001);
#258=CIRCLE('',#3404,3.99999999999999);
#259=CIRCLE('',#3409,3.);
#260=CIRCLE('',#3410,1.5);
#261=CIRCLE('',#3415,1.99999999999999);
#262=CIRCLE('',#3421,4.05356286856883);
#263=CIRCLE('',#3422,4.05356286856883);
#264=CIRCLE('',#3425,4.05356286856883);
#265=CIRCLE('',#3426,4.05356286856883);
#266=CIRCLE('',#3429,4.25356286856883);
#267=CIRCLE('',#3430,4.25356286856883);
#268=CIRCLE('',#3432,3.25356286856883);
#269=CIRCLE('',#3435,4.25356286856883);
#270=CIRCLE('',#3439,3.25356286856883);
#271=CIRCLE('',#3441,4.25356286856883);
#272=CIRCLE('',#3446,5.25356286856883);
#273=CIRCLE('',#3449,5.25356286856883);
#274=CIRCLE('',#3451,6.05356286856883);
#275=CIRCLE('',#3452,6.05356286856883);
#276=CIRCLE('',#3455,5.05356286856883);
#277=CIRCLE('',#3456,6.05356286856883);
#278=CIRCLE('',#3459,5.05356286856883);
#279=CIRCLE('',#3460,6.05356286856883);
#280=CIRCLE('',#3468,5.35356286856883);
#281=CIRCLE('',#3469,5.35356286856883);
#282=CIRCLE('',#3470,4.05356286856883);
#283=CIRCLE('',#3471,4.05356286856883);
#284=CIRCLE('',#3473,4.05356286856883);
#285=CIRCLE('',#3477,5.35356286856883);
#286=CIRCLE('',#3479,4.05356286856883);
#287=CIRCLE('',#3483,5.35356286856883);
#288=CIRCLE('',#3486,5.05356286856883);
#289=CIRCLE('',#3489,5.05356286856883);
#290=CIRCLE('',#3493,1.35);
#291=CIRCLE('',#3496,1.35);
#292=CIRCLE('',#3499,1.35);
#293=CIRCLE('',#3502,1.35);
#294=CIRCLE('',#3505,1.35);
#295=CIRCLE('',#3508,1.35);
#296=CIRCLE('',#3511,1.35);
#297=CIRCLE('',#3514,3.25);
#298=CIRCLE('',#3515,3.25);
#299=CIRCLE('',#3517,1.75);
#300=CIRCLE('',#3519,3.25);
#301=CIRCLE('',#3520,3.25);
#302=CIRCLE('',#3522,1.75);
#303=CIRCLE('',#3524,12.75);
#304=CIRCLE('',#3525,12.75);
#305=CIRCLE('',#3537,1.75);
#306=CIRCLE('',#3539,1.75);
#307=FACE_OUTER_BOUND('',#488,.T.);
#308=FACE_OUTER_BOUND('',#489,.T.);
#309=FACE_OUTER_BOUND('',#490,.T.);
#310=FACE_OUTER_BOUND('',#491,.T.);
#311=FACE_OUTER_BOUND('',#492,.T.);
#312=FACE_OUTER_BOUND('',#493,.T.);
#313=FACE_OUTER_BOUND('',#494,.T.);
#314=FACE_OUTER_BOUND('',#495,.T.);
#315=FACE_OUTER_BOUND('',#496,.T.);
#316=FACE_OUTER_BOUND('',#497,.T.);
#317=FACE_OUTER_BOUND('',#498,.T.);
#318=FACE_OUTER_BOUND('',#499,.T.);
#319=FACE_OUTER_BOUND('',#501,.T.);
#320=FACE_OUTER_BOUND('',#502,.T.);
#321=FACE_OUTER_BOUND('',#503,.T.);
#322=FACE_OUTER_BOUND('',#504,.T.);
#323=FACE_OUTER_BOUND('',#505,.T.);
#324=FACE_OUTER_BOUND('',#506,.T.);
#325=FACE_OUTER_BOUND('',#507,.T.);
#326=FACE_OUTER_BOUND('',#509,.T.);
#327=FACE_OUTER_BOUND('',#510,.T.);
#328=FACE_OUTER_BOUND('',#511,.T.);
#329=FACE_OUTER_BOUND('',#512,.T.);
#330=FACE_OUTER_BOUND('',#520,.T.);
#331=FACE_OUTER_BOUND('',#522,.T.);
#332=FACE_OUTER_BOUND('',#524,.T.);
#333=FACE_OUTER_BOUND('',#526,.T.);
#334=FACE_OUTER_BOUND('',#527,.T.);
#335=FACE_OUTER_BOUND('',#529,.T.);
#336=FACE_OUTER_BOUND('',#530,.T.);
#337=FACE_OUTER_BOUND('',#531,.T.);
#338=FACE_OUTER_BOUND('',#532,.T.);
#339=FACE_OUTER_BOUND('',#533,.T.);
#340=FACE_OUTER_BOUND('',#534,.T.);
#341=FACE_OUTER_BOUND('',#535,.T.);
#342=FACE_OUTER_BOUND('',#536,.T.);
#343=FACE_OUTER_BOUND('',#537,.T.);
#344=FACE_OUTER_BOUND('',#538,.T.);
#345=FACE_OUTER_BOUND('',#539,.T.);
#346=FACE_OUTER_BOUND('',#540,.T.);
#347=FACE_OUTER_BOUND('',#541,.T.);
#348=FACE_OUTER_BOUND('',#542,.T.);
#349=FACE_OUTER_BOUND('',#543,.T.);
#350=FACE_OUTER_BOUND('',#544,.T.);
#351=FACE_OUTER_BOUND('',#545,.T.);
#352=FACE_OUTER_BOUND('',#546,.T.);
#353=FACE_OUTER_BOUND('',#547,.T.);
#354=FACE_OUTER_BOUND('',#548,.T.);
#355=FACE_OUTER_BOUND('',#549,.T.);
#356=FACE_OUTER_BOUND('',#550,.T.);
#357=FACE_OUTER_BOUND('',#551,.T.);
#358=FACE_OUTER_BOUND('',#552,.T.);
#359=FACE_OUTER_BOUND('',#553,.T.);
#360=FACE_OUTER_BOUND('',#554,.T.);
#361=FACE_OUTER_BOUND('',#555,.T.);
#362=FACE_OUTER_BOUND('',#556,.T.);
#363=FACE_OUTER_BOUND('',#557,.T.);
#364=FACE_OUTER_BOUND('',#558,.T.);
#365=FACE_OUTER_BOUND('',#559,.T.);
#366=FACE_OUTER_BOUND('',#560,.T.);
#367=FACE_OUTER_BOUND('',#561,.T.);
#368=FACE_OUTER_BOUND('',#562,.T.);
#369=FACE_OUTER_BOUND('',#563,.T.);
#370=FACE_OUTER_BOUND('',#564,.T.);
#371=FACE_OUTER_BOUND('',#565,.T.);
#372=FACE_OUTER_BOUND('',#566,.T.);
#373=FACE_OUTER_BOUND('',#567,.T.);
#374=FACE_OUTER_BOUND('',#568,.T.);
#375=FACE_OUTER_BOUND('',#569,.T.);
#376=FACE_OUTER_BOUND('',#570,.T.);
#377=FACE_OUTER_BOUND('',#571,.T.);
#378=FACE_OUTER_BOUND('',#572,.T.);
#379=FACE_OUTER_BOUND('',#573,.T.);
#380=FACE_OUTER_BOUND('',#574,.T.);
#381=FACE_OUTER_BOUND('',#575,.T.);
#382=FACE_OUTER_BOUND('',#576,.T.);
#383=FACE_OUTER_BOUND('',#577,.T.);
#384=FACE_OUTER_BOUND('',#578,.T.);
#385=FACE_OUTER_BOUND('',#579,.T.);
#386=FACE_OUTER_BOUND('',#580,.T.);
#387=FACE_OUTER_BOUND('',#581,.T.);
#388=FACE_OUTER_BOUND('',#582,.T.);
#389=FACE_OUTER_BOUND('',#583,.T.);
#390=FACE_OUTER_BOUND('',#584,.T.);
#391=FACE_OUTER_BOUND('',#585,.T.);
#392=FACE_OUTER_BOUND('',#586,.T.);
#393=FACE_OUTER_BOUND('',#587,.T.);
#394=FACE_OUTER_BOUND('',#588,.T.);
#395=FACE_OUTER_BOUND('',#590,.T.);
#396=FACE_OUTER_BOUND('',#591,.T.);
#397=FACE_OUTER_BOUND('',#593,.T.);
#398=FACE_OUTER_BOUND('',#603,.T.);
#399=FACE_OUTER_BOUND('',#604,.T.);
#400=FACE_OUTER_BOUND('',#605,.T.);
#401=FACE_OUTER_BOUND('',#606,.T.);
#402=FACE_OUTER_BOUND('',#607,.T.);
#403=FACE_OUTER_BOUND('',#608,.T.);
#404=FACE_OUTER_BOUND('',#609,.T.);
#405=FACE_OUTER_BOUND('',#610,.T.);
#406=FACE_OUTER_BOUND('',#611,.T.);
#407=FACE_OUTER_BOUND('',#612,.T.);
#408=FACE_OUTER_BOUND('',#613,.T.);
#409=FACE_OUTER_BOUND('',#615,.T.);
#410=FACE_OUTER_BOUND('',#616,.T.);
#411=FACE_OUTER_BOUND('',#617,.T.);
#412=FACE_OUTER_BOUND('',#618,.T.);
#413=FACE_OUTER_BOUND('',#619,.T.);
#414=FACE_OUTER_BOUND('',#620,.T.);
#415=FACE_OUTER_BOUND('',#622,.T.);
#416=FACE_OUTER_BOUND('',#623,.T.);
#417=FACE_OUTER_BOUND('',#624,.T.);
#418=FACE_OUTER_BOUND('',#625,.T.);
#419=FACE_OUTER_BOUND('',#626,.T.);
#420=FACE_OUTER_BOUND('',#627,.T.);
#421=FACE_OUTER_BOUND('',#628,.T.);
#422=FACE_OUTER_BOUND('',#629,.T.);
#423=FACE_OUTER_BOUND('',#630,.T.);
#424=FACE_OUTER_BOUND('',#631,.T.);
#425=FACE_OUTER_BOUND('',#632,.T.);
#426=FACE_OUTER_BOUND('',#633,.T.);
#427=FACE_OUTER_BOUND('',#634,.T.);
#428=FACE_OUTER_BOUND('',#635,.T.);
#429=FACE_OUTER_BOUND('',#637,.T.);
#430=FACE_OUTER_BOUND('',#638,.T.);
#431=FACE_OUTER_BOUND('',#639,.T.);
#432=FACE_OUTER_BOUND('',#640,.T.);
#433=FACE_OUTER_BOUND('',#641,.T.);
#434=FACE_OUTER_BOUND('',#642,.T.);
#435=FACE_OUTER_BOUND('',#643,.T.);
#436=FACE_OUTER_BOUND('',#644,.T.);
#437=FACE_OUTER_BOUND('',#645,.T.);
#438=FACE_OUTER_BOUND('',#646,.T.);
#439=FACE_OUTER_BOUND('',#648,.T.);
#440=FACE_OUTER_BOUND('',#649,.T.);
#441=FACE_OUTER_BOUND('',#650,.T.);
#442=FACE_OUTER_BOUND('',#651,.T.);
#443=FACE_OUTER_BOUND('',#652,.T.);
#444=FACE_OUTER_BOUND('',#653,.T.);
#445=FACE_OUTER_BOUND('',#654,.T.);
#446=FACE_OUTER_BOUND('',#655,.T.);
#447=FACE_OUTER_BOUND('',#656,.T.);
#448=FACE_OUTER_BOUND('',#657,.T.);
#449=FACE_OUTER_BOUND('',#658,.T.);
#450=FACE_OUTER_BOUND('',#659,.T.);
#451=FACE_OUTER_BOUND('',#660,.T.);
#452=FACE_OUTER_BOUND('',#662,.T.);
#453=FACE_OUTER_BOUND('',#663,.T.);
#454=FACE_OUTER_BOUND('',#664,.T.);
#455=FACE_OUTER_BOUND('',#665,.T.);
#456=FACE_OUTER_BOUND('',#666,.T.);
#457=FACE_OUTER_BOUND('',#667,.T.);
#458=FACE_OUTER_BOUND('',#668,.T.);
#459=FACE_OUTER_BOUND('',#669,.T.);
#460=FACE_OUTER_BOUND('',#670,.T.);
#461=FACE_OUTER_BOUND('',#671,.T.);
#462=FACE_OUTER_BOUND('',#672,.T.);
#463=FACE_OUTER_BOUND('',#673,.T.);
#464=FACE_OUTER_BOUND('',#674,.T.);
#465=FACE_OUTER_BOUND('',#675,.T.);
#466=FACE_OUTER_BOUND('',#676,.T.);
#467=FACE_OUTER_BOUND('',#677,.T.);
#468=FACE_OUTER_BOUND('',#679,.T.);
#469=FACE_OUTER_BOUND('',#680,.T.);
#470=FACE_OUTER_BOUND('',#682,.T.);
#471=FACE_OUTER_BOUND('',#690,.T.);
#472=FACE_OUTER_BOUND('',#691,.T.);
#473=FACE_OUTER_BOUND('',#692,.T.);
#474=FACE_OUTER_BOUND('',#693,.T.);
#475=FACE_OUTER_BOUND('',#694,.T.);
#476=FACE_OUTER_BOUND('',#695,.T.);
#477=FACE_OUTER_BOUND('',#696,.T.);
#478=FACE_OUTER_BOUND('',#698,.T.);
#479=FACE_OUTER_BOUND('',#699,.T.);
#480=FACE_OUTER_BOUND('',#700,.T.);
#481=FACE_OUTER_BOUND('',#701,.T.);
#482=FACE_OUTER_BOUND('',#702,.T.);
#483=FACE_OUTER_BOUND('',#703,.T.);
#484=FACE_OUTER_BOUND('',#704,.T.);
#485=FACE_OUTER_BOUND('',#705,.T.);
#486=FACE_OUTER_BOUND('',#706,.T.);
#487=FACE_OUTER_BOUND('',#708,.T.);
#488=EDGE_LOOP('',(#2024,#2025,#2026,#2027));
#489=EDGE_LOOP('',(#2028,#2029,#2030,#2031,#2032,#2033,#2034));
#490=EDGE_LOOP('',(#2035,#2036,#2037,#2038,#2039,#2040));
#491=EDGE_LOOP('',(#2041,#2042,#2043,#2044,#2045,#2046,#2047,#2048));
#492=EDGE_LOOP('',(#2049,#2050,#2051,#2052,#2053,#2054,#2055,#2056));
#493=EDGE_LOOP('',(#2057,#2058,#2059,#2060,#2061,#2062,#2063,#2064));
#494=EDGE_LOOP('',(#2065,#2066,#2067,#2068,#2069,#2070,#2071));
#495=EDGE_LOOP('',(#2072,#2073,#2074,#2075));
#496=EDGE_LOOP('',(#2076,#2077,#2078));
#497=EDGE_LOOP('',(#2079,#2080,#2081));
#498=EDGE_LOOP('',(#2082,#2083,#2084,#2085));
#499=EDGE_LOOP('',(#2086,#2087,#2088,#2089,#2090));
#500=EDGE_LOOP('',(#2091));
#501=EDGE_LOOP('',(#2092,#2093,#2094,#2095));
#502=EDGE_LOOP('',(#2096));
#503=EDGE_LOOP('',(#2097));
#504=EDGE_LOOP('',(#2098,#2099,#2100,#2101));
#505=EDGE_LOOP('',(#2102,#2103,#2104,#2105));
#506=EDGE_LOOP('',(#2106,#2107,#2108,#2109,#2110,#2111,#2112,#2113,#2114,
#2115,#2116,#2117));
#507=EDGE_LOOP('',(#2118,#2119,#2120,#2121,#2122));
#508=EDGE_LOOP('',(#2123));
#509=EDGE_LOOP('',(#2124,#2125,#2126,#2127));
#510=EDGE_LOOP('',(#2128,#2129,#2130,#2131,#2132));
#511=EDGE_LOOP('',(#2133,#2134,#2135,#2136));
#512=EDGE_LOOP('',(#2137,#2138,#2139,#2140,#2141,#2142,#2143,#2144,#2145,
#2146,#2147,#2148,#2149,#2150,#2151,#2152,#2153,#2154,#2155,#2156,#2157,
#2158,#2159,#2160,#2161,#2162,#2163,#2164));
#513=EDGE_LOOP('',(#2165));
#514=EDGE_LOOP('',(#2166));
#515=EDGE_LOOP('',(#2167));
#516=EDGE_LOOP('',(#2168));
#517=EDGE_LOOP('',(#2169));
#518=EDGE_LOOP('',(#2170));
#519=EDGE_LOOP('',(#2171));
#520=EDGE_LOOP('',(#2172,#2173,#2174,#2175,#2176,#2177));
#521=EDGE_LOOP('',(#2178));
#522=EDGE_LOOP('',(#2179));
#523=EDGE_LOOP('',(#2180));
#524=EDGE_LOOP('',(#2181,#2182,#2183,#2184,#2185,#2186));
#525=EDGE_LOOP('',(#2187));
#526=EDGE_LOOP('',(#2188,#2189,#2190,#2191,#2192,#2193,#2194,#2195,#2196,
#2197));
#527=EDGE_LOOP('',(#2198));
#528=EDGE_LOOP('',(#2199));
#529=EDGE_LOOP('',(#2200,#2201,#2202,#2203));
#530=EDGE_LOOP('',(#2204,#2205,#2206,#2207));
#531=EDGE_LOOP('',(#2208,#2209,#2210,#2211));
#532=EDGE_LOOP('',(#2212,#2213,#2214,#2215,#2216));
#533=EDGE_LOOP('',(#2217,#2218,#2219,#2220,#2221,#2222,#2223));
#534=EDGE_LOOP('',(#2224,#2225,#2226,#2227));
#535=EDGE_LOOP('',(#2228,#2229,#2230,#2231,#2232,#2233,#2234));
#536=EDGE_LOOP('',(#2235,#2236,#2237,#2238));
#537=EDGE_LOOP('',(#2239,#2240,#2241,#2242));
#538=EDGE_LOOP('',(#2243,#2244,#2245,#2246,#2247,#2248,#2249));
#539=EDGE_LOOP('',(#2250,#2251,#2252,#2253));
#540=EDGE_LOOP('',(#2254,#2255,#2256,#2257));
#541=EDGE_LOOP('',(#2258,#2259,#2260,#2261));
#542=EDGE_LOOP('',(#2262,#2263,#2264,#2265));
#543=EDGE_LOOP('',(#2266,#2267,#2268));
#544=EDGE_LOOP('',(#2269,#2270,#2271,#2272));
#545=EDGE_LOOP('',(#2273,#2274,#2275,#2276));
#546=EDGE_LOOP('',(#2277,#2278,#2279,#2280));
#547=EDGE_LOOP('',(#2281,#2282,#2283,#2284));
#548=EDGE_LOOP('',(#2285,#2286,#2287,#2288));
#549=EDGE_LOOP('',(#2289,#2290,#2291,#2292));
#550=EDGE_LOOP('',(#2293,#2294,#2295,#2296));
#551=EDGE_LOOP('',(#2297,#2298,#2299,#2300));
#552=EDGE_LOOP('',(#2301,#2302,#2303,#2304));
#553=EDGE_LOOP('',(#2305,#2306,#2307,#2308));
#554=EDGE_LOOP('',(#2309,#2310,#2311,#2312));
#555=EDGE_LOOP('',(#2313,#2314,#2315,#2316));
#556=EDGE_LOOP('',(#2317,#2318,#2319,#2320));
#557=EDGE_LOOP('',(#2321,#2322,#2323,#2324));
#558=EDGE_LOOP('',(#2325,#2326,#2327,#2328,#2329));
#559=EDGE_LOOP('',(#2330,#2331,#2332,#2333));
#560=EDGE_LOOP('',(#2334,#2335,#2336,#2337));
#561=EDGE_LOOP('',(#2338,#2339,#2340,#2341));
#562=EDGE_LOOP('',(#2342,#2343,#2344,#2345));
#563=EDGE_LOOP('',(#2346,#2347,#2348,#2349));
#564=EDGE_LOOP('',(#2350,#2351,#2352,#2353));
#565=EDGE_LOOP('',(#2354,#2355,#2356,#2357));
#566=EDGE_LOOP('',(#2358,#2359,#2360,#2361));
#567=EDGE_LOOP('',(#2362,#2363,#2364,#2365));
#568=EDGE_LOOP('',(#2366,#2367,#2368,#2369));
#569=EDGE_LOOP('',(#2370,#2371,#2372,#2373));
#570=EDGE_LOOP('',(#2374,#2375,#2376,#2377));
#571=EDGE_LOOP('',(#2378,#2379,#2380,#2381));
#572=EDGE_LOOP('',(#2382,#2383,#2384,#2385));
#573=EDGE_LOOP('',(#2386,#2387,#2388,#2389));
#574=EDGE_LOOP('',(#2390,#2391,#2392,#2393));
#575=EDGE_LOOP('',(#2394,#2395,#2396,#2397,#2398));
#576=EDGE_LOOP('',(#2399,#2400,#2401,#2402,#2403,#2404));
#577=EDGE_LOOP('',(#2405,#2406,#2407,#2408));
#578=EDGE_LOOP('',(#2409,#2410,#2411,#2412,#2413,#2414));
#579=EDGE_LOOP('',(#2415,#2416,#2417,#2418));
#580=EDGE_LOOP('',(#2419,#2420,#2421,#2422,#2423,#2424));
#581=EDGE_LOOP('',(#2425,#2426,#2427,#2428));
#582=EDGE_LOOP('',(#2429,#2430,#2431));
#583=EDGE_LOOP('',(#2432,#2433,#2434,#2435));
#584=EDGE_LOOP('',(#2436,#2437,#2438,#2439));
#585=EDGE_LOOP('',(#2440,#2441,#2442,#2443));
#586=EDGE_LOOP('',(#2444,#2445,#2446,#2447));
#587=EDGE_LOOP('',(#2448,#2449,#2450,#2451));
#588=EDGE_LOOP('',(#2452,#2453,#2454,#2455,#2456,#2457));
#589=EDGE_LOOP('',(#2458,#2459,#2460,#2461,#2462,#2463,#2464,#2465));
#590=EDGE_LOOP('',(#2466,#2467,#2468,#2469));
#591=EDGE_LOOP('',(#2470,#2471,#2472,#2473,#2474));
#592=EDGE_LOOP('',(#2475,#2476,#2477,#2478));
#593=EDGE_LOOP('',(#2479,#2480,#2481,#2482,#2483,#2484,#2485,#2486));
#594=EDGE_LOOP('',(#2487));
#595=EDGE_LOOP('',(#2488));
#596=EDGE_LOOP('',(#2489));
#597=EDGE_LOOP('',(#2490));
#598=EDGE_LOOP('',(#2491));
#599=EDGE_LOOP('',(#2492));
#600=EDGE_LOOP('',(#2493));
#601=EDGE_LOOP('',(#2494));
#602=EDGE_LOOP('',(#2495));
#603=EDGE_LOOP('',(#2496,#2497,#2498,#2499));
#604=EDGE_LOOP('',(#2500,#2501,#2502,#2503));
#605=EDGE_LOOP('',(#2504,#2505,#2506,#2507));
#606=EDGE_LOOP('',(#2508,#2509,#2510,#2511));
#607=EDGE_LOOP('',(#2512,#2513,#2514,#2515));
#608=EDGE_LOOP('',(#2516,#2517,#2518,#2519));
#609=EDGE_LOOP('',(#2520,#2521,#2522,#2523));
#610=EDGE_LOOP('',(#2524,#2525,#2526,#2527));
#611=EDGE_LOOP('',(#2528,#2529,#2530,#2531));
#612=EDGE_LOOP('',(#2532,#2533,#2534,#2535));
#613=EDGE_LOOP('',(#2536,#2537,#2538,#2539,#2540,#2541,#2542,#2543));
#614=EDGE_LOOP('',(#2544,#2545,#2546,#2547));
#615=EDGE_LOOP('',(#2548,#2549,#2550,#2551));
#616=EDGE_LOOP('',(#2552,#2553,#2554,#2555));
#617=EDGE_LOOP('',(#2556,#2557,#2558,#2559));
#618=EDGE_LOOP('',(#2560,#2561,#2562,#2563));
#619=EDGE_LOOP('',(#2564,#2565,#2566,#2567));
#620=EDGE_LOOP('',(#2568,#2569,#2570,#2571));
#621=EDGE_LOOP('',(#2572,#2573,#2574,#2575));
#622=EDGE_LOOP('',(#2576,#2577,#2578,#2579));
#623=EDGE_LOOP('',(#2580,#2581,#2582,#2583));
#624=EDGE_LOOP('',(#2584,#2585,#2586,#2587));
#625=EDGE_LOOP('',(#2588,#2589,#2590,#2591));
#626=EDGE_LOOP('',(#2592,#2593,#2594,#2595));
#627=EDGE_LOOP('',(#2596,#2597,#2598,#2599));
#628=EDGE_LOOP('',(#2600,#2601,#2602,#2603));
#629=EDGE_LOOP('',(#2604,#2605,#2606,#2607));
#630=EDGE_LOOP('',(#2608,#2609,#2610,#2611));
#631=EDGE_LOOP('',(#2612,#2613,#2614,#2615));
#632=EDGE_LOOP('',(#2616,#2617,#2618,#2619));
#633=EDGE_LOOP('',(#2620,#2621,#2622,#2623));
#634=EDGE_LOOP('',(#2624,#2625,#2626,#2627));
#635=EDGE_LOOP('',(#2628,#2629,#2630,#2631));
#636=EDGE_LOOP('',(#2632,#2633,#2634,#2635));
#637=EDGE_LOOP('',(#2636,#2637,#2638,#2639));
#638=EDGE_LOOP('',(#2640,#2641,#2642,#2643));
#639=EDGE_LOOP('',(#2644,#2645,#2646,#2647));
#640=EDGE_LOOP('',(#2648,#2649,#2650,#2651));
#641=EDGE_LOOP('',(#2652,#2653,#2654,#2655));
#642=EDGE_LOOP('',(#2656,#2657,#2658,#2659));
#643=EDGE_LOOP('',(#2660,#2661,#2662,#2663));
#644=EDGE_LOOP('',(#2664,#2665,#2666,#2667));
#645=EDGE_LOOP('',(#2668,#2669,#2670,#2671));
#646=EDGE_LOOP('',(#2672,#2673,#2674,#2675));
#647=EDGE_LOOP('',(#2676,#2677,#2678,#2679));
#648=EDGE_LOOP('',(#2680,#2681,#2682,#2683));
#649=EDGE_LOOP('',(#2684,#2685,#2686,#2687));
#650=EDGE_LOOP('',(#2688,#2689,#2690,#2691));
#651=EDGE_LOOP('',(#2692,#2693,#2694,#2695));
#652=EDGE_LOOP('',(#2696,#2697,#2698,#2699));
#653=EDGE_LOOP('',(#2700,#2701,#2702,#2703));
#654=EDGE_LOOP('',(#2704,#2705,#2706,#2707));
#655=EDGE_LOOP('',(#2708,#2709,#2710,#2711));
#656=EDGE_LOOP('',(#2712,#2713,#2714,#2715));
#657=EDGE_LOOP('',(#2716,#2717,#2718,#2719));
#658=EDGE_LOOP('',(#2720,#2721,#2722,#2723));
#659=EDGE_LOOP('',(#2724,#2725,#2726,#2727));
#660=EDGE_LOOP('',(#2728,#2729,#2730,#2731));
#661=EDGE_LOOP('',(#2732,#2733,#2734,#2735));
#662=EDGE_LOOP('',(#2736,#2737,#2738,#2739,#2740));
#663=EDGE_LOOP('',(#2741));
#664=EDGE_LOOP('',(#2742,#2743,#2744,#2745,#2746));
#665=EDGE_LOOP('',(#2747));
#666=EDGE_LOOP('',(#2748,#2749,#2750,#2751,#2752));
#667=EDGE_LOOP('',(#2753));
#668=EDGE_LOOP('',(#2754,#2755,#2756,#2757,#2758));
#669=EDGE_LOOP('',(#2759));
#670=EDGE_LOOP('',(#2760,#2761,#2762,#2763,#2764));
#671=EDGE_LOOP('',(#2765));
#672=EDGE_LOOP('',(#2766,#2767,#2768,#2769,#2770));
#673=EDGE_LOOP('',(#2771));
#674=EDGE_LOOP('',(#2772,#2773,#2774,#2775,#2776));
#675=EDGE_LOOP('',(#2777));
#676=EDGE_LOOP('',(#2778,#2779,#2780,#2781));
#677=EDGE_LOOP('',(#2782));
#678=EDGE_LOOP('',(#2783));
#679=EDGE_LOOP('',(#2784,#2785,#2786,#2787));
#680=EDGE_LOOP('',(#2788));
#681=EDGE_LOOP('',(#2789));
#682=EDGE_LOOP('',(#2790,#2791,#2792,#2793));
#683=EDGE_LOOP('',(#2794,#2795));
#684=EDGE_LOOP('',(#2796,#2797));
#685=EDGE_LOOP('',(#2798,#2799));
#686=EDGE_LOOP('',(#2800,#2801));
#687=EDGE_LOOP('',(#2802,#2803));
#688=EDGE_LOOP('',(#2804,#2805));
#689=EDGE_LOOP('',(#2806,#2807));
#690=EDGE_LOOP('',(#2808,#2809,#2810,#2811));
#691=EDGE_LOOP('',(#2812,#2813,#2814,#2815));
#692=EDGE_LOOP('',(#2816,#2817,#2818,#2819));
#693=EDGE_LOOP('',(#2820,#2821,#2822,#2823));
#694=EDGE_LOOP('',(#2824,#2825,#2826,#2827));
#695=EDGE_LOOP('',(#2828,#2829,#2830,#2831));
#696=EDGE_LOOP('',(#2832,#2833,#2834,#2835));
#697=EDGE_LOOP('',(#2836));
#698=EDGE_LOOP('',(#2837,#2838,#2839,#2840));
#699=EDGE_LOOP('',(#2841,#2842,#2843,#2844,#2845,#2846,#2847,#2848,#2849,
#2850,#2851,#2852,#2853,#2854));
#700=EDGE_LOOP('',(#2855,#2856,#2857,#2858));
#701=EDGE_LOOP('',(#2859,#2860,#2861,#2862));
#702=EDGE_LOOP('',(#2863,#2864,#2865,#2866));
#703=EDGE_LOOP('',(#2867,#2868,#2869,#2870));
#704=EDGE_LOOP('',(#2871,#2872,#2873,#2874));
#705=EDGE_LOOP('',(#2875,#2876,#2877,#2878,#2879,#2880,#2881,#2882,#2883,
#2884,#2885,#2886,#2887,#2888));
#706=EDGE_LOOP('',(#2889,#2890,#2891,#2892));
#707=EDGE_LOOP('',(#2893));
#708=EDGE_LOOP('',(#2894,#2895,#2896,#2897));
#709=EDGE_LOOP('',(#2898));
#710=EDGE_LOOP('',(#2899));
#711=LINE('',#4484,#1008);
#712=LINE('',#4486,#1009);
#713=LINE('',#4488,#1010);
#714=LINE('',#4489,#1011);
#715=LINE('',#4495,#1012);
#716=LINE('',#4497,#1013);
#717=LINE('',#4499,#1014);
#718=LINE('',#4501,#1015);
#719=LINE('',#4503,#1016);
#720=LINE('',#4504,#1017);
#721=LINE('',#4507,#1018);
#722=LINE('',#4509,#1019);
#723=LINE('',#4511,#1020);
#724=LINE('',#4513,#1021);
#725=LINE('',#4517,#1022);
#726=LINE('',#4521,#1023);
#727=LINE('',#4525,#1024);
#728=LINE('',#4530,#1025);
#729=LINE('',#4532,#1026);
#730=LINE('',#4533,#1027);
#731=LINE('',#4535,#1028);
#732=LINE('',#4538,#1029);
#733=LINE('',#4541,#1030);
#734=LINE('',#4543,#1031);
#735=LINE('',#4545,#1032);
#736=LINE('',#4547,#1033);
#737=LINE('',#4549,#1034);
#738=LINE('',#4550,#1035);
#739=LINE('',#4554,#1036);
#740=LINE('',#4555,#1037);
#741=LINE('',#4559,#1038);
#742=LINE('',#4561,#1039);
#743=LINE('',#4562,#1040);
#744=LINE('',#4565,#1041);
#745=LINE('',#4566,#1042);
#746=LINE('',#4569,#1043);
#747=LINE('',#4570,#1044);
#748=LINE('',#4572,#1045);
#749=LINE('',#4576,#1046);
#750=LINE('',#4578,#1047);
#751=LINE('',#4580,#1048);
#752=LINE('',#4581,#1049);
#753=LINE('',#4584,#1050);
#754=LINE('',#4586,#1051);
#755=LINE('',#4588,#1052);
#756=LINE('',#4589,#1053);
#757=LINE('',#4594,#1054);
#758=LINE('',#4595,#1055);
#759=LINE('',#4605,#1056);
#760=LINE('',#4607,#1057);
#761=LINE('',#4609,#1058);
#762=LINE('',#4611,#1059);
#763=LINE('',#4613,#1060);
#764=LINE('',#4615,#1061);
#765=LINE('',#4617,#1062);
#766=LINE('',#4619,#1063);
#767=LINE('',#4621,#1064);
#768=LINE('',#4623,#1065);
#769=LINE('',#4624,#1066);
#770=LINE('',#4627,#1067);
#771=LINE('',#4629,#1068);
#772=LINE('',#4631,#1069);
#773=LINE('',#4632,#1070);
#774=LINE('',#4637,#1071);
#775=LINE('',#4642,#1072);
#776=LINE('',#4644,#1073);
#777=LINE('',#4646,#1074);
#778=LINE('',#4648,#1075);
#779=LINE('',#4649,#1076);
#780=LINE('',#4654,#1077);
#781=LINE('',#4658,#1078);
#782=LINE('',#4660,#1079);
#783=LINE('',#4661,#1080);
#784=LINE('',#4663,#1081);
#785=LINE('',#4665,#1082);
#786=LINE('',#4667,#1083);
#787=LINE('',#4668,#1084);
#788=LINE('',#4669,#1085);
#789=LINE('',#4671,#1086);
#790=LINE('',#4673,#1087);
#791=LINE('',#4676,#1088);
#792=LINE('',#4678,#1089);
#793=LINE('',#4680,#1090);
#794=LINE('',#4681,#1091);
#795=LINE('',#4683,#1092);
#796=LINE('',#4685,#1093);
#797=LINE('',#4688,#1094);
#798=LINE('',#4701,#1095);
#799=LINE('',#4705,#1096);
#800=LINE('',#4706,#1097);
#801=LINE('',#4716,#1098);
#802=LINE('',#4717,#1099);
#803=LINE('',#4718,#1100);
#804=LINE('',#4723,#1101);
#805=LINE('',#4724,#1102);
#806=LINE('',#4725,#1103);
#807=LINE('',#4730,#1104);
#808=LINE('',#4732,#1105);
#809=LINE('',#4733,#1106);
#810=LINE('',#4735,#1107);
#811=LINE('',#4739,#1108);
#812=LINE('',#4740,#1109);
#813=LINE('',#4742,#1110);
#814=LINE('',#4743,#1111);
#815=LINE('',#4746,#1112);
#816=LINE('',#4750,#1113);
#817=LINE('',#4753,#1114);
#818=LINE('',#4755,#1115);
#819=LINE('',#4756,#1116);
#820=LINE('',#4759,#1117);
#821=LINE('',#4760,#1118);
#822=LINE('',#4763,#1119);
#823=LINE('',#4764,#1120);
#824=LINE('',#4766,#1121);
#825=LINE('',#4771,#1122);
#826=LINE('',#4774,#1123);
#827=LINE('',#4780,#1124);
#828=LINE('',#4783,#1125);
#829=LINE('',#4820,#1126);
#830=LINE('',#4823,#1127);
#831=LINE('',#4825,#1128);
#832=LINE('',#4827,#1129);
#833=LINE('',#4830,#1130);
#834=LINE('',#4832,#1131);
#835=LINE('',#4834,#1132);
#836=LINE('',#4839,#1133);
#837=LINE('',#4843,#1134);
#838=LINE('',#4848,#1135);
#839=LINE('',#4851,#1136);
#840=LINE('',#4855,#1137);
#841=LINE('',#4861,#1138);
#842=LINE('',#4864,#1139);
#843=LINE('',#4867,#1140);
#844=LINE('',#4869,#1141);
#845=LINE('',#4870,#1142);
#846=LINE('',#4873,#1143);
#847=LINE('',#4877,#1144);
#848=LINE('',#4879,#1145);
#849=LINE('',#4880,#1146);
#850=LINE('',#4885,#1147);
#851=LINE('',#4891,#1148);
#852=LINE('',#4897,#1149);
#853=LINE('',#4902,#1150);
#854=LINE('',#4904,#1151);
#855=LINE('',#4914,#1152);
#856=LINE('',#4917,#1153);
#857=LINE('',#4919,#1154);
#858=LINE('',#4920,#1155);
#859=LINE('',#4925,#1156);
#860=LINE('',#4930,#1157);
#861=LINE('',#4932,#1158);
#862=LINE('',#4934,#1159);
#863=LINE('',#4938,#1160);
#864=LINE('',#4942,#1161);
#865=LINE('',#4944,#1162);
#866=LINE('',#4945,#1163);
#867=LINE('',#4951,#1164);
#868=LINE('',#4954,#1165);
#869=LINE('',#4957,#1166);
#870=LINE('',#4960,#1167);
#871=LINE('',#4966,#1168);
#872=LINE('',#4969,#1169);
#873=LINE('',#4976,#1170);
#874=LINE('',#5004,#1171);
#875=LINE('',#5007,#1172);
#876=LINE('',#5010,#1173);
#877=LINE('',#5012,#1174);
#878=LINE('',#5015,#1175);
#879=LINE('',#5018,#1176);
#880=LINE('',#5021,#1177);
#881=LINE('',#5025,#1178);
#882=LINE('',#5026,#1179);
#883=LINE('',#5029,#1180);
#884=LINE('',#5038,#1181);
#885=LINE('',#5040,#1182);
#886=LINE('',#5046,#1183);
#887=LINE('',#5049,#1184);
#888=LINE('',#5051,#1185);
#889=LINE('',#5054,#1186);
#890=LINE('',#5055,#1187);
#891=LINE('',#5059,#1188);
#892=LINE('',#5062,#1189);
#893=LINE('',#5070,#1190);
#894=LINE('',#5073,#1191);
#895=LINE('',#5076,#1192);
#896=LINE('',#5078,#1193);
#897=LINE('',#5079,#1194);
#898=LINE('',#5085,#1195);
#899=LINE('',#5087,#1196);
#900=LINE('',#5088,#1197);
#901=LINE('',#5094,#1198);
#902=LINE('',#5097,#1199);
#903=LINE('',#5100,#1200);
#904=LINE('',#5103,#1201);
#905=LINE('',#5106,#1202);
#906=LINE('',#5107,#1203);
#907=LINE('',#5110,#1204);
#908=LINE('',#5113,#1205);
#909=LINE('',#5116,#1206);
#910=LINE('',#5117,#1207);
#911=LINE('',#5120,#1208);
#912=LINE('',#5121,#1209);
#913=LINE('',#5126,#1210);
#914=LINE('',#5129,#1211);
#915=LINE('',#5133,#1212);
#916=LINE('',#5135,#1213);
#917=LINE('',#5136,#1214);
#918=LINE('',#5139,#1215);
#919=LINE('',#5143,#1216);
#920=LINE('',#5144,#1217);
#921=LINE('',#5150,#1218);
#922=LINE('',#5154,#1219);
#923=LINE('',#5159,#1220);
#924=LINE('',#5161,#1221);
#925=LINE('',#5163,#1222);
#926=LINE('',#5164,#1223);
#927=LINE('',#5168,#1224);
#928=LINE('',#5174,#1225);
#929=LINE('',#5175,#1226);
#930=LINE('',#5176,#1227);
#931=LINE('',#5181,#1228);
#932=LINE('',#5182,#1229);
#933=LINE('',#5184,#1230);
#934=LINE('',#5187,#1231);
#935=LINE('',#5195,#1232);
#936=LINE('',#5198,#1233);
#937=LINE('',#5201,#1234);
#938=LINE('',#5205,#1235);
#939=LINE('',#5209,#1236);
#940=LINE('',#5212,#1237);
#941=LINE('',#5215,#1238);
#942=LINE('',#5216,#1239);
#943=LINE('',#5219,#1240);
#944=LINE('',#5221,#1241);
#945=LINE('',#5222,#1242);
#946=LINE('',#5225,#1243);
#947=LINE('',#5229,#1244);
#948=LINE('',#5232,#1245);
#949=LINE('',#5235,#1246);
#950=LINE('',#5236,#1247);
#951=LINE('',#5241,#1248);
#952=LINE('',#5243,#1249);
#953=LINE('',#5244,#1250);
#954=LINE('',#5247,#1251);
#955=LINE('',#5251,#1252);
#956=LINE('',#5252,#1253);
#957=LINE('',#5297,#1254);
#958=LINE('',#5340,#1255);
#959=LINE('',#5383,#1256);
#960=LINE('',#5426,#1257);
#961=LINE('',#5469,#1258);
#962=LINE('',#5512,#1259);
#963=LINE('',#5555,#1260);
#964=LINE('',#5562,#1261);
#965=LINE('',#5571,#1262);
#966=LINE('',#5581,#1263);
#967=LINE('',#5584,#1264);
#968=LINE('',#5588,#1265);
#969=LINE('',#5590,#1266);
#970=LINE('',#5592,#1267);
#971=LINE('',#5593,#1268);
#972=LINE('',#5596,#1269);
#973=LINE('',#5598,#1270);
#974=LINE('',#5599,#1271);
#975=LINE('',#5602,#1272);
#976=LINE('',#5604,#1273);
#977=LINE('',#5605,#1274);
#978=LINE('',#5609,#1275);
#979=LINE('',#5611,#1276);
#980=LINE('',#5613,#1277);
#981=LINE('',#5614,#1278);
#982=LINE('',#5617,#1279);
#983=LINE('',#5619,#1280);
#984=LINE('',#5620,#1281);
#985=LINE('',#5623,#1282);
#986=LINE('',#5625,#1283);
#987=LINE('',#5626,#1284);
#988=LINE('',#5629,#1285);
#989=LINE('',#5631,#1286);
#990=LINE('',#5632,#1287);
#991=LINE('',#5635,#1288);
#992=LINE('',#5637,#1289);
#993=LINE('',#5638,#1290);
#994=LINE('',#5640,#1291);
#995=LINE('',#5642,#1292);
#996=LINE('',#5644,#1293);
#997=LINE('',#5645,#1294);
#998=LINE('',#5646,#1295);
#999=LINE('',#5648,#1296);
#1000=LINE('',#5651,#1297);
#1001=LINE('',#5655,#1298);
#1002=LINE('',#5659,#1299);
#1003=LINE('',#5660,#1300);
#1004=LINE('',#5663,#1301);
#1005=LINE('',#5664,#1302);
#1006=LINE('',#5666,#1303);
#1007=LINE('',#5667,#1304);
#1008=VECTOR('',#3556,10.);
#1009=VECTOR('',#3557,10.);
#1010=VECTOR('',#3558,10.);
#1011=VECTOR('',#3559,10.);
#1012=VECTOR('',#3564,10.);
#1013=VECTOR('',#3565,10.);
#1014=VECTOR('',#3566,10.);
#1015=VECTOR('',#3567,10.);
#1016=VECTOR('',#3568,10.);
#1017=VECTOR('',#3569,10.);
#1018=VECTOR('',#3572,10.);
#1019=VECTOR('',#3573,10.);
#1020=VECTOR('',#3574,10.);
#1021=VECTOR('',#3575,10.);
#1022=VECTOR('',#3580,10.);
#1023=VECTOR('',#3583,10.);
#1024=VECTOR('',#3586,10.);
#1025=VECTOR('',#3591,10.);
#1026=VECTOR('',#3592,10.);
#1027=VECTOR('',#3593,10.);
#1028=VECTOR('',#3594,10.);
#1029=VECTOR('',#3597,10.);
#1030=VECTOR('',#3600,10.);
#1031=VECTOR('',#3601,10.);
#1032=VECTOR('',#3602,10.);
#1033=VECTOR('',#3603,10.);
#1034=VECTOR('',#3604,10.);
#1035=VECTOR('',#3605,10.);
#1036=VECTOR('',#3608,10.);
#1037=VECTOR('',#3609,10.);
#1038=VECTOR('',#3612,10.);
#1039=VECTOR('',#3613,10.);
#1040=VECTOR('',#3614,10.);
#1041=VECTOR('',#3617,10.);
#1042=VECTOR('',#3618,10.);
#1043=VECTOR('',#3621,10.);
#1044=VECTOR('',#3622,10.);
#1045=VECTOR('',#3625,10.);
#1046=VECTOR('',#3628,10.);
#1047=VECTOR('',#3629,10.);
#1048=VECTOR('',#3630,10.);
#1049=VECTOR('',#3631,10.);
#1050=VECTOR('',#3634,10.);
#1051=VECTOR('',#3635,10.);
#1052=VECTOR('',#3636,10.);
#1053=VECTOR('',#3637,10.);
#1054=VECTOR('',#3642,10.);
#1055=VECTOR('',#3643,10.);
#1056=VECTOR('',#3656,1.5);
#1057=VECTOR('',#3659,1.5);
#1058=VECTOR('',#3662,10.);
#1059=VECTOR('',#3663,10.);
#1060=VECTOR('',#3664,10.);
#1061=VECTOR('',#3665,10.);
#1062=VECTOR('',#3666,10.);
#1063=VECTOR('',#3667,10.);
#1064=VECTOR('',#3668,10.);
#1065=VECTOR('',#3669,10.);
#1066=VECTOR('',#3670,10.);
#1067=VECTOR('',#3673,10.);
#1068=VECTOR('',#3674,10.);
#1069=VECTOR('',#3675,10.);
#1070=VECTOR('',#3676,10.);
#1071=VECTOR('',#3681,6.);
#1072=VECTOR('',#3686,10.);
#1073=VECTOR('',#3687,10.);
#1074=VECTOR('',#3688,10.);
#1075=VECTOR('',#3689,10.);
#1076=VECTOR('',#3690,10.);
#1077=VECTOR('',#3695,6.);
#1078=VECTOR('',#3700,10.);
#1079=VECTOR('',#3701,10.);
#1080=VECTOR('',#3702,10.);
#1081=VECTOR('',#3703,10.);
#1082=VECTOR('',#3704,10.);
#1083=VECTOR('',#3705,10.);
#1084=VECTOR('',#3706,10.);
#1085=VECTOR('',#3707,10.);
#1086=VECTOR('',#3708,10.);
#1087=VECTOR('',#3709,10.);
#1088=VECTOR('',#3712,10.);
#1089=VECTOR('',#3713,10.);
#1090=VECTOR('',#3714,10.);
#1091=VECTOR('',#3715,10.);
#1092=VECTOR('',#3716,10.);
#1093=VECTOR('',#3717,10.);
#1094=VECTOR('',#3720,10.);
#1095=VECTOR('',#3733,10.);
#1096=VECTOR('',#3736,10.);
#1097=VECTOR('',#3737,10.);
#1098=VECTOR('',#3748,10.);
#1099=VECTOR('',#3749,10.);
#1100=VECTOR('',#3750,10.);
#1101=VECTOR('',#3755,10.);
#1102=VECTOR('',#3756,10.);
#1103=VECTOR('',#3757,10.);
#1104=VECTOR('',#3764,10.);
#1105=VECTOR('',#3767,10.);
#1106=VECTOR('',#3768,10.);
#1107=VECTOR('',#3771,10.);
#1108=VECTOR('',#3774,10.);
#1109=VECTOR('',#3775,10.);
#1110=VECTOR('',#3776,10.);
#1111=VECTOR('',#3777,10.);
#1112=VECTOR('',#3780,10.);
#1113=VECTOR('',#3783,10.);
#1114=VECTOR('',#3788,10.);
#1115=VECTOR('',#3791,10.);
#1116=VECTOR('',#3792,10.);
#1117=VECTOR('',#3795,10.);
#1118=VECTOR('',#3796,10.);
#1119=VECTOR('',#3799,10.);
#1120=VECTOR('',#3800,10.);
#1121=VECTOR('',#3803,10.);
#1122=VECTOR('',#3808,3.);
#1123=VECTOR('',#3813,2.5);
#1124=VECTOR('',#3818,10.);
#1125=VECTOR('',#3821,10.);
#1126=VECTOR('',#3836,10.);
#1127=VECTOR('',#3839,10.);
#1128=VECTOR('',#3842,10.);
#1129=VECTOR('',#3845,10.);
#1130=VECTOR('',#3850,10.);
#1131=VECTOR('',#3853,10.);
#1132=VECTOR('',#3856,10.);
#1133=VECTOR('',#3863,1.5);
#1134=VECTOR('',#3868,1.5);
#1135=VECTOR('',#3873,2.25);
#1136=VECTOR('',#3878,1.5);
#1137=VECTOR('',#3883,3.);
#1138=VECTOR('',#3888,10.);
#1139=VECTOR('',#3891,10.);
#1140=VECTOR('',#3894,10.);
#1141=VECTOR('',#3895,10.);
#1142=VECTOR('',#3896,10.);
#1143=VECTOR('',#3899,10.);
#1144=VECTOR('',#3904,10.);
#1145=VECTOR('',#3905,10.);
#1146=VECTOR('',#3906,10.);
#1147=VECTOR('',#3911,10.);
#1148=VECTOR('',#3918,10.);
#1149=VECTOR('',#3925,3.);
#1150=VECTOR('',#3932,1.5);
#1151=VECTOR('',#3935,2.25);
#1152=VECTOR('',#3946,10.);
#1153=VECTOR('',#3949,10.);
#1154=VECTOR('',#3952,10.);
#1155=VECTOR('',#3953,10.);
#1156=VECTOR('',#3958,3.);
#1157=VECTOR('',#3965,1.5);
#1158=VECTOR('',#3968,2.25);
#1159=VECTOR('',#3971,10.);
#1160=VECTOR('',#3976,1.5);
#1161=VECTOR('',#3981,1.5);
#1162=VECTOR('',#3984,10.);
#1163=VECTOR('',#3985,10.);
#1164=VECTOR('',#3994,10.);
#1165=VECTOR('',#3997,10.);
#1166=VECTOR('',#4000,10.);
#1167=VECTOR('',#4003,10.);
#1168=VECTOR('',#4008,10.);
#1169=VECTOR('',#4011,10.);
#1170=VECTOR('',#4022,10.);
#1171=VECTOR('',#4027,10.);
#1172=VECTOR('',#4032,10.);
#1173=VECTOR('',#4035,10.);
#1174=VECTOR('',#4036,10.);
#1175=VECTOR('',#4039,10.);
#1176=VECTOR('',#4042,10.);
#1177=VECTOR('',#4045,10.);
#1178=VECTOR('',#4050,10.);
#1179=VECTOR('',#4051,10.);
#1180=VECTOR('',#4054,10.);
#1181=VECTOR('',#4067,10.);
#1182=VECTOR('',#4070,10.);
#1183=VECTOR('',#4077,2.25);
#1184=VECTOR('',#4082,1.5);
#1185=VECTOR('',#4085,3.);
#1186=VECTOR('',#4088,10.);
#1187=VECTOR('',#4089,10.);
#1188=VECTOR('',#4094,10.);
#1189=VECTOR('',#4099,10.);
#1190=VECTOR('',#4108,10.);
#1191=VECTOR('',#4111,10.);
#1192=VECTOR('',#4114,10.);
#1193=VECTOR('',#4115,10.);
#1194=VECTOR('',#4116,10.);
#1195=VECTOR('',#4123,10.);
#1196=VECTOR('',#4126,10.);
#1197=VECTOR('',#4127,10.);
#1198=VECTOR('',#4132,10.);
#1199=VECTOR('',#4135,10.);
#1200=VECTOR('',#4138,10.);
#1201=VECTOR('',#4141,10.);
#1202=VECTOR('',#4144,10.);
#1203=VECTOR('',#4145,10.);
#1204=VECTOR('',#4148,10.);
#1205=VECTOR('',#4151,10.);
#1206=VECTOR('',#4154,10.);
#1207=VECTOR('',#4155,10.);
#1208=VECTOR('',#4158,10.);
#1209=VECTOR('',#4159,10.);
#1210=VECTOR('',#4166,4.05356286856883);
#1211=VECTOR('',#4171,10.);
#1212=VECTOR('',#4176,10.);
#1213=VECTOR('',#4177,10.);
#1214=VECTOR('',#4178,10.);
#1215=VECTOR('',#4181,10.);
#1216=VECTOR('',#4186,10.);
#1217=VECTOR('',#4187,10.);
#1218=VECTOR('',#4194,10.);
#1219=VECTOR('',#4197,10.);
#1220=VECTOR('',#4202,10.);
#1221=VECTOR('',#4203,10.);
#1222=VECTOR('',#4204,10.);
#1223=VECTOR('',#4205,10.);
#1224=VECTOR('',#4208,10.);
#1225=VECTOR('',#4215,10.);
#1226=VECTOR('',#4216,10.);
#1227=VECTOR('',#4217,10.);
#1228=VECTOR('',#4226,10.);
#1229=VECTOR('',#4227,10.);
#1230=VECTOR('',#4230,10.);
#1231=VECTOR('',#4235,10.);
#1232=VECTOR('',#4244,10.);
#1233=VECTOR('',#4247,10.);
#1234=VECTOR('',#4248,10.);
#1235=VECTOR('',#4251,10.);
#1236=VECTOR('',#4256,10.);
#1237=VECTOR('',#4259,10.);
#1238=VECTOR('',#4262,10.);
#1239=VECTOR('',#4263,10.);
#1240=VECTOR('',#4266,10.);
#1241=VECTOR('',#4267,10.);
#1242=VECTOR('',#4268,10.);
#1243=VECTOR('',#4271,10.);
#1244=VECTOR('',#4276,10.);
#1245=VECTOR('',#4281,10.);
#1246=VECTOR('',#4284,10.);
#1247=VECTOR('',#4285,10.);
#1248=VECTOR('',#4292,10.);
#1249=VECTOR('',#4293,10.);
#1250=VECTOR('',#4294,10.);
#1251=VECTOR('',#4297,10.);
#1252=VECTOR('',#4302,10.);
#1253=VECTOR('',#4303,10.);
#1254=VECTOR('',#4314,1.35);
#1255=VECTOR('',#4321,1.35);
#1256=VECTOR('',#4328,1.35);
#1257=VECTOR('',#4335,1.35);
#1258=VECTOR('',#4342,1.35);
#1259=VECTOR('',#4349,1.35);
#1260=VECTOR('',#4356,1.35);
#1261=VECTOR('',#4365,3.25);
#1262=VECTOR('',#4376,3.25);
#1263=VECTOR('',#4387,10.);
#1264=VECTOR('',#4390,10.);
#1265=VECTOR('',#4393,10.);
#1266=VECTOR('',#4394,10.);
#1267=VECTOR('',#4395,10.);
#1268=VECTOR('',#4396,10.);
#1269=VECTOR('',#4399,10.);
#1270=VECTOR('',#4400,10.);
#1271=VECTOR('',#4401,10.);
#1272=VECTOR('',#4404,10.);
#1273=VECTOR('',#4405,10.);
#1274=VECTOR('',#4406,10.);
#1275=VECTOR('',#4409,10.);
#1276=VECTOR('',#4410,10.);
#1277=VECTOR('',#4411,10.);
#1278=VECTOR('',#4412,10.);
#1279=VECTOR('',#4415,10.);
#1280=VECTOR('',#4416,10.);
#1281=VECTOR('',#4417,10.);
#1282=VECTOR('',#4420,10.);
#1283=VECTOR('',#4421,10.);
#1284=VECTOR('',#4422,10.);
#1285=VECTOR('',#4425,10.);
#1286=VECTOR('',#4426,10.);
#1287=VECTOR('',#4427,10.);
#1288=VECTOR('',#4430,10.);
#1289=VECTOR('',#4431,10.);
#1290=VECTOR('',#4432,10.);
#1291=VECTOR('',#4435,10.);
#1292=VECTOR('',#4436,10.);
#1293=VECTOR('',#4437,10.);
#1294=VECTOR('',#4438,10.);
#1295=VECTOR('',#4439,10.);
#1296=VECTOR('',#4442,10.);
#1297=VECTOR('',#4445,1.5);
#1298=VECTOR('',#4450,1.5);
#1299=VECTOR('',#4455,10.);
#1300=VECTOR('',#4456,10.);
#1301=VECTOR('',#4459,10.);
#1302=VECTOR('',#4460,10.);
#1303=VECTOR('',#4463,10.);
#1304=VECTOR('',#4464,10.);
#1305=VERTEX_POINT('',#4482);
#1306=VERTEX_POINT('',#4483);
#1307=VERTEX_POINT('',#4485);
#1308=VERTEX_POINT('',#4487);
#1309=VERTEX_POINT('',#4491);
#1310=VERTEX_POINT('',#4492);
#1311=VERTEX_POINT('',#4494);
#1312=VERTEX_POINT('',#4496);
#1313=VERTEX_POINT('',#4498);
#1314=VERTEX_POINT('',#4500);
#1315=VERTEX_POINT('',#4502);
#1316=VERTEX_POINT('',#4506);
#1317=VERTEX_POINT('',#4508);
#1318=VERTEX_POINT('',#4510);
#1319=VERTEX_POINT('',#4512);
#1320=VERTEX_POINT('',#4516);
#1321=VERTEX_POINT('',#4518);
#1322=VERTEX_POINT('',#4520);
#1323=VERTEX_POINT('',#4522);
#1324=VERTEX_POINT('',#4524);
#1325=VERTEX_POINT('',#4528);
#1326=VERTEX_POINT('',#4529);
#1327=VERTEX_POINT('',#4531);
#1328=VERTEX_POINT('',#4534);
#1329=VERTEX_POINT('',#4536);
#1330=VERTEX_POINT('',#4540);
#1331=VERTEX_POINT('',#4542);
#1332=VERTEX_POINT('',#4544);
#1333=VERTEX_POINT('',#4546);
#1334=VERTEX_POINT('',#4548);
#1335=VERTEX_POINT('',#4552);
#1336=VERTEX_POINT('',#4553);
#1337=VERTEX_POINT('',#4556);
#1338=VERTEX_POINT('',#4558);
#1339=VERTEX_POINT('',#4560);
#1340=VERTEX_POINT('',#4564);
#1341=VERTEX_POINT('',#4568);
#1342=VERTEX_POINT('',#4574);
#1343=VERTEX_POINT('',#4575);
#1344=VERTEX_POINT('',#4577);
#1345=VERTEX_POINT('',#4579);
#1346=VERTEX_POINT('',#4583);
#1347=VERTEX_POINT('',#4585);
#1348=VERTEX_POINT('',#4587);
#1349=VERTEX_POINT('',#4590);
#1350=VERTEX_POINT('',#4593);
#1351=VERTEX_POINT('',#4597);
#1352=VERTEX_POINT('',#4600);
#1353=VERTEX_POINT('',#4603);
#1354=VERTEX_POINT('',#4610);
#1355=VERTEX_POINT('',#4612);
#1356=VERTEX_POINT('',#4614);
#1357=VERTEX_POINT('',#4616);
#1358=VERTEX_POINT('',#4618);
#1359=VERTEX_POINT('',#4620);
#1360=VERTEX_POINT('',#4622);
#1361=VERTEX_POINT('',#4626);
#1362=VERTEX_POINT('',#4628);
#1363=VERTEX_POINT('',#4630);
#1364=VERTEX_POINT('',#4634);
#1365=VERTEX_POINT('',#4636);
#1366=VERTEX_POINT('',#4640);
#1367=VERTEX_POINT('',#4641);
#1368=VERTEX_POINT('',#4643);
#1369=VERTEX_POINT('',#4645);
#1370=VERTEX_POINT('',#4647);
#1371=VERTEX_POINT('',#4651);
#1372=VERTEX_POINT('',#4653);
#1373=VERTEX_POINT('',#4657);
#1374=VERTEX_POINT('',#4659);
#1375=VERTEX_POINT('',#4662);
#1376=VERTEX_POINT('',#4664);
#1377=VERTEX_POINT('',#4666);
#1378=VERTEX_POINT('',#4670);
#1379=VERTEX_POINT('',#4672);
#1380=VERTEX_POINT('',#4675);
#1381=VERTEX_POINT('',#4677);
#1382=VERTEX_POINT('',#4679);
#1383=VERTEX_POINT('',#4682);
#1384=VERTEX_POINT('',#4684);
#1385=VERTEX_POINT('',#4686);
#1386=VERTEX_POINT('',#4689);
#1387=VERTEX_POINT('',#4691);
#1388=VERTEX_POINT('',#4693);
#1389=VERTEX_POINT('',#4695);
#1390=VERTEX_POINT('',#4697);
#1391=VERTEX_POINT('',#4700);
#1392=VERTEX_POINT('',#4702);
#1393=VERTEX_POINT('',#4704);
#1394=VERTEX_POINT('',#4707);
#1395=VERTEX_POINT('',#4710);
#1396=VERTEX_POINT('',#4713);
#1397=VERTEX_POINT('',#4715);
#1398=VERTEX_POINT('',#4719);
#1399=VERTEX_POINT('',#4722);
#1400=VERTEX_POINT('',#4727);
#1401=VERTEX_POINT('',#4737);
#1402=VERTEX_POINT('',#4738);
#1403=VERTEX_POINT('',#4741);
#1404=VERTEX_POINT('',#4745);
#1405=VERTEX_POINT('',#4747);
#1406=VERTEX_POINT('',#4749);
#1407=VERTEX_POINT('',#4758);
#1408=VERTEX_POINT('',#4762);
#1409=VERTEX_POINT('',#4768);
#1410=VERTEX_POINT('',#4770);
#1411=VERTEX_POINT('',#4776);
#1412=VERTEX_POINT('',#4777);
#1413=VERTEX_POINT('',#4779);
#1414=VERTEX_POINT('',#4781);
#1415=VERTEX_POINT('',#4809);
#1416=VERTEX_POINT('',#4810);
#1417=VERTEX_POINT('',#4815);
#1418=VERTEX_POINT('',#4819);
#1419=VERTEX_POINT('',#4821);
#1420=VERTEX_POINT('',#4837);
#1421=VERTEX_POINT('',#4841);
#1422=VERTEX_POINT('',#4845);
#1423=VERTEX_POINT('',#4847);
#1424=VERTEX_POINT('',#4853);
#1425=VERTEX_POINT('',#4857);
#1426=VERTEX_POINT('',#4858);
#1427=VERTEX_POINT('',#4860);
#1428=VERTEX_POINT('',#4862);
#1429=VERTEX_POINT('',#4866);
#1430=VERTEX_POINT('',#4868);
#1431=VERTEX_POINT('',#4872);
#1432=VERTEX_POINT('',#4876);
#1433=VERTEX_POINT('',#4878);
#1434=VERTEX_POINT('',#4882);
#1435=VERTEX_POINT('',#4884);
#1436=VERTEX_POINT('',#4888);
#1437=VERTEX_POINT('',#4890);
#1438=VERTEX_POINT('',#4894);
#1439=VERTEX_POINT('',#4896);
#1440=VERTEX_POINT('',#4900);
#1441=VERTEX_POINT('',#4906);
#1442=VERTEX_POINT('',#4910);
#1443=VERTEX_POINT('',#4911);
#1444=VERTEX_POINT('',#4913);
#1445=VERTEX_POINT('',#4915);
#1446=VERTEX_POINT('',#4922);
#1447=VERTEX_POINT('',#4924);
#1448=VERTEX_POINT('',#4928);
#1449=VERTEX_POINT('',#4936);
#1450=VERTEX_POINT('',#4940);
#1451=VERTEX_POINT('',#4950);
#1452=VERTEX_POINT('',#4952);
#1453=VERTEX_POINT('',#4956);
#1454=VERTEX_POINT('',#4958);
#1455=VERTEX_POINT('',#4962);
#1456=VERTEX_POINT('',#4963);
#1457=VERTEX_POINT('',#4965);
#1458=VERTEX_POINT('',#4967);
#1459=VERTEX_POINT('',#4971);
#1460=VERTEX_POINT('',#5009);
#1461=VERTEX_POINT('',#5011);
#1462=VERTEX_POINT('',#5014);
#1463=VERTEX_POINT('',#5016);
#1464=VERTEX_POINT('',#5020);
#1465=VERTEX_POINT('',#5024);
#1466=VERTEX_POINT('',#5028);
#1467=VERTEX_POINT('',#5031);
#1468=VERTEX_POINT('',#5034);
#1469=VERTEX_POINT('',#5043);
#1470=VERTEX_POINT('',#5045);
#1471=VERTEX_POINT('',#5053);
#1472=VERTEX_POINT('',#5057);
#1473=VERTEX_POINT('',#5066);
#1474=VERTEX_POINT('',#5067);
#1475=VERTEX_POINT('',#5069);
#1476=VERTEX_POINT('',#5071);
#1477=VERTEX_POINT('',#5075);
#1478=VERTEX_POINT('',#5077);
#1479=VERTEX_POINT('',#5081);
#1480=VERTEX_POINT('',#5083);
#1481=VERTEX_POINT('',#5090);
#1482=VERTEX_POINT('',#5091);
#1483=VERTEX_POINT('',#5093);
#1484=VERTEX_POINT('',#5095);
#1485=VERTEX_POINT('',#5099);
#1486=VERTEX_POINT('',#5101);
#1487=VERTEX_POINT('',#5105);
#1488=VERTEX_POINT('',#5109);
#1489=VERTEX_POINT('',#5111);
#1490=VERTEX_POINT('',#5115);
#1491=VERTEX_POINT('',#5119);
#1492=VERTEX_POINT('',#5125);
#1493=VERTEX_POINT('',#5132);
#1494=VERTEX_POINT('',#5134);
#1495=VERTEX_POINT('',#5138);
#1496=VERTEX_POINT('',#5142);
#1497=VERTEX_POINT('',#5148);
#1498=VERTEX_POINT('',#5149);
#1499=VERTEX_POINT('',#5151);
#1500=VERTEX_POINT('',#5153);
#1501=VERTEX_POINT('',#5157);
#1502=VERTEX_POINT('',#5158);
#1503=VERTEX_POINT('',#5160);
#1504=VERTEX_POINT('',#5162);
#1505=VERTEX_POINT('',#5166);
#1506=VERTEX_POINT('',#5167);
#1507=VERTEX_POINT('',#5172);
#1508=VERTEX_POINT('',#5173);
#1509=VERTEX_POINT('',#5191);
#1510=VERTEX_POINT('',#5192);
#1511=VERTEX_POINT('',#5194);
#1512=VERTEX_POINT('',#5196);
#1513=VERTEX_POINT('',#5199);
#1514=VERTEX_POINT('',#5200);
#1515=VERTEX_POINT('',#5202);
#1516=VERTEX_POINT('',#5204);
#1517=VERTEX_POINT('',#5208);
#1518=VERTEX_POINT('',#5210);
#1519=VERTEX_POINT('',#5214);
#1520=VERTEX_POINT('',#5218);
#1521=VERTEX_POINT('',#5220);
#1522=VERTEX_POINT('',#5224);
#1523=VERTEX_POINT('',#5228);
#1524=VERTEX_POINT('',#5234);
#1525=VERTEX_POINT('',#5240);
#1526=VERTEX_POINT('',#5242);
#1527=VERTEX_POINT('',#5246);
#1528=VERTEX_POINT('',#5250);
#1529=VERTEX_POINT('',#5258);
#1530=VERTEX_POINT('',#5259);
#1531=VERTEX_POINT('',#5296);
#1532=VERTEX_POINT('',#5301);
#1533=VERTEX_POINT('',#5302);
#1534=VERTEX_POINT('',#5339);
#1535=VERTEX_POINT('',#5344);
#1536=VERTEX_POINT('',#5345);
#1537=VERTEX_POINT('',#5382);
#1538=VERTEX_POINT('',#5387);
#1539=VERTEX_POINT('',#5388);
#1540=VERTEX_POINT('',#5425);
#1541=VERTEX_POINT('',#5430);
#1542=VERTEX_POINT('',#5431);
#1543=VERTEX_POINT('',#5468);
#1544=VERTEX_POINT('',#5473);
#1545=VERTEX_POINT('',#5474);
#1546=VERTEX_POINT('',#5511);
#1547=VERTEX_POINT('',#5516);
#1548=VERTEX_POINT('',#5517);
#1549=VERTEX_POINT('',#5554);
#1550=VERTEX_POINT('',#5559);
#1551=VERTEX_POINT('',#5561);
#1552=VERTEX_POINT('',#5565);
#1553=VERTEX_POINT('',#5568);
#1554=VERTEX_POINT('',#5570);
#1555=VERTEX_POINT('',#5574);
#1556=VERTEX_POINT('',#5577);
#1557=VERTEX_POINT('',#5578);
#1558=VERTEX_POINT('',#5580);
#1559=VERTEX_POINT('',#5582);
#1560=VERTEX_POINT('',#5586);
#1561=VERTEX_POINT('',#5587);
#1562=VERTEX_POINT('',#5589);
#1563=VERTEX_POINT('',#5591);
#1564=VERTEX_POINT('',#5595);
#1565=VERTEX_POINT('',#5597);
#1566=VERTEX_POINT('',#5601);
#1567=VERTEX_POINT('',#5603);
#1568=VERTEX_POINT('',#5607);
#1569=VERTEX_POINT('',#5608);
#1570=VERTEX_POINT('',#5610);
#1571=VERTEX_POINT('',#5612);
#1572=VERTEX_POINT('',#5616);
#1573=VERTEX_POINT('',#5618);
#1574=VERTEX_POINT('',#5622);
#1575=VERTEX_POINT('',#5624);
#1576=VERTEX_POINT('',#5628);
#1577=VERTEX_POINT('',#5630);
#1578=VERTEX_POINT('',#5634);
#1579=VERTEX_POINT('',#5636);
#1580=VERTEX_POINT('',#5641);
#1581=VERTEX_POINT('',#5643);
#1582=VERTEX_POINT('',#5650);
#1583=VERTEX_POINT('',#5654);
#1584=VERTEX_POINT('',#5658);
#1585=VERTEX_POINT('',#5662);
#1586=EDGE_CURVE('',#1305,#1306,#711,.T.);
#1587=EDGE_CURVE('',#1305,#1307,#712,.T.);
#1588=EDGE_CURVE('',#1308,#1307,#713,.T.);
#1589=EDGE_CURVE('',#1308,#1306,#714,.T.);
#1590=EDGE_CURVE('',#1309,#1310,#187,.T.);
#1591=EDGE_CURVE('',#1311,#1310,#715,.T.);
#1592=EDGE_CURVE('',#1312,#1311,#716,.T.);
#1593=EDGE_CURVE('',#1313,#1312,#717,.T.);
#1594=EDGE_CURVE('',#1313,#1314,#718,.T.);
#1595=EDGE_CURVE('',#1315,#1314,#719,.T.);
#1596=EDGE_CURVE('',#1315,#1309,#720,.T.);
#1597=EDGE_CURVE('',#1316,#1315,#721,.T.);
#1598=EDGE_CURVE('',#1317,#1316,#722,.T.);
#1599=EDGE_CURVE('',#1317,#1318,#723,.T.);
#1600=EDGE_CURVE('',#1318,#1319,#724,.T.);
#1601=EDGE_CURVE('',#1309,#1319,#180,.T.);
#1602=EDGE_CURVE('',#1319,#1320,#725,.T.);
#1603=EDGE_CURVE('',#1321,#1320,#188,.T.);
#1604=EDGE_CURVE('',#1321,#1322,#726,.T.);
#1605=EDGE_CURVE('',#1323,#1322,#189,.T.);
#1606=EDGE_CURVE('',#1324,#1323,#727,.T.);
#1607=EDGE_CURVE('',#1310,#1324,#181,.T.);
#1608=EDGE_CURVE('',#1325,#1326,#728,.T.);
#1609=EDGE_CURVE('',#1327,#1325,#729,.T.);
#1610=EDGE_CURVE('',#1311,#1327,#730,.T.);
#1611=EDGE_CURVE('',#1324,#1328,#731,.T.);
#1612=EDGE_CURVE('',#1329,#1328,#182,.F.);
#1613=EDGE_CURVE('',#1329,#1326,#732,.T.);
#1614=EDGE_CURVE('',#1327,#1330,#733,.T.);
#1615=EDGE_CURVE('',#1331,#1330,#734,.T.);
#1616=EDGE_CURVE('',#1332,#1331,#735,.T.);
#1617=EDGE_CURVE('',#1332,#1333,#736,.T.);
#1618=EDGE_CURVE('',#1334,#1333,#737,.T.);
#1619=EDGE_CURVE('',#1334,#1312,#738,.T.);
#1620=EDGE_CURVE('',#1335,#1336,#739,.T.);
#1621=EDGE_CURVE('',#1326,#1336,#740,.T.);
#1622=EDGE_CURVE('',#1337,#1329,#190,.T.);
#1623=EDGE_CURVE('',#1338,#1337,#741,.T.);
#1624=EDGE_CURVE('',#1339,#1338,#742,.T.);
#1625=EDGE_CURVE('',#1339,#1335,#743,.T.);
#1626=EDGE_CURVE('',#1340,#1325,#744,.T.);
#1627=EDGE_CURVE('',#1330,#1340,#745,.T.);
#1628=EDGE_CURVE('',#1338,#1341,#746,.T.);
#1629=EDGE_CURVE('',#1341,#1339,#747,.T.);
#1630=EDGE_CURVE('',#1314,#1316,#748,.T.);
#1631=EDGE_CURVE('',#1342,#1343,#749,.T.);
#1632=EDGE_CURVE('',#1344,#1342,#750,.T.);
#1633=EDGE_CURVE('',#1344,#1345,#751,.T.);
#1634=EDGE_CURVE('',#1343,#1345,#752,.T.);
#1635=EDGE_CURVE('',#1346,#1344,#753,.T.);
#1636=EDGE_CURVE('',#1347,#1346,#754,.T.);
#1637=EDGE_CURVE('',#1348,#1347,#755,.T.);
#1638=EDGE_CURVE('',#1345,#1348,#756,.T.);
#1639=EDGE_CURVE('',#1349,#1349,#191,.T.);
#1640=EDGE_CURVE('',#1318,#1350,#757,.T.);
#1641=EDGE_CURVE('',#1320,#1350,#758,.T.);
#1642=EDGE_CURVE('',#1351,#1351,#192,.T.);
#1643=EDGE_CURVE('',#1352,#1352,#193,.T.);
#1644=EDGE_CURVE('',#1353,#1353,#194,.T.);
#1645=EDGE_CURVE('',#1353,#1351,#759,.T.);
#1646=EDGE_CURVE('',#1349,#1352,#760,.T.);
#1647=EDGE_CURVE('',#1342,#1332,#761,.T.);
#1648=EDGE_CURVE('',#1354,#1331,#762,.T.);
#1649=EDGE_CURVE('',#1354,#1355,#763,.T.);
#1650=EDGE_CURVE('',#1356,#1355,#764,.T.);
#1651=EDGE_CURVE('',#1356,#1357,#765,.T.);
#1652=EDGE_CURVE('',#1357,#1358,#766,.T.);
#1653=EDGE_CURVE('',#1358,#1359,#767,.T.);
#1654=EDGE_CURVE('',#1360,#1359,#768,.T.);
#1655=EDGE_CURVE('',#1360,#1346,#769,.T.);
#1656=EDGE_CURVE('',#1361,#1357,#770,.T.);
#1657=EDGE_CURVE('',#1362,#1361,#771,.T.);
#1658=EDGE_CURVE('',#1363,#1362,#772,.T.);
#1659=EDGE_CURVE('',#1358,#1363,#773,.T.);
#1660=EDGE_CURVE('',#1364,#1364,#195,.T.);
#1661=EDGE_CURVE('',#1364,#1365,#774,.T.);
#1662=EDGE_CURVE('',#1365,#1365,#196,.T.);
#1663=EDGE_CURVE('',#1366,#1367,#775,.T.);
#1664=EDGE_CURVE('',#1368,#1366,#776,.F.);
#1665=EDGE_CURVE('',#1368,#1369,#777,.T.);
#1666=EDGE_CURVE('',#1369,#1370,#778,.T.);
#1667=EDGE_CURVE('',#1367,#1370,#779,.T.);
#1668=EDGE_CURVE('',#1371,#1371,#197,.T.);
#1669=EDGE_CURVE('',#1371,#1372,#780,.T.);
#1670=EDGE_CURVE('',#1372,#1372,#198,.T.);
#1671=EDGE_CURVE('',#1343,#1373,#781,.T.);
#1672=EDGE_CURVE('',#1373,#1374,#782,.T.);
#1673=EDGE_CURVE('',#1374,#1360,#783,.T.);
#1674=EDGE_CURVE('',#1359,#1375,#784,.T.);
#1675=EDGE_CURVE('',#1375,#1376,#785,.T.);
#1676=EDGE_CURVE('',#1376,#1377,#786,.T.);
#1677=EDGE_CURVE('',#1377,#1356,#787,.T.);
#1678=EDGE_CURVE('',#1367,#1355,#788,.T.);
#1679=EDGE_CURVE('',#1370,#1378,#789,.T.);
#1680=EDGE_CURVE('',#1379,#1378,#790,.T.);
#1681=EDGE_CURVE('',#1379,#1307,#199,.T.);
#1682=EDGE_CURVE('',#1380,#1305,#791,.T.);
#1683=EDGE_CURVE('',#1381,#1380,#792,.T.);
#1684=EDGE_CURVE('',#1382,#1381,#793,.T.);
#1685=EDGE_CURVE('',#1382,#1350,#794,.T.);
#1686=EDGE_CURVE('',#1383,#1317,#795,.T.);
#1687=EDGE_CURVE('',#1384,#1383,#796,.T.);
#1688=EDGE_CURVE('',#1384,#1385,#200,.T.);
#1689=EDGE_CURVE('',#1385,#1333,#797,.T.);
#1690=EDGE_CURVE('',#1386,#1386,#201,.T.);
#1691=EDGE_CURVE('',#1387,#1387,#202,.T.);
#1692=EDGE_CURVE('',#1388,#1388,#203,.T.);
#1693=EDGE_CURVE('',#1389,#1389,#204,.T.);
#1694=EDGE_CURVE('',#1390,#1390,#205,.T.);
#1695=EDGE_CURVE('',#1334,#1391,#798,.T.);
#1696=EDGE_CURVE('',#1391,#1392,#206,.T.);
#1697=EDGE_CURVE('',#1392,#1393,#799,.T.);
#1698=EDGE_CURVE('',#1393,#1313,#800,.T.);
#1699=EDGE_CURVE('',#1394,#1394,#207,.T.);
#1700=EDGE_CURVE('',#1395,#1395,#208,.T.);
#1701=EDGE_CURVE('',#1308,#1396,#209,.T.);
#1702=EDGE_CURVE('',#1396,#1397,#801,.T.);
#1703=EDGE_CURVE('',#1336,#1397,#802,.T.);
#1704=EDGE_CURVE('',#1335,#1306,#803,.T.);
#1705=EDGE_CURVE('',#1398,#1398,#210,.T.);
#1706=EDGE_CURVE('',#1397,#1399,#804,.T.);
#1707=EDGE_CURVE('',#1366,#1399,#805,.T.);
#1708=EDGE_CURVE('',#1340,#1354,#806,.T.);
#1709=EDGE_CURVE('',#1400,#1400,#211,.T.);
#1710=EDGE_CURVE('',#1396,#1379,#807,.F.);
#1711=EDGE_CURVE('',#1384,#1392,#808,.T.);
#1712=EDGE_CURVE('',#1391,#1385,#809,.T.);
#1713=EDGE_CURVE('',#1383,#1393,#810,.T.);
#1714=EDGE_CURVE('',#1401,#1402,#811,.T.);
#1715=EDGE_CURVE('',#1402,#1338,#812,.T.);
#1716=EDGE_CURVE('',#1403,#1337,#813,.T.);
#1717=EDGE_CURVE('',#1401,#1403,#814,.T.);
#1718=EDGE_CURVE('',#1328,#1404,#815,.T.);
#1719=EDGE_CURVE('',#1405,#1404,#212,.T.);
#1720=EDGE_CURVE('',#1406,#1405,#816,.T.);
#1721=EDGE_CURVE('',#1403,#1406,#213,.T.);
#1722=EDGE_CURVE('',#1404,#1323,#817,.T.);
#1723=EDGE_CURVE('',#1382,#1401,#818,.T.);
#1724=EDGE_CURVE('',#1406,#1321,#819,.T.);
#1725=EDGE_CURVE('',#1399,#1407,#820,.F.);
#1726=EDGE_CURVE('',#1407,#1368,#821,.T.);
#1727=EDGE_CURVE('',#1407,#1408,#822,.T.);
#1728=EDGE_CURVE('',#1408,#1369,#823,.T.);
#1729=EDGE_CURVE('',#1378,#1408,#824,.T.);
#1730=EDGE_CURVE('',#1409,#1409,#214,.T.);
#1731=EDGE_CURVE('',#1409,#1410,#825,.T.);
#1732=EDGE_CURVE('',#1410,#1410,#215,.T.);
#1733=EDGE_CURVE('',#1388,#1410,#826,.T.);
#1734=EDGE_CURVE('',#1411,#1412,#216,.T.);
#1735=EDGE_CURVE('',#1412,#1413,#827,.T.);
#1736=EDGE_CURVE('',#1413,#1414,#217,.T.);
#1737=EDGE_CURVE('',#1414,#1411,#828,.T.);
#1738=EDGE_CURVE('',#1415,#1416,#218,.T.);
#1739=EDGE_CURVE('',#1415,#1414,#183,.T.);
#1740=EDGE_CURVE('',#1413,#1416,#184,.T.);
#1741=EDGE_CURVE('',#1411,#1417,#219,.T.);
#1742=EDGE_CURVE('',#1412,#1417,#220,.T.);
#1743=EDGE_CURVE('',#1413,#1418,#829,.T.);
#1744=EDGE_CURVE('',#1418,#1419,#221,.T.);
#1745=EDGE_CURVE('',#1419,#1416,#830,.T.);
#1746=EDGE_CURVE('',#1374,#1347,#831,.T.);
#1747=EDGE_CURVE('',#1373,#1348,#832,.T.);
#1748=EDGE_CURVE('',#1375,#1363,#833,.T.);
#1749=EDGE_CURVE('',#1377,#1361,#834,.T.);
#1750=EDGE_CURVE('',#1376,#1362,#835,.T.);
#1751=EDGE_CURVE('',#1420,#1420,#222,.T.);
#1752=EDGE_CURVE('',#1420,#1389,#836,.T.);
#1753=EDGE_CURVE('',#1421,#1421,#223,.T.);
#1754=EDGE_CURVE('',#1421,#1390,#837,.T.);
#1755=EDGE_CURVE('',#1422,#1422,#224,.T.);
#1756=EDGE_CURVE('',#1422,#1423,#838,.T.);
#1757=EDGE_CURVE('',#1423,#1423,#225,.T.);
#1758=EDGE_CURVE('',#1423,#1395,#839,.T.);
#1759=EDGE_CURVE('',#1424,#1424,#226,.T.);
#1760=EDGE_CURVE('',#1424,#1422,#840,.T.);
#1761=EDGE_CURVE('',#1425,#1426,#227,.T.);
#1762=EDGE_CURVE('',#1425,#1427,#841,.T.);
#1763=EDGE_CURVE('',#1428,#1427,#228,.T.);
#1764=EDGE_CURVE('',#1426,#1428,#842,.T.);
#1765=EDGE_CURVE('',#1429,#1412,#843,.T.);
#1766=EDGE_CURVE('',#1429,#1430,#844,.T.);
#1767=EDGE_CURVE('',#1418,#1430,#845,.T.);
#1768=EDGE_CURVE('',#1417,#1431,#846,.T.);
#1769=EDGE_CURVE('',#1429,#1431,#229,.T.);
#1770=EDGE_CURVE('',#1432,#1425,#847,.T.);
#1771=EDGE_CURVE('',#1432,#1433,#848,.T.);
#1772=EDGE_CURVE('',#1427,#1433,#849,.T.);
#1773=EDGE_CURVE('',#1434,#1429,#230,.T.);
#1774=EDGE_CURVE('',#1434,#1435,#850,.T.);
#1775=EDGE_CURVE('',#1430,#1435,#231,.T.);
#1776=EDGE_CURVE('',#1436,#1432,#232,.T.);
#1777=EDGE_CURVE('',#1436,#1437,#851,.T.);
#1778=EDGE_CURVE('',#1433,#1437,#233,.T.);
#1779=EDGE_CURVE('',#1438,#1438,#234,.T.);
#1780=EDGE_CURVE('',#1438,#1439,#852,.T.);
#1781=EDGE_CURVE('',#1439,#1439,#235,.T.);
#1782=EDGE_CURVE('',#1440,#1440,#236,.T.);
#1783=EDGE_CURVE('',#1440,#1400,#853,.T.);
#1784=EDGE_CURVE('',#1439,#1440,#854,.T.);
#1785=EDGE_CURVE('',#1431,#1441,#237,.T.);
#1786=EDGE_CURVE('',#1434,#1441,#238,.T.);
#1787=EDGE_CURVE('',#1442,#1443,#239,.T.);
#1788=EDGE_CURVE('',#1442,#1444,#855,.T.);
#1789=EDGE_CURVE('',#1445,#1444,#240,.T.);
#1790=EDGE_CURVE('',#1443,#1445,#856,.T.);
#1791=EDGE_CURVE('',#1444,#1428,#857,.T.);
#1792=EDGE_CURVE('',#1426,#1442,#858,.T.);
#1793=EDGE_CURVE('',#1446,#1446,#241,.T.);
#1794=EDGE_CURVE('',#1446,#1447,#859,.T.);
#1795=EDGE_CURVE('',#1447,#1447,#242,.T.);
#1796=EDGE_CURVE('',#1448,#1448,#243,.T.);
#1797=EDGE_CURVE('',#1448,#1398,#860,.T.);
#1798=EDGE_CURVE('',#1447,#1448,#861,.T.);
#1799=EDGE_CURVE('',#1322,#1405,#862,.T.);
#1800=EDGE_CURVE('',#1449,#1449,#244,.T.);
#1801=EDGE_CURVE('',#1449,#1387,#863,.T.);
#1802=EDGE_CURVE('',#1450,#1450,#245,.T.);
#1803=EDGE_CURVE('',#1450,#1386,#864,.T.);
#1804=EDGE_CURVE('',#1380,#1341,#865,.T.);
#1805=EDGE_CURVE('',#1381,#1402,#866,.T.);
#1806=EDGE_CURVE('',#1411,#1451,#867,.T.);
#1807=EDGE_CURVE('',#1452,#1451,#246,.T.);
#1808=EDGE_CURVE('',#1452,#1417,#868,.T.);
#1809=EDGE_CURVE('',#1453,#1415,#869,.T.);
#1810=EDGE_CURVE('',#1454,#1453,#185,.T.);
#1811=EDGE_CURVE('',#1451,#1454,#870,.T.);
#1812=EDGE_CURVE('',#1455,#1456,#186,.T.);
#1813=EDGE_CURVE('',#1455,#1457,#871,.T.);
#1814=EDGE_CURVE('',#1457,#1458,#247,.T.);
#1815=EDGE_CURVE('',#1458,#1456,#872,.T.);
#1816=EDGE_CURVE('',#1452,#1459,#248,.T.);
#1817=EDGE_CURVE('',#1459,#1451,#249,.T.);
#1818=EDGE_CURVE('',#1456,#1454,#250,.T.);
#1819=EDGE_CURVE('',#1456,#1459,#873,.T.);
#1820=EDGE_CURVE('',#1455,#1453,#251,.T.);
#1821=EDGE_CURVE('',#1416,#1455,#874,.T.);
#1822=EDGE_CURVE('',#1457,#1419,#875,.T.);
#1823=EDGE_CURVE('',#1441,#1460,#876,.T.);
#1824=EDGE_CURVE('',#1461,#1452,#877,.T.);
#1825=EDGE_CURVE('',#1460,#1461,#252,.T.);
#1826=EDGE_CURVE('',#1437,#1462,#878,.T.);
#1827=EDGE_CURVE('',#1462,#1463,#253,.T.);
#1828=EDGE_CURVE('',#1463,#1445,#879,.T.);
#1829=EDGE_CURVE('',#1459,#1464,#880,.T.);
#1830=EDGE_CURVE('',#1464,#1461,#254,.T.);
#1831=EDGE_CURVE('',#1465,#1458,#881,.T.);
#1832=EDGE_CURVE('',#1464,#1465,#882,.T.);
#1833=EDGE_CURVE('',#1435,#1466,#883,.T.);
#1834=EDGE_CURVE('',#1466,#1465,#255,.T.);
#1835=EDGE_CURVE('',#1467,#1467,#256,.T.);
#1836=EDGE_CURVE('',#1468,#1460,#257,.T.);
#1837=EDGE_CURVE('',#1464,#1468,#258,.T.);
#1838=EDGE_CURVE('',#1468,#1434,#884,.T.);
#1839=EDGE_CURVE('',#1468,#1466,#885,.T.);
#1840=EDGE_CURVE('',#1469,#1469,#259,.T.);
#1841=EDGE_CURVE('',#1469,#1470,#886,.T.);
#1842=EDGE_CURVE('',#1470,#1470,#260,.T.);
#1843=EDGE_CURVE('',#1470,#1394,#887,.T.);
#1844=EDGE_CURVE('',#1467,#1469,#888,.T.);
#1845=EDGE_CURVE('',#1471,#1463,#889,.T.);
#1846=EDGE_CURVE('',#1443,#1471,#890,.T.);
#1847=EDGE_CURVE('',#1471,#1472,#261,.T.);
#1848=EDGE_CURVE('',#1472,#1462,#891,.T.);
#1849=EDGE_CURVE('',#1472,#1436,#892,.T.);
#1850=EDGE_CURVE('',#1473,#1474,#262,.T.);
#1851=EDGE_CURVE('',#1473,#1475,#893,.T.);
#1852=EDGE_CURVE('',#1475,#1476,#263,.T.);
#1853=EDGE_CURVE('',#1474,#1476,#894,.T.);
#1854=EDGE_CURVE('',#1474,#1477,#895,.T.);
#1855=EDGE_CURVE('',#1476,#1478,#896,.T.);
#1856=EDGE_CURVE('',#1477,#1478,#897,.T.);
#1857=EDGE_CURVE('',#1477,#1479,#264,.T.);
#1858=EDGE_CURVE('',#1478,#1480,#265,.T.);
#1859=EDGE_CURVE('',#1479,#1480,#898,.T.);
#1860=EDGE_CURVE('',#1479,#1473,#899,.T.);
#1861=EDGE_CURVE('',#1480,#1475,#900,.T.);
#1862=EDGE_CURVE('',#1481,#1482,#266,.T.);
#1863=EDGE_CURVE('',#1483,#1481,#901,.T.);
#1864=EDGE_CURVE('',#1484,#1483,#267,.T.);
#1865=EDGE_CURVE('',#1482,#1484,#902,.T.);
#1866=EDGE_CURVE('',#1485,#1474,#903,.T.);
#1867=EDGE_CURVE('',#1485,#1486,#268,.T.);
#1868=EDGE_CURVE('',#1486,#1473,#904,.T.);
#1869=EDGE_CURVE('',#1477,#1487,#905,.T.);
#1870=EDGE_CURVE('',#1487,#1485,#906,.T.);
#1871=EDGE_CURVE('',#1483,#1488,#907,.T.);
#1872=EDGE_CURVE('',#1489,#1488,#269,.T.);
#1873=EDGE_CURVE('',#1484,#1489,#908,.T.);
#1874=EDGE_CURVE('',#1481,#1490,#909,.T.);
#1875=EDGE_CURVE('',#1488,#1490,#910,.T.);
#1876=EDGE_CURVE('',#1486,#1491,#911,.T.);
#1877=EDGE_CURVE('',#1491,#1479,#912,.T.);
#1878=EDGE_CURVE('',#1491,#1487,#270,.T.);
#1879=EDGE_CURVE('',#1482,#1492,#913,.T.);
#1880=EDGE_CURVE('',#1490,#1492,#271,.T.);
#1881=EDGE_CURVE('',#1492,#1489,#914,.T.);
#1882=EDGE_CURVE('',#1489,#1493,#915,.T.);
#1883=EDGE_CURVE('',#1493,#1494,#916,.T.);
#1884=EDGE_CURVE('',#1494,#1492,#917,.T.);
#1885=EDGE_CURVE('',#1488,#1495,#918,.T.);
#1886=EDGE_CURVE('',#1495,#1493,#272,.T.);
#1887=EDGE_CURVE('',#1490,#1496,#919,.T.);
#1888=EDGE_CURVE('',#1496,#1495,#920,.T.);
#1889=EDGE_CURVE('',#1494,#1496,#273,.T.);
#1890=EDGE_CURVE('',#1497,#1498,#921,.T.);
#1891=EDGE_CURVE('',#1499,#1497,#274,.T.);
#1892=EDGE_CURVE('',#1500,#1499,#922,.T.);
#1893=EDGE_CURVE('',#1498,#1500,#275,.T.);
#1894=EDGE_CURVE('',#1501,#1502,#923,.T.);
#1895=EDGE_CURVE('',#1502,#1503,#924,.T.);
#1896=EDGE_CURVE('',#1503,#1504,#925,.T.);
#1897=EDGE_CURVE('',#1504,#1501,#926,.T.);
#1898=EDGE_CURVE('',#1505,#1506,#927,.T.);
#1899=EDGE_CURVE('',#1506,#1502,#276,.T.);
#1900=EDGE_CURVE('',#1501,#1505,#277,.T.);
#1901=EDGE_CURVE('',#1507,#1508,#928,.T.);
#1902=EDGE_CURVE('',#1508,#1506,#929,.T.);
#1903=EDGE_CURVE('',#1505,#1507,#930,.T.);
#1904=EDGE_CURVE('',#1503,#1508,#278,.T.);
#1905=EDGE_CURVE('',#1507,#1504,#279,.T.);
#1906=EDGE_CURVE('',#1499,#1501,#931,.T.);
#1907=EDGE_CURVE('',#1497,#1505,#932,.T.);
#1908=EDGE_CURVE('',#1500,#1504,#933,.T.);
#1909=EDGE_CURVE('',#1498,#1507,#934,.T.);
#1910=EDGE_CURVE('',#1509,#1510,#280,.T.);
#1911=EDGE_CURVE('',#1511,#1509,#935,.T.);
#1912=EDGE_CURVE('',#1512,#1511,#281,.T.);
#1913=EDGE_CURVE('',#1510,#1512,#936,.T.);
#1914=EDGE_CURVE('',#1513,#1514,#937,.T.);
#1915=EDGE_CURVE('',#1515,#1513,#282,.T.);
#1916=EDGE_CURVE('',#1516,#1515,#938,.T.);
#1917=EDGE_CURVE('',#1514,#1516,#283,.T.);
#1918=EDGE_CURVE('',#1517,#1516,#939,.T.);
#1919=EDGE_CURVE('',#1518,#1517,#284,.T.);
#1920=EDGE_CURVE('',#1518,#1514,#940,.T.);
#1921=EDGE_CURVE('',#1519,#1515,#941,.T.);
#1922=EDGE_CURVE('',#1517,#1519,#942,.T.);
#1923=EDGE_CURVE('',#1520,#1512,#943,.T.);
#1924=EDGE_CURVE('',#1521,#1520,#944,.F.);
#1925=EDGE_CURVE('',#1521,#1510,#945,.T.);
#1926=EDGE_CURVE('',#1522,#1511,#946,.T.);
#1927=EDGE_CURVE('',#1520,#1522,#285,.F.);
#1928=EDGE_CURVE('',#1523,#1513,#947,.T.);
#1929=EDGE_CURVE('',#1519,#1523,#286,.T.);
#1930=EDGE_CURVE('',#1523,#1518,#948,.T.);
#1931=EDGE_CURVE('',#1524,#1509,#949,.T.);
#1932=EDGE_CURVE('',#1522,#1524,#950,.F.);
#1933=EDGE_CURVE('',#1524,#1521,#287,.F.);
#1934=EDGE_CURVE('',#1519,#1525,#951,.T.);
#1935=EDGE_CURVE('',#1525,#1526,#952,.T.);
#1936=EDGE_CURVE('',#1526,#1517,#953,.T.);
#1937=EDGE_CURVE('',#1523,#1527,#954,.T.);
#1938=EDGE_CURVE('',#1527,#1525,#288,.T.);
#1939=EDGE_CURVE('',#1518,#1528,#955,.T.);
#1940=EDGE_CURVE('',#1528,#1527,#956,.T.);
#1941=EDGE_CURVE('',#1526,#1528,#289,.T.);
#1942=EDGE_CURVE('',#1529,#1530,#31,.T.);
#1943=EDGE_CURVE('',#1530,#1529,#32,.T.);
#1944=EDGE_CURVE('',#1530,#1531,#957,.T.);
#1945=EDGE_CURVE('',#1531,#1531,#290,.T.);
#1946=EDGE_CURVE('',#1532,#1533,#33,.T.);
#1947=EDGE_CURVE('',#1533,#1532,#34,.T.);
#1948=EDGE_CURVE('',#1533,#1534,#958,.T.);
#1949=EDGE_CURVE('',#1534,#1534,#291,.T.);
#1950=EDGE_CURVE('',#1535,#1536,#35,.T.);
#1951=EDGE_CURVE('',#1536,#1535,#36,.T.);
#1952=EDGE_CURVE('',#1536,#1537,#959,.T.);
#1953=EDGE_CURVE('',#1537,#1537,#292,.T.);
#1954=EDGE_CURVE('',#1538,#1539,#37,.T.);
#1955=EDGE_CURVE('',#1539,#1538,#38,.T.);
#1956=EDGE_CURVE('',#1539,#1540,#960,.T.);
#1957=EDGE_CURVE('',#1540,#1540,#293,.T.);
#1958=EDGE_CURVE('',#1541,#1542,#39,.T.);
#1959=EDGE_CURVE('',#1542,#1541,#40,.T.);
#1960=EDGE_CURVE('',#1542,#1543,#961,.T.);
#1961=EDGE_CURVE('',#1543,#1543,#294,.T.);
#1962=EDGE_CURVE('',#1544,#1545,#41,.T.);
#1963=EDGE_CURVE('',#1545,#1544,#42,.T.);
#1964=EDGE_CURVE('',#1545,#1546,#962,.T.);
#1965=EDGE_CURVE('',#1546,#1546,#295,.T.);
#1966=EDGE_CURVE('',#1547,#1548,#43,.T.);
#1967=EDGE_CURVE('',#1548,#1547,#44,.T.);
#1968=EDGE_CURVE('',#1548,#1549,#963,.T.);
#1969=EDGE_CURVE('',#1549,#1549,#296,.T.);
#1970=EDGE_CURVE('',#1550,#1550,#297,.T.);
#1971=EDGE_CURVE('',#1550,#1551,#964,.T.);
#1972=EDGE_CURVE('',#1551,#1551,#298,.T.);
#1973=EDGE_CURVE('',#1552,#1552,#299,.T.);
#1974=EDGE_CURVE('',#1553,#1553,#300,.T.);
#1975=EDGE_CURVE('',#1553,#1554,#965,.T.);
#1976=EDGE_CURVE('',#1554,#1554,#301,.T.);
#1977=EDGE_CURVE('',#1555,#1555,#302,.T.);
#1978=EDGE_CURVE('',#1556,#1557,#303,.T.);
#1979=EDGE_CURVE('',#1558,#1556,#966,.T.);
#1980=EDGE_CURVE('',#1559,#1558,#304,.T.);
#1981=EDGE_CURVE('',#1557,#1559,#967,.T.);
#1982=EDGE_CURVE('',#1560,#1561,#968,.T.);
#1983=EDGE_CURVE('',#1560,#1562,#969,.T.);
#1984=EDGE_CURVE('',#1563,#1562,#970,.T.);
#1985=EDGE_CURVE('',#1561,#1563,#971,.T.);
#1986=EDGE_CURVE('',#1564,#1560,#972,.T.);
#1987=EDGE_CURVE('',#1564,#1565,#973,.T.);
#1988=EDGE_CURVE('',#1562,#1565,#974,.T.);
#1989=EDGE_CURVE('',#1566,#1564,#975,.T.);
#1990=EDGE_CURVE('',#1567,#1566,#976,.F.);
#1991=EDGE_CURVE('',#1565,#1567,#977,.T.);
#1992=EDGE_CURVE('',#1568,#1569,#978,.T.);
#1993=EDGE_CURVE('',#1568,#1570,#979,.T.);
#1994=EDGE_CURVE('',#1571,#1570,#980,.T.);
#1995=EDGE_CURVE('',#1569,#1571,#981,.F.);
#1996=EDGE_CURVE('',#1572,#1568,#982,.T.);
#1997=EDGE_CURVE('',#1572,#1573,#983,.T.);
#1998=EDGE_CURVE('',#1570,#1573,#984,.T.);
#1999=EDGE_CURVE('',#1574,#1572,#985,.T.);
#2000=EDGE_CURVE('',#1575,#1574,#986,.T.);
#2001=EDGE_CURVE('',#1573,#1575,#987,.T.);
#2002=EDGE_CURVE('',#1556,#1576,#988,.T.);
#2003=EDGE_CURVE('',#1576,#1577,#989,.F.);
#2004=EDGE_CURVE('',#1577,#1558,#990,.T.);
#2005=EDGE_CURVE('',#1566,#1578,#991,.T.);
#2006=EDGE_CURVE('',#1579,#1578,#992,.F.);
#2007=EDGE_CURVE('',#1567,#1579,#993,.F.);
#2008=EDGE_CURVE('',#1571,#1577,#994,.T.);
#2009=EDGE_CURVE('',#1580,#1575,#995,.T.);
#2010=EDGE_CURVE('',#1580,#1581,#996,.T.);
#2011=EDGE_CURVE('',#1581,#1563,#997,.T.);
#2012=EDGE_CURVE('',#1559,#1579,#998,.T.);
#2013=EDGE_CURVE('',#1569,#1576,#999,.F.);
#2014=EDGE_CURVE('',#1555,#1582,#1000,.T.);
#2015=EDGE_CURVE('',#1582,#1582,#305,.F.);
#2016=EDGE_CURVE('',#1552,#1583,#1001,.T.);
#2017=EDGE_CURVE('',#1583,#1583,#306,.F.);
#2018=EDGE_CURVE('',#1581,#1584,#1002,.T.);
#2019=EDGE_CURVE('',#1584,#1561,#1003,.T.);
#2020=EDGE_CURVE('',#1585,#1574,#1004,.T.);
#2021=EDGE_CURVE('',#1585,#1580,#1005,.T.);
#2022=EDGE_CURVE('',#1578,#1557,#1006,.T.);
#2023=EDGE_CURVE('',#1584,#1585,#1007,.T.);
#2024=ORIENTED_EDGE('',*,*,#1586,.F.);
#2025=ORIENTED_EDGE('',*,*,#1587,.T.);
#2026=ORIENTED_EDGE('',*,*,#1588,.F.);
#2027=ORIENTED_EDGE('',*,*,#1589,.T.);
#2028=ORIENTED_EDGE('',*,*,#1590,.T.);
#2029=ORIENTED_EDGE('',*,*,#1591,.F.);
#2030=ORIENTED_EDGE('',*,*,#1592,.F.);
#2031=ORIENTED_EDGE('',*,*,#1593,.F.);
#2032=ORIENTED_EDGE('',*,*,#1594,.T.);
#2033=ORIENTED_EDGE('',*,*,#1595,.F.);
#2034=ORIENTED_EDGE('',*,*,#1596,.T.);
#2035=ORIENTED_EDGE('',*,*,#1597,.F.);
#2036=ORIENTED_EDGE('',*,*,#1598,.F.);
#2037=ORIENTED_EDGE('',*,*,#1599,.T.);
#2038=ORIENTED_EDGE('',*,*,#1600,.T.);
#2039=ORIENTED_EDGE('',*,*,#1601,.F.);
#2040=ORIENTED_EDGE('',*,*,#1596,.F.);
#2041=ORIENTED_EDGE('',*,*,#1590,.F.);
#2042=ORIENTED_EDGE('',*,*,#1601,.T.);
#2043=ORIENTED_EDGE('',*,*,#1602,.T.);
#2044=ORIENTED_EDGE('',*,*,#1603,.F.);
#2045=ORIENTED_EDGE('',*,*,#1604,.T.);
#2046=ORIENTED_EDGE('',*,*,#1605,.F.);
#2047=ORIENTED_EDGE('',*,*,#1606,.F.);
#2048=ORIENTED_EDGE('',*,*,#1607,.F.);
#2049=ORIENTED_EDGE('',*,*,#1608,.F.);
#2050=ORIENTED_EDGE('',*,*,#1609,.F.);
#2051=ORIENTED_EDGE('',*,*,#1610,.F.);
#2052=ORIENTED_EDGE('',*,*,#1591,.T.);
#2053=ORIENTED_EDGE('',*,*,#1607,.T.);
#2054=ORIENTED_EDGE('',*,*,#1611,.T.);
#2055=ORIENTED_EDGE('',*,*,#1612,.F.);
#2056=ORIENTED_EDGE('',*,*,#1613,.T.);
#2057=ORIENTED_EDGE('',*,*,#1610,.T.);
#2058=ORIENTED_EDGE('',*,*,#1614,.T.);
#2059=ORIENTED_EDGE('',*,*,#1615,.F.);
#2060=ORIENTED_EDGE('',*,*,#1616,.F.);
#2061=ORIENTED_EDGE('',*,*,#1617,.T.);
#2062=ORIENTED_EDGE('',*,*,#1618,.F.);
#2063=ORIENTED_EDGE('',*,*,#1619,.T.);
#2064=ORIENTED_EDGE('',*,*,#1592,.T.);
#2065=ORIENTED_EDGE('',*,*,#1620,.T.);
#2066=ORIENTED_EDGE('',*,*,#1621,.F.);
#2067=ORIENTED_EDGE('',*,*,#1613,.F.);
#2068=ORIENTED_EDGE('',*,*,#1622,.F.);
#2069=ORIENTED_EDGE('',*,*,#1623,.F.);
#2070=ORIENTED_EDGE('',*,*,#1624,.F.);
#2071=ORIENTED_EDGE('',*,*,#1625,.T.);
#2072=ORIENTED_EDGE('',*,*,#1609,.T.);
#2073=ORIENTED_EDGE('',*,*,#1626,.F.);
#2074=ORIENTED_EDGE('',*,*,#1627,.F.);
#2075=ORIENTED_EDGE('',*,*,#1614,.F.);
#2076=ORIENTED_EDGE('',*,*,#1624,.T.);
#2077=ORIENTED_EDGE('',*,*,#1628,.T.);
#2078=ORIENTED_EDGE('',*,*,#1629,.T.);
#2079=ORIENTED_EDGE('',*,*,#1595,.T.);
#2080=ORIENTED_EDGE('',*,*,#1630,.T.);
#2081=ORIENTED_EDGE('',*,*,#1597,.T.);
#2082=ORIENTED_EDGE('',*,*,#1631,.F.);
#2083=ORIENTED_EDGE('',*,*,#1632,.F.);
#2084=ORIENTED_EDGE('',*,*,#1633,.T.);
#2085=ORIENTED_EDGE('',*,*,#1634,.F.);
#2086=ORIENTED_EDGE('',*,*,#1633,.F.);
#2087=ORIENTED_EDGE('',*,*,#1635,.F.);
#2088=ORIENTED_EDGE('',*,*,#1636,.F.);
#2089=ORIENTED_EDGE('',*,*,#1637,.F.);
#2090=ORIENTED_EDGE('',*,*,#1638,.F.);
#2091=ORIENTED_EDGE('',*,*,#1639,.F.);
#2092=ORIENTED_EDGE('',*,*,#1600,.F.);
#2093=ORIENTED_EDGE('',*,*,#1640,.T.);
#2094=ORIENTED_EDGE('',*,*,#1641,.F.);
#2095=ORIENTED_EDGE('',*,*,#1602,.F.);
#2096=ORIENTED_EDGE('',*,*,#1642,.F.);
#2097=ORIENTED_EDGE('',*,*,#1643,.F.);
#2098=ORIENTED_EDGE('',*,*,#1644,.T.);
#2099=ORIENTED_EDGE('',*,*,#1645,.T.);
#2100=ORIENTED_EDGE('',*,*,#1642,.T.);
#2101=ORIENTED_EDGE('',*,*,#1645,.F.);
#2102=ORIENTED_EDGE('',*,*,#1639,.T.);
#2103=ORIENTED_EDGE('',*,*,#1646,.T.);
#2104=ORIENTED_EDGE('',*,*,#1643,.T.);
#2105=ORIENTED_EDGE('',*,*,#1646,.F.);
#2106=ORIENTED_EDGE('',*,*,#1632,.T.);
#2107=ORIENTED_EDGE('',*,*,#1647,.T.);
#2108=ORIENTED_EDGE('',*,*,#1616,.T.);
#2109=ORIENTED_EDGE('',*,*,#1648,.F.);
#2110=ORIENTED_EDGE('',*,*,#1649,.T.);
#2111=ORIENTED_EDGE('',*,*,#1650,.F.);
#2112=ORIENTED_EDGE('',*,*,#1651,.T.);
#2113=ORIENTED_EDGE('',*,*,#1652,.T.);
#2114=ORIENTED_EDGE('',*,*,#1653,.T.);
#2115=ORIENTED_EDGE('',*,*,#1654,.F.);
#2116=ORIENTED_EDGE('',*,*,#1655,.T.);
#2117=ORIENTED_EDGE('',*,*,#1635,.T.);
#2118=ORIENTED_EDGE('',*,*,#1652,.F.);
#2119=ORIENTED_EDGE('',*,*,#1656,.F.);
#2120=ORIENTED_EDGE('',*,*,#1657,.F.);
#2121=ORIENTED_EDGE('',*,*,#1658,.F.);
#2122=ORIENTED_EDGE('',*,*,#1659,.F.);
#2123=ORIENTED_EDGE('',*,*,#1644,.F.);
#2124=ORIENTED_EDGE('',*,*,#1660,.F.);
#2125=ORIENTED_EDGE('',*,*,#1661,.T.);
#2126=ORIENTED_EDGE('',*,*,#1662,.F.);
#2127=ORIENTED_EDGE('',*,*,#1661,.F.);
#2128=ORIENTED_EDGE('',*,*,#1663,.F.);
#2129=ORIENTED_EDGE('',*,*,#1664,.F.);
#2130=ORIENTED_EDGE('',*,*,#1665,.T.);
#2131=ORIENTED_EDGE('',*,*,#1666,.T.);
#2132=ORIENTED_EDGE('',*,*,#1667,.F.);
#2133=ORIENTED_EDGE('',*,*,#1668,.F.);
#2134=ORIENTED_EDGE('',*,*,#1669,.T.);
#2135=ORIENTED_EDGE('',*,*,#1670,.F.);
#2136=ORIENTED_EDGE('',*,*,#1669,.F.);
#2137=ORIENTED_EDGE('',*,*,#1631,.T.);
#2138=ORIENTED_EDGE('',*,*,#1671,.T.);
#2139=ORIENTED_EDGE('',*,*,#1672,.T.);
#2140=ORIENTED_EDGE('',*,*,#1673,.T.);
#2141=ORIENTED_EDGE('',*,*,#1654,.T.);
#2142=ORIENTED_EDGE('',*,*,#1674,.T.);
#2143=ORIENTED_EDGE('',*,*,#1675,.T.);
#2144=ORIENTED_EDGE('',*,*,#1676,.T.);
#2145=ORIENTED_EDGE('',*,*,#1677,.T.);
#2146=ORIENTED_EDGE('',*,*,#1650,.T.);
#2147=ORIENTED_EDGE('',*,*,#1678,.F.);
#2148=ORIENTED_EDGE('',*,*,#1667,.T.);
#2149=ORIENTED_EDGE('',*,*,#1679,.T.);
#2150=ORIENTED_EDGE('',*,*,#1680,.F.);
#2151=ORIENTED_EDGE('',*,*,#1681,.T.);
#2152=ORIENTED_EDGE('',*,*,#1587,.F.);
#2153=ORIENTED_EDGE('',*,*,#1682,.F.);
#2154=ORIENTED_EDGE('',*,*,#1683,.F.);
#2155=ORIENTED_EDGE('',*,*,#1684,.F.);
#2156=ORIENTED_EDGE('',*,*,#1685,.T.);
#2157=ORIENTED_EDGE('',*,*,#1640,.F.);
#2158=ORIENTED_EDGE('',*,*,#1599,.F.);
#2159=ORIENTED_EDGE('',*,*,#1686,.F.);
#2160=ORIENTED_EDGE('',*,*,#1687,.F.);
#2161=ORIENTED_EDGE('',*,*,#1688,.T.);
#2162=ORIENTED_EDGE('',*,*,#1689,.T.);
#2163=ORIENTED_EDGE('',*,*,#1617,.F.);
#2164=ORIENTED_EDGE('',*,*,#1647,.F.);
#2165=ORIENTED_EDGE('',*,*,#1660,.T.);
#2166=ORIENTED_EDGE('',*,*,#1668,.T.);
#2167=ORIENTED_EDGE('',*,*,#1690,.T.);
#2168=ORIENTED_EDGE('',*,*,#1691,.T.);
#2169=ORIENTED_EDGE('',*,*,#1692,.T.);
#2170=ORIENTED_EDGE('',*,*,#1693,.T.);
#2171=ORIENTED_EDGE('',*,*,#1694,.T.);
#2172=ORIENTED_EDGE('',*,*,#1619,.F.);
#2173=ORIENTED_EDGE('',*,*,#1695,.T.);
#2174=ORIENTED_EDGE('',*,*,#1696,.T.);
#2175=ORIENTED_EDGE('',*,*,#1697,.T.);
#2176=ORIENTED_EDGE('',*,*,#1698,.T.);
#2177=ORIENTED_EDGE('',*,*,#1593,.T.);
#2178=ORIENTED_EDGE('',*,*,#1699,.T.);
#2179=ORIENTED_EDGE('',*,*,#1670,.T.);
#2180=ORIENTED_EDGE('',*,*,#1700,.T.);
#2181=ORIENTED_EDGE('',*,*,#1701,.T.);
#2182=ORIENTED_EDGE('',*,*,#1702,.T.);
#2183=ORIENTED_EDGE('',*,*,#1703,.F.);
#2184=ORIENTED_EDGE('',*,*,#1620,.F.);
#2185=ORIENTED_EDGE('',*,*,#1704,.T.);
#2186=ORIENTED_EDGE('',*,*,#1589,.F.);
#2187=ORIENTED_EDGE('',*,*,#1705,.T.);
#2188=ORIENTED_EDGE('',*,*,#1608,.T.);
#2189=ORIENTED_EDGE('',*,*,#1621,.T.);
#2190=ORIENTED_EDGE('',*,*,#1703,.T.);
#2191=ORIENTED_EDGE('',*,*,#1706,.T.);
#2192=ORIENTED_EDGE('',*,*,#1707,.F.);
#2193=ORIENTED_EDGE('',*,*,#1663,.T.);
#2194=ORIENTED_EDGE('',*,*,#1678,.T.);
#2195=ORIENTED_EDGE('',*,*,#1649,.F.);
#2196=ORIENTED_EDGE('',*,*,#1708,.F.);
#2197=ORIENTED_EDGE('',*,*,#1626,.T.);
#2198=ORIENTED_EDGE('',*,*,#1662,.T.);
#2199=ORIENTED_EDGE('',*,*,#1709,.T.);
#2200=ORIENTED_EDGE('',*,*,#1588,.T.);
#2201=ORIENTED_EDGE('',*,*,#1681,.F.);
#2202=ORIENTED_EDGE('',*,*,#1710,.F.);
#2203=ORIENTED_EDGE('',*,*,#1701,.F.);
#2204=ORIENTED_EDGE('',*,*,#1711,.T.);
#2205=ORIENTED_EDGE('',*,*,#1696,.F.);
#2206=ORIENTED_EDGE('',*,*,#1712,.T.);
#2207=ORIENTED_EDGE('',*,*,#1688,.F.);
#2208=ORIENTED_EDGE('',*,*,#1713,.T.);
#2209=ORIENTED_EDGE('',*,*,#1697,.F.);
#2210=ORIENTED_EDGE('',*,*,#1711,.F.);
#2211=ORIENTED_EDGE('',*,*,#1687,.T.);
#2212=ORIENTED_EDGE('',*,*,#1714,.T.);
#2213=ORIENTED_EDGE('',*,*,#1715,.T.);
#2214=ORIENTED_EDGE('',*,*,#1623,.T.);
#2215=ORIENTED_EDGE('',*,*,#1716,.F.);
#2216=ORIENTED_EDGE('',*,*,#1717,.F.);
#2217=ORIENTED_EDGE('',*,*,#1622,.T.);
#2218=ORIENTED_EDGE('',*,*,#1612,.T.);
#2219=ORIENTED_EDGE('',*,*,#1718,.T.);
#2220=ORIENTED_EDGE('',*,*,#1719,.F.);
#2221=ORIENTED_EDGE('',*,*,#1720,.F.);
#2222=ORIENTED_EDGE('',*,*,#1721,.F.);
#2223=ORIENTED_EDGE('',*,*,#1716,.T.);
#2224=ORIENTED_EDGE('',*,*,#1606,.T.);
#2225=ORIENTED_EDGE('',*,*,#1722,.F.);
#2226=ORIENTED_EDGE('',*,*,#1718,.F.);
#2227=ORIENTED_EDGE('',*,*,#1611,.F.);
#2228=ORIENTED_EDGE('',*,*,#1603,.T.);
#2229=ORIENTED_EDGE('',*,*,#1641,.T.);
#2230=ORIENTED_EDGE('',*,*,#1685,.F.);
#2231=ORIENTED_EDGE('',*,*,#1723,.T.);
#2232=ORIENTED_EDGE('',*,*,#1717,.T.);
#2233=ORIENTED_EDGE('',*,*,#1721,.T.);
#2234=ORIENTED_EDGE('',*,*,#1724,.T.);
#2235=ORIENTED_EDGE('',*,*,#1725,.T.);
#2236=ORIENTED_EDGE('',*,*,#1726,.T.);
#2237=ORIENTED_EDGE('',*,*,#1664,.T.);
#2238=ORIENTED_EDGE('',*,*,#1707,.T.);
#2239=ORIENTED_EDGE('',*,*,#1726,.F.);
#2240=ORIENTED_EDGE('',*,*,#1727,.T.);
#2241=ORIENTED_EDGE('',*,*,#1728,.T.);
#2242=ORIENTED_EDGE('',*,*,#1665,.F.);
#2243=ORIENTED_EDGE('',*,*,#1710,.T.);
#2244=ORIENTED_EDGE('',*,*,#1680,.T.);
#2245=ORIENTED_EDGE('',*,*,#1729,.T.);
#2246=ORIENTED_EDGE('',*,*,#1727,.F.);
#2247=ORIENTED_EDGE('',*,*,#1725,.F.);
#2248=ORIENTED_EDGE('',*,*,#1706,.F.);
#2249=ORIENTED_EDGE('',*,*,#1702,.F.);
#2250=ORIENTED_EDGE('',*,*,#1730,.T.);
#2251=ORIENTED_EDGE('',*,*,#1731,.T.);
#2252=ORIENTED_EDGE('',*,*,#1732,.T.);
#2253=ORIENTED_EDGE('',*,*,#1731,.F.);
#2254=ORIENTED_EDGE('',*,*,#1692,.F.);
#2255=ORIENTED_EDGE('',*,*,#1733,.T.);
#2256=ORIENTED_EDGE('',*,*,#1732,.F.);
#2257=ORIENTED_EDGE('',*,*,#1733,.F.);
#2258=ORIENTED_EDGE('',*,*,#1734,.T.);
#2259=ORIENTED_EDGE('',*,*,#1735,.T.);
#2260=ORIENTED_EDGE('',*,*,#1736,.T.);
#2261=ORIENTED_EDGE('',*,*,#1737,.T.);
#2262=ORIENTED_EDGE('',*,*,#1738,.F.);
#2263=ORIENTED_EDGE('',*,*,#1739,.T.);
#2264=ORIENTED_EDGE('',*,*,#1736,.F.);
#2265=ORIENTED_EDGE('',*,*,#1740,.T.);
#2266=ORIENTED_EDGE('',*,*,#1734,.F.);
#2267=ORIENTED_EDGE('',*,*,#1741,.T.);
#2268=ORIENTED_EDGE('',*,*,#1742,.F.);
#2269=ORIENTED_EDGE('',*,*,#1740,.F.);
#2270=ORIENTED_EDGE('',*,*,#1743,.T.);
#2271=ORIENTED_EDGE('',*,*,#1744,.T.);
#2272=ORIENTED_EDGE('',*,*,#1745,.T.);
#2273=ORIENTED_EDGE('',*,*,#1655,.F.);
#2274=ORIENTED_EDGE('',*,*,#1673,.F.);
#2275=ORIENTED_EDGE('',*,*,#1746,.T.);
#2276=ORIENTED_EDGE('',*,*,#1636,.T.);
#2277=ORIENTED_EDGE('',*,*,#1672,.F.);
#2278=ORIENTED_EDGE('',*,*,#1747,.T.);
#2279=ORIENTED_EDGE('',*,*,#1637,.T.);
#2280=ORIENTED_EDGE('',*,*,#1746,.F.);
#2281=ORIENTED_EDGE('',*,*,#1671,.F.);
#2282=ORIENTED_EDGE('',*,*,#1634,.T.);
#2283=ORIENTED_EDGE('',*,*,#1638,.T.);
#2284=ORIENTED_EDGE('',*,*,#1747,.F.);
#2285=ORIENTED_EDGE('',*,*,#1653,.F.);
#2286=ORIENTED_EDGE('',*,*,#1659,.T.);
#2287=ORIENTED_EDGE('',*,*,#1748,.F.);
#2288=ORIENTED_EDGE('',*,*,#1674,.F.);
#2289=ORIENTED_EDGE('',*,*,#1651,.F.);
#2290=ORIENTED_EDGE('',*,*,#1677,.F.);
#2291=ORIENTED_EDGE('',*,*,#1749,.T.);
#2292=ORIENTED_EDGE('',*,*,#1656,.T.);
#2293=ORIENTED_EDGE('',*,*,#1676,.F.);
#2294=ORIENTED_EDGE('',*,*,#1750,.T.);
#2295=ORIENTED_EDGE('',*,*,#1657,.T.);
#2296=ORIENTED_EDGE('',*,*,#1749,.F.);
#2297=ORIENTED_EDGE('',*,*,#1675,.F.);
#2298=ORIENTED_EDGE('',*,*,#1748,.T.);
#2299=ORIENTED_EDGE('',*,*,#1658,.T.);
#2300=ORIENTED_EDGE('',*,*,#1750,.F.);
#2301=ORIENTED_EDGE('',*,*,#1751,.F.);
#2302=ORIENTED_EDGE('',*,*,#1752,.T.);
#2303=ORIENTED_EDGE('',*,*,#1693,.F.);
#2304=ORIENTED_EDGE('',*,*,#1752,.F.);
#2305=ORIENTED_EDGE('',*,*,#1753,.F.);
#2306=ORIENTED_EDGE('',*,*,#1754,.T.);
#2307=ORIENTED_EDGE('',*,*,#1694,.F.);
#2308=ORIENTED_EDGE('',*,*,#1754,.F.);
#2309=ORIENTED_EDGE('',*,*,#1755,.F.);
#2310=ORIENTED_EDGE('',*,*,#1756,.T.);
#2311=ORIENTED_EDGE('',*,*,#1757,.T.);
#2312=ORIENTED_EDGE('',*,*,#1756,.F.);
#2313=ORIENTED_EDGE('',*,*,#1757,.F.);
#2314=ORIENTED_EDGE('',*,*,#1758,.T.);
#2315=ORIENTED_EDGE('',*,*,#1700,.F.);
#2316=ORIENTED_EDGE('',*,*,#1758,.F.);
#2317=ORIENTED_EDGE('',*,*,#1759,.F.);
#2318=ORIENTED_EDGE('',*,*,#1760,.T.);
#2319=ORIENTED_EDGE('',*,*,#1755,.T.);
#2320=ORIENTED_EDGE('',*,*,#1760,.F.);
#2321=ORIENTED_EDGE('',*,*,#1761,.F.);
#2322=ORIENTED_EDGE('',*,*,#1762,.T.);
#2323=ORIENTED_EDGE('',*,*,#1763,.F.);
#2324=ORIENTED_EDGE('',*,*,#1764,.F.);
#2325=ORIENTED_EDGE('',*,*,#1765,.F.);
#2326=ORIENTED_EDGE('',*,*,#1766,.T.);
#2327=ORIENTED_EDGE('',*,*,#1767,.F.);
#2328=ORIENTED_EDGE('',*,*,#1743,.F.);
#2329=ORIENTED_EDGE('',*,*,#1735,.F.);
#2330=ORIENTED_EDGE('',*,*,#1768,.T.);
#2331=ORIENTED_EDGE('',*,*,#1769,.F.);
#2332=ORIENTED_EDGE('',*,*,#1765,.T.);
#2333=ORIENTED_EDGE('',*,*,#1742,.T.);
#2334=ORIENTED_EDGE('',*,*,#1770,.F.);
#2335=ORIENTED_EDGE('',*,*,#1771,.T.);
#2336=ORIENTED_EDGE('',*,*,#1772,.F.);
#2337=ORIENTED_EDGE('',*,*,#1762,.F.);
#2338=ORIENTED_EDGE('',*,*,#1773,.F.);
#2339=ORIENTED_EDGE('',*,*,#1774,.T.);
#2340=ORIENTED_EDGE('',*,*,#1775,.F.);
#2341=ORIENTED_EDGE('',*,*,#1766,.F.);
#2342=ORIENTED_EDGE('',*,*,#1776,.F.);
#2343=ORIENTED_EDGE('',*,*,#1777,.T.);
#2344=ORIENTED_EDGE('',*,*,#1778,.F.);
#2345=ORIENTED_EDGE('',*,*,#1771,.F.);
#2346=ORIENTED_EDGE('',*,*,#1779,.F.);
#2347=ORIENTED_EDGE('',*,*,#1780,.T.);
#2348=ORIENTED_EDGE('',*,*,#1781,.T.);
#2349=ORIENTED_EDGE('',*,*,#1780,.F.);
#2350=ORIENTED_EDGE('',*,*,#1782,.F.);
#2351=ORIENTED_EDGE('',*,*,#1783,.T.);
#2352=ORIENTED_EDGE('',*,*,#1709,.F.);
#2353=ORIENTED_EDGE('',*,*,#1783,.F.);
#2354=ORIENTED_EDGE('',*,*,#1781,.F.);
#2355=ORIENTED_EDGE('',*,*,#1784,.T.);
#2356=ORIENTED_EDGE('',*,*,#1782,.T.);
#2357=ORIENTED_EDGE('',*,*,#1784,.F.);
#2358=ORIENTED_EDGE('',*,*,#1769,.T.);
#2359=ORIENTED_EDGE('',*,*,#1785,.T.);
#2360=ORIENTED_EDGE('',*,*,#1786,.F.);
#2361=ORIENTED_EDGE('',*,*,#1773,.T.);
#2362=ORIENTED_EDGE('',*,*,#1787,.F.);
#2363=ORIENTED_EDGE('',*,*,#1788,.T.);
#2364=ORIENTED_EDGE('',*,*,#1789,.F.);
#2365=ORIENTED_EDGE('',*,*,#1790,.F.);
#2366=ORIENTED_EDGE('',*,*,#1791,.F.);
#2367=ORIENTED_EDGE('',*,*,#1788,.F.);
#2368=ORIENTED_EDGE('',*,*,#1792,.F.);
#2369=ORIENTED_EDGE('',*,*,#1764,.T.);
#2370=ORIENTED_EDGE('',*,*,#1793,.F.);
#2371=ORIENTED_EDGE('',*,*,#1794,.T.);
#2372=ORIENTED_EDGE('',*,*,#1795,.T.);
#2373=ORIENTED_EDGE('',*,*,#1794,.F.);
#2374=ORIENTED_EDGE('',*,*,#1796,.F.);
#2375=ORIENTED_EDGE('',*,*,#1797,.T.);
#2376=ORIENTED_EDGE('',*,*,#1705,.F.);
#2377=ORIENTED_EDGE('',*,*,#1797,.F.);
#2378=ORIENTED_EDGE('',*,*,#1795,.F.);
#2379=ORIENTED_EDGE('',*,*,#1798,.T.);
#2380=ORIENTED_EDGE('',*,*,#1796,.T.);
#2381=ORIENTED_EDGE('',*,*,#1798,.F.);
#2382=ORIENTED_EDGE('',*,*,#1799,.F.);
#2383=ORIENTED_EDGE('',*,*,#1604,.F.);
#2384=ORIENTED_EDGE('',*,*,#1724,.F.);
#2385=ORIENTED_EDGE('',*,*,#1720,.T.);
#2386=ORIENTED_EDGE('',*,*,#1800,.F.);
#2387=ORIENTED_EDGE('',*,*,#1801,.T.);
#2388=ORIENTED_EDGE('',*,*,#1691,.F.);
#2389=ORIENTED_EDGE('',*,*,#1801,.F.);
#2390=ORIENTED_EDGE('',*,*,#1802,.F.);
#2391=ORIENTED_EDGE('',*,*,#1803,.T.);
#2392=ORIENTED_EDGE('',*,*,#1690,.F.);
#2393=ORIENTED_EDGE('',*,*,#1803,.F.);
#2394=ORIENTED_EDGE('',*,*,#1683,.T.);
#2395=ORIENTED_EDGE('',*,*,#1804,.T.);
#2396=ORIENTED_EDGE('',*,*,#1628,.F.);
#2397=ORIENTED_EDGE('',*,*,#1715,.F.);
#2398=ORIENTED_EDGE('',*,*,#1805,.F.);
#2399=ORIENTED_EDGE('',*,*,#1682,.T.);
#2400=ORIENTED_EDGE('',*,*,#1586,.T.);
#2401=ORIENTED_EDGE('',*,*,#1704,.F.);
#2402=ORIENTED_EDGE('',*,*,#1625,.F.);
#2403=ORIENTED_EDGE('',*,*,#1629,.F.);
#2404=ORIENTED_EDGE('',*,*,#1804,.F.);
#2405=ORIENTED_EDGE('',*,*,#1723,.F.);
#2406=ORIENTED_EDGE('',*,*,#1684,.T.);
#2407=ORIENTED_EDGE('',*,*,#1805,.T.);
#2408=ORIENTED_EDGE('',*,*,#1714,.F.);
#2409=ORIENTED_EDGE('',*,*,#1686,.T.);
#2410=ORIENTED_EDGE('',*,*,#1598,.T.);
#2411=ORIENTED_EDGE('',*,*,#1630,.F.);
#2412=ORIENTED_EDGE('',*,*,#1594,.F.);
#2413=ORIENTED_EDGE('',*,*,#1698,.F.);
#2414=ORIENTED_EDGE('',*,*,#1713,.F.);
#2415=ORIENTED_EDGE('',*,*,#1806,.T.);
#2416=ORIENTED_EDGE('',*,*,#1807,.F.);
#2417=ORIENTED_EDGE('',*,*,#1808,.T.);
#2418=ORIENTED_EDGE('',*,*,#1741,.F.);
#2419=ORIENTED_EDGE('',*,*,#1809,.F.);
#2420=ORIENTED_EDGE('',*,*,#1810,.F.);
#2421=ORIENTED_EDGE('',*,*,#1811,.F.);
#2422=ORIENTED_EDGE('',*,*,#1806,.F.);
#2423=ORIENTED_EDGE('',*,*,#1737,.F.);
#2424=ORIENTED_EDGE('',*,*,#1739,.F.);
#2425=ORIENTED_EDGE('',*,*,#1812,.F.);
#2426=ORIENTED_EDGE('',*,*,#1813,.T.);
#2427=ORIENTED_EDGE('',*,*,#1814,.T.);
#2428=ORIENTED_EDGE('',*,*,#1815,.T.);
#2429=ORIENTED_EDGE('',*,*,#1816,.F.);
#2430=ORIENTED_EDGE('',*,*,#1807,.T.);
#2431=ORIENTED_EDGE('',*,*,#1817,.F.);
#2432=ORIENTED_EDGE('',*,*,#1817,.T.);
#2433=ORIENTED_EDGE('',*,*,#1811,.T.);
#2434=ORIENTED_EDGE('',*,*,#1818,.F.);
#2435=ORIENTED_EDGE('',*,*,#1819,.T.);
#2436=ORIENTED_EDGE('',*,*,#1818,.T.);
#2437=ORIENTED_EDGE('',*,*,#1810,.T.);
#2438=ORIENTED_EDGE('',*,*,#1820,.F.);
#2439=ORIENTED_EDGE('',*,*,#1812,.T.);
#2440=ORIENTED_EDGE('',*,*,#1821,.T.);
#2441=ORIENTED_EDGE('',*,*,#1820,.T.);
#2442=ORIENTED_EDGE('',*,*,#1809,.T.);
#2443=ORIENTED_EDGE('',*,*,#1738,.T.);
#2444=ORIENTED_EDGE('',*,*,#1728,.F.);
#2445=ORIENTED_EDGE('',*,*,#1729,.F.);
#2446=ORIENTED_EDGE('',*,*,#1679,.F.);
#2447=ORIENTED_EDGE('',*,*,#1666,.F.);
#2448=ORIENTED_EDGE('',*,*,#1822,.F.);
#2449=ORIENTED_EDGE('',*,*,#1813,.F.);
#2450=ORIENTED_EDGE('',*,*,#1821,.F.);
#2451=ORIENTED_EDGE('',*,*,#1745,.F.);
#2452=ORIENTED_EDGE('',*,*,#1823,.F.);
#2453=ORIENTED_EDGE('',*,*,#1785,.F.);
#2454=ORIENTED_EDGE('',*,*,#1768,.F.);
#2455=ORIENTED_EDGE('',*,*,#1808,.F.);
#2456=ORIENTED_EDGE('',*,*,#1824,.F.);
#2457=ORIENTED_EDGE('',*,*,#1825,.F.);
#2458=ORIENTED_EDGE('',*,*,#1826,.T.);
#2459=ORIENTED_EDGE('',*,*,#1827,.T.);
#2460=ORIENTED_EDGE('',*,*,#1828,.T.);
#2461=ORIENTED_EDGE('',*,*,#1789,.T.);
#2462=ORIENTED_EDGE('',*,*,#1791,.T.);
#2463=ORIENTED_EDGE('',*,*,#1763,.T.);
#2464=ORIENTED_EDGE('',*,*,#1772,.T.);
#2465=ORIENTED_EDGE('',*,*,#1778,.T.);
#2466=ORIENTED_EDGE('',*,*,#1829,.T.);
#2467=ORIENTED_EDGE('',*,*,#1830,.T.);
#2468=ORIENTED_EDGE('',*,*,#1824,.T.);
#2469=ORIENTED_EDGE('',*,*,#1816,.T.);
#2470=ORIENTED_EDGE('',*,*,#1831,.F.);
#2471=ORIENTED_EDGE('',*,*,#1832,.F.);
#2472=ORIENTED_EDGE('',*,*,#1829,.F.);
#2473=ORIENTED_EDGE('',*,*,#1819,.F.);
#2474=ORIENTED_EDGE('',*,*,#1815,.F.);
#2475=ORIENTED_EDGE('',*,*,#1799,.T.);
#2476=ORIENTED_EDGE('',*,*,#1719,.T.);
#2477=ORIENTED_EDGE('',*,*,#1722,.T.);
#2478=ORIENTED_EDGE('',*,*,#1605,.T.);
#2479=ORIENTED_EDGE('',*,*,#1833,.T.);
#2480=ORIENTED_EDGE('',*,*,#1834,.T.);
#2481=ORIENTED_EDGE('',*,*,#1831,.T.);
#2482=ORIENTED_EDGE('',*,*,#1814,.F.);
#2483=ORIENTED_EDGE('',*,*,#1822,.T.);
#2484=ORIENTED_EDGE('',*,*,#1744,.F.);
#2485=ORIENTED_EDGE('',*,*,#1767,.T.);
#2486=ORIENTED_EDGE('',*,*,#1775,.T.);
#2487=ORIENTED_EDGE('',*,*,#1779,.T.);
#2488=ORIENTED_EDGE('',*,*,#1730,.F.);
#2489=ORIENTED_EDGE('',*,*,#1753,.T.);
#2490=ORIENTED_EDGE('',*,*,#1751,.T.);
#2491=ORIENTED_EDGE('',*,*,#1759,.T.);
#2492=ORIENTED_EDGE('',*,*,#1800,.T.);
#2493=ORIENTED_EDGE('',*,*,#1802,.T.);
#2494=ORIENTED_EDGE('',*,*,#1793,.T.);
#2495=ORIENTED_EDGE('',*,*,#1835,.T.);
#2496=ORIENTED_EDGE('',*,*,#1836,.T.);
#2497=ORIENTED_EDGE('',*,*,#1825,.T.);
#2498=ORIENTED_EDGE('',*,*,#1830,.F.);
#2499=ORIENTED_EDGE('',*,*,#1837,.T.);
#2500=ORIENTED_EDGE('',*,*,#1823,.T.);
#2501=ORIENTED_EDGE('',*,*,#1836,.F.);
#2502=ORIENTED_EDGE('',*,*,#1838,.T.);
#2503=ORIENTED_EDGE('',*,*,#1786,.T.);
#2504=ORIENTED_EDGE('',*,*,#1837,.F.);
#2505=ORIENTED_EDGE('',*,*,#1832,.T.);
#2506=ORIENTED_EDGE('',*,*,#1834,.F.);
#2507=ORIENTED_EDGE('',*,*,#1839,.F.);
#2508=ORIENTED_EDGE('',*,*,#1712,.F.);
#2509=ORIENTED_EDGE('',*,*,#1695,.F.);
#2510=ORIENTED_EDGE('',*,*,#1618,.T.);
#2511=ORIENTED_EDGE('',*,*,#1689,.F.);
#2512=ORIENTED_EDGE('',*,*,#1840,.F.);
#2513=ORIENTED_EDGE('',*,*,#1841,.T.);
#2514=ORIENTED_EDGE('',*,*,#1842,.T.);
#2515=ORIENTED_EDGE('',*,*,#1841,.F.);
#2516=ORIENTED_EDGE('',*,*,#1842,.F.);
#2517=ORIENTED_EDGE('',*,*,#1843,.T.);
#2518=ORIENTED_EDGE('',*,*,#1699,.F.);
#2519=ORIENTED_EDGE('',*,*,#1843,.F.);
#2520=ORIENTED_EDGE('',*,*,#1835,.F.);
#2521=ORIENTED_EDGE('',*,*,#1844,.T.);
#2522=ORIENTED_EDGE('',*,*,#1840,.T.);
#2523=ORIENTED_EDGE('',*,*,#1844,.F.);
#2524=ORIENTED_EDGE('',*,*,#1828,.F.);
#2525=ORIENTED_EDGE('',*,*,#1845,.F.);
#2526=ORIENTED_EDGE('',*,*,#1846,.F.);
#2527=ORIENTED_EDGE('',*,*,#1790,.T.);
#2528=ORIENTED_EDGE('',*,*,#1847,.F.);
#2529=ORIENTED_EDGE('',*,*,#1845,.T.);
#2530=ORIENTED_EDGE('',*,*,#1827,.F.);
#2531=ORIENTED_EDGE('',*,*,#1848,.F.);
#2532=ORIENTED_EDGE('',*,*,#1838,.F.);
#2533=ORIENTED_EDGE('',*,*,#1839,.T.);
#2534=ORIENTED_EDGE('',*,*,#1833,.F.);
#2535=ORIENTED_EDGE('',*,*,#1774,.F.);
#2536=ORIENTED_EDGE('',*,*,#1849,.T.);
#2537=ORIENTED_EDGE('',*,*,#1776,.T.);
#2538=ORIENTED_EDGE('',*,*,#1770,.T.);
#2539=ORIENTED_EDGE('',*,*,#1761,.T.);
#2540=ORIENTED_EDGE('',*,*,#1792,.T.);
#2541=ORIENTED_EDGE('',*,*,#1787,.T.);
#2542=ORIENTED_EDGE('',*,*,#1846,.T.);
#2543=ORIENTED_EDGE('',*,*,#1847,.T.);
#2544=ORIENTED_EDGE('',*,*,#1708,.T.);
#2545=ORIENTED_EDGE('',*,*,#1648,.T.);
#2546=ORIENTED_EDGE('',*,*,#1615,.T.);
#2547=ORIENTED_EDGE('',*,*,#1627,.T.);
#2548=ORIENTED_EDGE('',*,*,#1849,.F.);
#2549=ORIENTED_EDGE('',*,*,#1848,.T.);
#2550=ORIENTED_EDGE('',*,*,#1826,.F.);
#2551=ORIENTED_EDGE('',*,*,#1777,.F.);
#2552=ORIENTED_EDGE('',*,*,#1850,.F.);
#2553=ORIENTED_EDGE('',*,*,#1851,.T.);
#2554=ORIENTED_EDGE('',*,*,#1852,.T.);
#2555=ORIENTED_EDGE('',*,*,#1853,.F.);
#2556=ORIENTED_EDGE('',*,*,#1854,.F.);
#2557=ORIENTED_EDGE('',*,*,#1853,.T.);
#2558=ORIENTED_EDGE('',*,*,#1855,.T.);
#2559=ORIENTED_EDGE('',*,*,#1856,.F.);
#2560=ORIENTED_EDGE('',*,*,#1857,.F.);
#2561=ORIENTED_EDGE('',*,*,#1856,.T.);
#2562=ORIENTED_EDGE('',*,*,#1858,.T.);
#2563=ORIENTED_EDGE('',*,*,#1859,.F.);
#2564=ORIENTED_EDGE('',*,*,#1860,.F.);
#2565=ORIENTED_EDGE('',*,*,#1859,.T.);
#2566=ORIENTED_EDGE('',*,*,#1861,.T.);
#2567=ORIENTED_EDGE('',*,*,#1851,.F.);
#2568=ORIENTED_EDGE('',*,*,#1862,.F.);
#2569=ORIENTED_EDGE('',*,*,#1863,.F.);
#2570=ORIENTED_EDGE('',*,*,#1864,.F.);
#2571=ORIENTED_EDGE('',*,*,#1865,.F.);
#2572=ORIENTED_EDGE('',*,*,#1861,.F.);
#2573=ORIENTED_EDGE('',*,*,#1858,.F.);
#2574=ORIENTED_EDGE('',*,*,#1855,.F.);
#2575=ORIENTED_EDGE('',*,*,#1852,.F.);
#2576=ORIENTED_EDGE('',*,*,#1850,.T.);
#2577=ORIENTED_EDGE('',*,*,#1866,.F.);
#2578=ORIENTED_EDGE('',*,*,#1867,.T.);
#2579=ORIENTED_EDGE('',*,*,#1868,.T.);
#2580=ORIENTED_EDGE('',*,*,#1854,.T.);
#2581=ORIENTED_EDGE('',*,*,#1869,.T.);
#2582=ORIENTED_EDGE('',*,*,#1870,.T.);
#2583=ORIENTED_EDGE('',*,*,#1866,.T.);
#2584=ORIENTED_EDGE('',*,*,#1864,.T.);
#2585=ORIENTED_EDGE('',*,*,#1871,.T.);
#2586=ORIENTED_EDGE('',*,*,#1872,.F.);
#2587=ORIENTED_EDGE('',*,*,#1873,.F.);
#2588=ORIENTED_EDGE('',*,*,#1863,.T.);
#2589=ORIENTED_EDGE('',*,*,#1874,.T.);
#2590=ORIENTED_EDGE('',*,*,#1875,.F.);
#2591=ORIENTED_EDGE('',*,*,#1871,.F.);
#2592=ORIENTED_EDGE('',*,*,#1860,.T.);
#2593=ORIENTED_EDGE('',*,*,#1868,.F.);
#2594=ORIENTED_EDGE('',*,*,#1876,.T.);
#2595=ORIENTED_EDGE('',*,*,#1877,.T.);
#2596=ORIENTED_EDGE('',*,*,#1857,.T.);
#2597=ORIENTED_EDGE('',*,*,#1877,.F.);
#2598=ORIENTED_EDGE('',*,*,#1878,.T.);
#2599=ORIENTED_EDGE('',*,*,#1869,.F.);
#2600=ORIENTED_EDGE('',*,*,#1862,.T.);
#2601=ORIENTED_EDGE('',*,*,#1879,.T.);
#2602=ORIENTED_EDGE('',*,*,#1880,.F.);
#2603=ORIENTED_EDGE('',*,*,#1874,.F.);
#2604=ORIENTED_EDGE('',*,*,#1865,.T.);
#2605=ORIENTED_EDGE('',*,*,#1873,.T.);
#2606=ORIENTED_EDGE('',*,*,#1881,.F.);
#2607=ORIENTED_EDGE('',*,*,#1879,.F.);
#2608=ORIENTED_EDGE('',*,*,#1870,.F.);
#2609=ORIENTED_EDGE('',*,*,#1878,.F.);
#2610=ORIENTED_EDGE('',*,*,#1876,.F.);
#2611=ORIENTED_EDGE('',*,*,#1867,.F.);
#2612=ORIENTED_EDGE('',*,*,#1882,.T.);
#2613=ORIENTED_EDGE('',*,*,#1883,.T.);
#2614=ORIENTED_EDGE('',*,*,#1884,.T.);
#2615=ORIENTED_EDGE('',*,*,#1881,.T.);
#2616=ORIENTED_EDGE('',*,*,#1885,.T.);
#2617=ORIENTED_EDGE('',*,*,#1886,.T.);
#2618=ORIENTED_EDGE('',*,*,#1882,.F.);
#2619=ORIENTED_EDGE('',*,*,#1872,.T.);
#2620=ORIENTED_EDGE('',*,*,#1887,.T.);
#2621=ORIENTED_EDGE('',*,*,#1888,.T.);
#2622=ORIENTED_EDGE('',*,*,#1885,.F.);
#2623=ORIENTED_EDGE('',*,*,#1875,.T.);
#2624=ORIENTED_EDGE('',*,*,#1884,.F.);
#2625=ORIENTED_EDGE('',*,*,#1889,.T.);
#2626=ORIENTED_EDGE('',*,*,#1887,.F.);
#2627=ORIENTED_EDGE('',*,*,#1880,.T.);
#2628=ORIENTED_EDGE('',*,*,#1890,.F.);
#2629=ORIENTED_EDGE('',*,*,#1891,.F.);
#2630=ORIENTED_EDGE('',*,*,#1892,.F.);
#2631=ORIENTED_EDGE('',*,*,#1893,.F.);
#2632=ORIENTED_EDGE('',*,*,#1883,.F.);
#2633=ORIENTED_EDGE('',*,*,#1886,.F.);
#2634=ORIENTED_EDGE('',*,*,#1888,.F.);
#2635=ORIENTED_EDGE('',*,*,#1889,.F.);
#2636=ORIENTED_EDGE('',*,*,#1894,.T.);
#2637=ORIENTED_EDGE('',*,*,#1895,.T.);
#2638=ORIENTED_EDGE('',*,*,#1896,.T.);
#2639=ORIENTED_EDGE('',*,*,#1897,.T.);
#2640=ORIENTED_EDGE('',*,*,#1898,.T.);
#2641=ORIENTED_EDGE('',*,*,#1899,.T.);
#2642=ORIENTED_EDGE('',*,*,#1894,.F.);
#2643=ORIENTED_EDGE('',*,*,#1900,.T.);
#2644=ORIENTED_EDGE('',*,*,#1901,.T.);
#2645=ORIENTED_EDGE('',*,*,#1902,.T.);
#2646=ORIENTED_EDGE('',*,*,#1898,.F.);
#2647=ORIENTED_EDGE('',*,*,#1903,.T.);
#2648=ORIENTED_EDGE('',*,*,#1896,.F.);
#2649=ORIENTED_EDGE('',*,*,#1904,.T.);
#2650=ORIENTED_EDGE('',*,*,#1901,.F.);
#2651=ORIENTED_EDGE('',*,*,#1905,.T.);
#2652=ORIENTED_EDGE('',*,*,#1900,.F.);
#2653=ORIENTED_EDGE('',*,*,#1906,.F.);
#2654=ORIENTED_EDGE('',*,*,#1891,.T.);
#2655=ORIENTED_EDGE('',*,*,#1907,.T.);
#2656=ORIENTED_EDGE('',*,*,#1897,.F.);
#2657=ORIENTED_EDGE('',*,*,#1908,.F.);
#2658=ORIENTED_EDGE('',*,*,#1892,.T.);
#2659=ORIENTED_EDGE('',*,*,#1906,.T.);
#2660=ORIENTED_EDGE('',*,*,#1895,.F.);
#2661=ORIENTED_EDGE('',*,*,#1899,.F.);
#2662=ORIENTED_EDGE('',*,*,#1902,.F.);
#2663=ORIENTED_EDGE('',*,*,#1904,.F.);
#2664=ORIENTED_EDGE('',*,*,#1905,.F.);
#2665=ORIENTED_EDGE('',*,*,#1909,.F.);
#2666=ORIENTED_EDGE('',*,*,#1893,.T.);
#2667=ORIENTED_EDGE('',*,*,#1908,.T.);
#2668=ORIENTED_EDGE('',*,*,#1903,.F.);
#2669=ORIENTED_EDGE('',*,*,#1907,.F.);
#2670=ORIENTED_EDGE('',*,*,#1890,.T.);
#2671=ORIENTED_EDGE('',*,*,#1909,.T.);
#2672=ORIENTED_EDGE('',*,*,#1910,.F.);
#2673=ORIENTED_EDGE('',*,*,#1911,.F.);
#2674=ORIENTED_EDGE('',*,*,#1912,.F.);
#2675=ORIENTED_EDGE('',*,*,#1913,.F.);
#2676=ORIENTED_EDGE('',*,*,#1914,.F.);
#2677=ORIENTED_EDGE('',*,*,#1915,.F.);
#2678=ORIENTED_EDGE('',*,*,#1916,.F.);
#2679=ORIENTED_EDGE('',*,*,#1917,.F.);
#2680=ORIENTED_EDGE('',*,*,#1917,.T.);
#2681=ORIENTED_EDGE('',*,*,#1918,.F.);
#2682=ORIENTED_EDGE('',*,*,#1919,.F.);
#2683=ORIENTED_EDGE('',*,*,#1920,.T.);
#2684=ORIENTED_EDGE('',*,*,#1916,.T.);
#2685=ORIENTED_EDGE('',*,*,#1921,.F.);
#2686=ORIENTED_EDGE('',*,*,#1922,.F.);
#2687=ORIENTED_EDGE('',*,*,#1918,.T.);
#2688=ORIENTED_EDGE('',*,*,#1913,.T.);
#2689=ORIENTED_EDGE('',*,*,#1923,.F.);
#2690=ORIENTED_EDGE('',*,*,#1924,.F.);
#2691=ORIENTED_EDGE('',*,*,#1925,.T.);
#2692=ORIENTED_EDGE('',*,*,#1912,.T.);
#2693=ORIENTED_EDGE('',*,*,#1926,.F.);
#2694=ORIENTED_EDGE('',*,*,#1927,.F.);
#2695=ORIENTED_EDGE('',*,*,#1923,.T.);
#2696=ORIENTED_EDGE('',*,*,#1915,.T.);
#2697=ORIENTED_EDGE('',*,*,#1928,.F.);
#2698=ORIENTED_EDGE('',*,*,#1929,.F.);
#2699=ORIENTED_EDGE('',*,*,#1921,.T.);
#2700=ORIENTED_EDGE('',*,*,#1914,.T.);
#2701=ORIENTED_EDGE('',*,*,#1920,.F.);
#2702=ORIENTED_EDGE('',*,*,#1930,.F.);
#2703=ORIENTED_EDGE('',*,*,#1928,.T.);
#2704=ORIENTED_EDGE('',*,*,#1911,.T.);
#2705=ORIENTED_EDGE('',*,*,#1931,.F.);
#2706=ORIENTED_EDGE('',*,*,#1932,.F.);
#2707=ORIENTED_EDGE('',*,*,#1926,.T.);
#2708=ORIENTED_EDGE('',*,*,#1910,.T.);
#2709=ORIENTED_EDGE('',*,*,#1925,.F.);
#2710=ORIENTED_EDGE('',*,*,#1933,.F.);
#2711=ORIENTED_EDGE('',*,*,#1931,.T.);
#2712=ORIENTED_EDGE('',*,*,#1934,.T.);
#2713=ORIENTED_EDGE('',*,*,#1935,.T.);
#2714=ORIENTED_EDGE('',*,*,#1936,.T.);
#2715=ORIENTED_EDGE('',*,*,#1922,.T.);
#2716=ORIENTED_EDGE('',*,*,#1937,.T.);
#2717=ORIENTED_EDGE('',*,*,#1938,.T.);
#2718=ORIENTED_EDGE('',*,*,#1934,.F.);
#2719=ORIENTED_EDGE('',*,*,#1929,.T.);
#2720=ORIENTED_EDGE('',*,*,#1939,.T.);
#2721=ORIENTED_EDGE('',*,*,#1940,.T.);
#2722=ORIENTED_EDGE('',*,*,#1937,.F.);
#2723=ORIENTED_EDGE('',*,*,#1930,.T.);
#2724=ORIENTED_EDGE('',*,*,#1936,.F.);
#2725=ORIENTED_EDGE('',*,*,#1941,.T.);
#2726=ORIENTED_EDGE('',*,*,#1939,.F.);
#2727=ORIENTED_EDGE('',*,*,#1919,.T.);
#2728=ORIENTED_EDGE('',*,*,#1933,.T.);
#2729=ORIENTED_EDGE('',*,*,#1924,.T.);
#2730=ORIENTED_EDGE('',*,*,#1927,.T.);
#2731=ORIENTED_EDGE('',*,*,#1932,.T.);
#2732=ORIENTED_EDGE('',*,*,#1935,.F.);
#2733=ORIENTED_EDGE('',*,*,#1938,.F.);
#2734=ORIENTED_EDGE('',*,*,#1940,.F.);
#2735=ORIENTED_EDGE('',*,*,#1941,.F.);
#2736=ORIENTED_EDGE('',*,*,#1942,.F.);
#2737=ORIENTED_EDGE('',*,*,#1943,.F.);
#2738=ORIENTED_EDGE('',*,*,#1944,.T.);
#2739=ORIENTED_EDGE('',*,*,#1945,.T.);
#2740=ORIENTED_EDGE('',*,*,#1944,.F.);
#2741=ORIENTED_EDGE('',*,*,#1945,.F.);
#2742=ORIENTED_EDGE('',*,*,#1946,.F.);
#2743=ORIENTED_EDGE('',*,*,#1947,.F.);
#2744=ORIENTED_EDGE('',*,*,#1948,.T.);
#2745=ORIENTED_EDGE('',*,*,#1949,.T.);
#2746=ORIENTED_EDGE('',*,*,#1948,.F.);
#2747=ORIENTED_EDGE('',*,*,#1949,.F.);
#2748=ORIENTED_EDGE('',*,*,#1950,.F.);
#2749=ORIENTED_EDGE('',*,*,#1951,.F.);
#2750=ORIENTED_EDGE('',*,*,#1952,.T.);
#2751=ORIENTED_EDGE('',*,*,#1953,.T.);
#2752=ORIENTED_EDGE('',*,*,#1952,.F.);
#2753=ORIENTED_EDGE('',*,*,#1953,.F.);
#2754=ORIENTED_EDGE('',*,*,#1954,.F.);
#2755=ORIENTED_EDGE('',*,*,#1955,.F.);
#2756=ORIENTED_EDGE('',*,*,#1956,.T.);
#2757=ORIENTED_EDGE('',*,*,#1957,.T.);
#2758=ORIENTED_EDGE('',*,*,#1956,.F.);
#2759=ORIENTED_EDGE('',*,*,#1957,.F.);
#2760=ORIENTED_EDGE('',*,*,#1958,.F.);
#2761=ORIENTED_EDGE('',*,*,#1959,.F.);
#2762=ORIENTED_EDGE('',*,*,#1960,.T.);
#2763=ORIENTED_EDGE('',*,*,#1961,.T.);
#2764=ORIENTED_EDGE('',*,*,#1960,.F.);
#2765=ORIENTED_EDGE('',*,*,#1961,.F.);
#2766=ORIENTED_EDGE('',*,*,#1962,.F.);
#2767=ORIENTED_EDGE('',*,*,#1963,.F.);
#2768=ORIENTED_EDGE('',*,*,#1964,.T.);
#2769=ORIENTED_EDGE('',*,*,#1965,.T.);
#2770=ORIENTED_EDGE('',*,*,#1964,.F.);
#2771=ORIENTED_EDGE('',*,*,#1965,.F.);
#2772=ORIENTED_EDGE('',*,*,#1966,.F.);
#2773=ORIENTED_EDGE('',*,*,#1967,.F.);
#2774=ORIENTED_EDGE('',*,*,#1968,.T.);
#2775=ORIENTED_EDGE('',*,*,#1969,.T.);
#2776=ORIENTED_EDGE('',*,*,#1968,.F.);
#2777=ORIENTED_EDGE('',*,*,#1969,.F.);
#2778=ORIENTED_EDGE('',*,*,#1970,.F.);
#2779=ORIENTED_EDGE('',*,*,#1971,.T.);
#2780=ORIENTED_EDGE('',*,*,#1972,.T.);
#2781=ORIENTED_EDGE('',*,*,#1971,.F.);
#2782=ORIENTED_EDGE('',*,*,#1972,.F.);
#2783=ORIENTED_EDGE('',*,*,#1973,.F.);
#2784=ORIENTED_EDGE('',*,*,#1974,.F.);
#2785=ORIENTED_EDGE('',*,*,#1975,.T.);
#2786=ORIENTED_EDGE('',*,*,#1976,.T.);
#2787=ORIENTED_EDGE('',*,*,#1975,.F.);
#2788=ORIENTED_EDGE('',*,*,#1976,.F.);
#2789=ORIENTED_EDGE('',*,*,#1977,.F.);
#2790=ORIENTED_EDGE('',*,*,#1978,.F.);
#2791=ORIENTED_EDGE('',*,*,#1979,.F.);
#2792=ORIENTED_EDGE('',*,*,#1980,.F.);
#2793=ORIENTED_EDGE('',*,*,#1981,.F.);
#2794=ORIENTED_EDGE('',*,*,#1942,.T.);
#2795=ORIENTED_EDGE('',*,*,#1943,.T.);
#2796=ORIENTED_EDGE('',*,*,#1946,.T.);
#2797=ORIENTED_EDGE('',*,*,#1947,.T.);
#2798=ORIENTED_EDGE('',*,*,#1950,.T.);
#2799=ORIENTED_EDGE('',*,*,#1951,.T.);
#2800=ORIENTED_EDGE('',*,*,#1954,.T.);
#2801=ORIENTED_EDGE('',*,*,#1955,.T.);
#2802=ORIENTED_EDGE('',*,*,#1958,.T.);
#2803=ORIENTED_EDGE('',*,*,#1959,.T.);
#2804=ORIENTED_EDGE('',*,*,#1962,.T.);
#2805=ORIENTED_EDGE('',*,*,#1963,.T.);
#2806=ORIENTED_EDGE('',*,*,#1966,.T.);
#2807=ORIENTED_EDGE('',*,*,#1967,.T.);
#2808=ORIENTED_EDGE('',*,*,#1982,.F.);
#2809=ORIENTED_EDGE('',*,*,#1983,.T.);
#2810=ORIENTED_EDGE('',*,*,#1984,.F.);
#2811=ORIENTED_EDGE('',*,*,#1985,.F.);
#2812=ORIENTED_EDGE('',*,*,#1986,.F.);
#2813=ORIENTED_EDGE('',*,*,#1987,.T.);
#2814=ORIENTED_EDGE('',*,*,#1988,.F.);
#2815=ORIENTED_EDGE('',*,*,#1983,.F.);
#2816=ORIENTED_EDGE('',*,*,#1989,.F.);
#2817=ORIENTED_EDGE('',*,*,#1990,.F.);
#2818=ORIENTED_EDGE('',*,*,#1991,.F.);
#2819=ORIENTED_EDGE('',*,*,#1987,.F.);
#2820=ORIENTED_EDGE('',*,*,#1992,.F.);
#2821=ORIENTED_EDGE('',*,*,#1993,.T.);
#2822=ORIENTED_EDGE('',*,*,#1994,.F.);
#2823=ORIENTED_EDGE('',*,*,#1995,.F.);
#2824=ORIENTED_EDGE('',*,*,#1996,.F.);
#2825=ORIENTED_EDGE('',*,*,#1997,.T.);
#2826=ORIENTED_EDGE('',*,*,#1998,.F.);
#2827=ORIENTED_EDGE('',*,*,#1993,.F.);
#2828=ORIENTED_EDGE('',*,*,#1999,.F.);
#2829=ORIENTED_EDGE('',*,*,#2000,.F.);
#2830=ORIENTED_EDGE('',*,*,#2001,.F.);
#2831=ORIENTED_EDGE('',*,*,#1997,.F.);
#2832=ORIENTED_EDGE('',*,*,#1979,.T.);
#2833=ORIENTED_EDGE('',*,*,#2002,.T.);
#2834=ORIENTED_EDGE('',*,*,#2003,.T.);
#2835=ORIENTED_EDGE('',*,*,#2004,.T.);
#2836=ORIENTED_EDGE('',*,*,#1974,.T.);
#2837=ORIENTED_EDGE('',*,*,#1990,.T.);
#2838=ORIENTED_EDGE('',*,*,#2005,.T.);
#2839=ORIENTED_EDGE('',*,*,#2006,.F.);
#2840=ORIENTED_EDGE('',*,*,#2007,.F.);
#2841=ORIENTED_EDGE('',*,*,#1980,.T.);
#2842=ORIENTED_EDGE('',*,*,#2004,.F.);
#2843=ORIENTED_EDGE('',*,*,#2008,.F.);
#2844=ORIENTED_EDGE('',*,*,#1994,.T.);
#2845=ORIENTED_EDGE('',*,*,#1998,.T.);
#2846=ORIENTED_EDGE('',*,*,#2001,.T.);
#2847=ORIENTED_EDGE('',*,*,#2009,.F.);
#2848=ORIENTED_EDGE('',*,*,#2010,.T.);
#2849=ORIENTED_EDGE('',*,*,#2011,.T.);
#2850=ORIENTED_EDGE('',*,*,#1984,.T.);
#2851=ORIENTED_EDGE('',*,*,#1988,.T.);
#2852=ORIENTED_EDGE('',*,*,#1991,.T.);
#2853=ORIENTED_EDGE('',*,*,#2007,.T.);
#2854=ORIENTED_EDGE('',*,*,#2012,.F.);
#2855=ORIENTED_EDGE('',*,*,#1995,.T.);
#2856=ORIENTED_EDGE('',*,*,#2008,.T.);
#2857=ORIENTED_EDGE('',*,*,#2003,.F.);
#2858=ORIENTED_EDGE('',*,*,#2013,.F.);
#2859=ORIENTED_EDGE('',*,*,#1977,.T.);
#2860=ORIENTED_EDGE('',*,*,#2014,.T.);
#2861=ORIENTED_EDGE('',*,*,#2015,.T.);
#2862=ORIENTED_EDGE('',*,*,#2014,.F.);
#2863=ORIENTED_EDGE('',*,*,#1973,.T.);
#2864=ORIENTED_EDGE('',*,*,#2016,.T.);
#2865=ORIENTED_EDGE('',*,*,#2017,.T.);
#2866=ORIENTED_EDGE('',*,*,#2016,.F.);
#2867=ORIENTED_EDGE('',*,*,#1985,.T.);
#2868=ORIENTED_EDGE('',*,*,#2011,.F.);
#2869=ORIENTED_EDGE('',*,*,#2018,.T.);
#2870=ORIENTED_EDGE('',*,*,#2019,.T.);
#2871=ORIENTED_EDGE('',*,*,#2000,.T.);
#2872=ORIENTED_EDGE('',*,*,#2020,.F.);
#2873=ORIENTED_EDGE('',*,*,#2021,.T.);
#2874=ORIENTED_EDGE('',*,*,#2009,.T.);
#2875=ORIENTED_EDGE('',*,*,#1978,.T.);
#2876=ORIENTED_EDGE('',*,*,#2022,.F.);
#2877=ORIENTED_EDGE('',*,*,#2005,.F.);
#2878=ORIENTED_EDGE('',*,*,#1989,.T.);
#2879=ORIENTED_EDGE('',*,*,#1986,.T.);
#2880=ORIENTED_EDGE('',*,*,#1982,.T.);
#2881=ORIENTED_EDGE('',*,*,#2019,.F.);
#2882=ORIENTED_EDGE('',*,*,#2023,.T.);
#2883=ORIENTED_EDGE('',*,*,#2020,.T.);
#2884=ORIENTED_EDGE('',*,*,#1999,.T.);
#2885=ORIENTED_EDGE('',*,*,#1996,.T.);
#2886=ORIENTED_EDGE('',*,*,#1992,.T.);
#2887=ORIENTED_EDGE('',*,*,#2013,.T.);
#2888=ORIENTED_EDGE('',*,*,#2002,.F.);
#2889=ORIENTED_EDGE('',*,*,#1981,.T.);
#2890=ORIENTED_EDGE('',*,*,#2012,.T.);
#2891=ORIENTED_EDGE('',*,*,#2006,.T.);
#2892=ORIENTED_EDGE('',*,*,#2022,.T.);
#2893=ORIENTED_EDGE('',*,*,#1970,.T.);
#2894=ORIENTED_EDGE('',*,*,#2023,.F.);
#2895=ORIENTED_EDGE('',*,*,#2018,.F.);
#2896=ORIENTED_EDGE('',*,*,#2010,.F.);
#2897=ORIENTED_EDGE('',*,*,#2021,.F.);
#2898=ORIENTED_EDGE('',*,*,#2017,.F.);
#2899=ORIENTED_EDGE('',*,*,#2015,.F.);
#2900=PLANE('',#3236);
#2901=PLANE('',#3237);
#2902=PLANE('',#3239);
#2903=PLANE('',#3245);
#2904=PLANE('',#3247);
#2905=PLANE('',#3248);
#2906=PLANE('',#3250);
#2907=PLANE('',#3251);
#2908=PLANE('',#3252);
#2909=PLANE('',#3253);
#2910=PLANE('',#3254);
#2911=PLANE('',#3256);
#2912=PLANE('',#3257);
#2913=PLANE('',#3259);
#2914=PLANE('',#3264);
#2915=PLANE('',#3265);
#2916=PLANE('',#3269);
#2917=PLANE('',#3273);
#2918=PLANE('',#3281);
#2919=PLANE('',#3284);
#2920=PLANE('',#3286);
#2921=PLANE('',#3289);
#2922=PLANE('',#3290);
#2923=PLANE('',#3294);
#2924=PLANE('',#3295);
#2925=PLANE('',#3299);
#2926=PLANE('',#3300);
#2927=PLANE('',#3301);
#2928=PLANE('',#3302);
#2929=PLANE('',#3303);
#2930=PLANE('',#3319);
#2931=PLANE('',#3320);
#2932=PLANE('',#3321);
#2933=PLANE('',#3322);
#2934=PLANE('',#3323);
#2935=PLANE('',#3324);
#2936=PLANE('',#3325);
#2937=PLANE('',#3339);
#2938=PLANE('',#3342);
#2939=PLANE('',#3361);
#2940=PLANE('',#3368);
#2941=PLANE('',#3373);
#2942=PLANE('',#3374);
#2943=PLANE('',#3375);
#2944=PLANE('',#3376);
#2945=PLANE('',#3379);
#2946=PLANE('',#3391);
#2947=PLANE('',#3392);
#2948=PLANE('',#3393);
#2949=PLANE('',#3398);
#2950=PLANE('',#3399);
#2951=PLANE('',#3407);
#2952=PLANE('',#3413);
#2953=PLANE('',#3416);
#2954=PLANE('',#3417);
#2955=PLANE('',#3418);
#2956=PLANE('',#3423);
#2957=PLANE('',#3427);
#2958=PLANE('',#3428);
#2959=PLANE('',#3433);
#2960=PLANE('',#3436);
#2961=PLANE('',#3437);
#2962=PLANE('',#3442);
#2963=PLANE('',#3443);
#2964=PLANE('',#3444);
#2965=PLANE('',#3447);
#2966=PLANE('',#3450);
#2967=PLANE('',#3453);
#2968=PLANE('',#3457);
#2969=PLANE('',#3462);
#2970=PLANE('',#3463);
#2971=PLANE('',#3465);
#2972=PLANE('',#3467);
#2973=PLANE('',#3474);
#2974=PLANE('',#3475);
#2975=PLANE('',#3480);
#2976=PLANE('',#3481);
#2977=PLANE('',#3484);
#2978=PLANE('',#3487);
#2979=PLANE('',#3490);
#2980=PLANE('',#3494);
#2981=PLANE('',#3497);
#2982=PLANE('',#3500);
#2983=PLANE('',#3503);
#2984=PLANE('',#3506);
#2985=PLANE('',#3509);
#2986=PLANE('',#3512);
#2987=PLANE('',#3516);
#2988=PLANE('',#3521);
#2989=PLANE('',#3526);
#2990=PLANE('',#3527);
#2991=PLANE('',#3528);
#2992=PLANE('',#3529);
#2993=PLANE('',#3530);
#2994=PLANE('',#3531);
#2995=PLANE('',#3532);
#2996=PLANE('',#3533);
#2997=PLANE('',#3534);
#2998=PLANE('',#3535);
#2999=PLANE('',#3540);
#3000=PLANE('',#3541);
#3001=PLANE('',#3542);
#3002=PLANE('',#3543);
#3003=PLANE('',#3544);
#3004=ADVANCED_FACE('',(#307),#2900,.T.);
#3005=ADVANCED_FACE('',(#308),#2901,.T.);
#3006=ADVANCED_FACE('',(#309),#2902,.T.);
#3007=ADVANCED_FACE('',(#310),#122,.F.);
#3008=ADVANCED_FACE('',(#311),#2903,.T.);
#3009=ADVANCED_FACE('',(#312),#2904,.F.);
#3010=ADVANCED_FACE('',(#313),#2905,.T.);
#3011=ADVANCED_FACE('',(#314),#2906,.T.);
#3012=ADVANCED_FACE('',(#315),#2907,.F.);
#3013=ADVANCED_FACE('',(#316),#2908,.F.);
#3014=ADVANCED_FACE('',(#317),#2909,.F.);
#3015=ADVANCED_FACE('',(#318,#80),#2910,.T.);
#3016=ADVANCED_FACE('',(#319),#2911,.T.);
#3017=ADVANCED_FACE('',(#320),#2912,.T.);
#3018=ADVANCED_FACE('',(#321),#2913,.T.);
#3019=ADVANCED_FACE('',(#322),#123,.F.);
#3020=ADVANCED_FACE('',(#323),#124,.F.);
#3021=ADVANCED_FACE('',(#324),#2914,.T.);
#3022=ADVANCED_FACE('',(#325,#81),#2915,.T.);
#3023=ADVANCED_FACE('',(#326),#125,.T.);
#3024=ADVANCED_FACE('',(#327),#2916,.F.);
#3025=ADVANCED_FACE('',(#328),#126,.T.);
#3026=ADVANCED_FACE('',(#329,#82,#83,#84,#85,#86,#87,#88),#2917,.F.);
#3027=ADVANCED_FACE('',(#330,#89),#2918,.F.);
#3028=ADVANCED_FACE('',(#331,#90),#2919,.F.);
#3029=ADVANCED_FACE('',(#332,#91),#2920,.F.);
#3030=ADVANCED_FACE('',(#333),#2921,.F.);
#3031=ADVANCED_FACE('',(#334,#92),#2922,.F.);
#3032=ADVANCED_FACE('',(#335),#127,.T.);
#3033=ADVANCED_FACE('',(#336),#128,.T.);
#3034=ADVANCED_FACE('',(#337),#2923,.T.);
#3035=ADVANCED_FACE('',(#338),#2924,.F.);
#3036=ADVANCED_FACE('',(#339),#129,.F.);
#3037=ADVANCED_FACE('',(#340),#2925,.F.);
#3038=ADVANCED_FACE('',(#341),#2926,.T.);
#3039=ADVANCED_FACE('',(#342),#2927,.T.);
#3040=ADVANCED_FACE('',(#343),#2928,.F.);
#3041=ADVANCED_FACE('',(#344),#2929,.F.);
#3042=ADVANCED_FACE('',(#345),#67,.F.);
#3043=ADVANCED_FACE('',(#346),#130,.F.);
#3044=ADVANCED_FACE('',(#347),#131,.T.);
#3045=ADVANCED_FACE('',(#348),#65,.F.);
#3046=ADVANCED_FACE('',(#349),#63,.T.);
#3047=ADVANCED_FACE('',(#350),#132,.T.);
#3048=ADVANCED_FACE('',(#351),#2930,.F.);
#3049=ADVANCED_FACE('',(#352),#2931,.F.);
#3050=ADVANCED_FACE('',(#353),#2932,.F.);
#3051=ADVANCED_FACE('',(#354),#2933,.F.);
#3052=ADVANCED_FACE('',(#355),#2934,.F.);
#3053=ADVANCED_FACE('',(#356),#2935,.F.);
#3054=ADVANCED_FACE('',(#357),#2936,.F.);
#3055=ADVANCED_FACE('',(#358),#133,.F.);
#3056=ADVANCED_FACE('',(#359),#134,.F.);
#3057=ADVANCED_FACE('',(#360),#68,.F.);
#3058=ADVANCED_FACE('',(#361),#135,.F.);
#3059=ADVANCED_FACE('',(#362),#136,.F.);
#3060=ADVANCED_FACE('',(#363),#137,.F.);
#3061=ADVANCED_FACE('',(#364),#2937,.T.);
#3062=ADVANCED_FACE('',(#365),#138,.T.);
#3063=ADVANCED_FACE('',(#366),#2938,.T.);
#3064=ADVANCED_FACE('',(#367),#139,.T.);
#3065=ADVANCED_FACE('',(#368),#140,.F.);
#3066=ADVANCED_FACE('',(#369),#141,.F.);
#3067=ADVANCED_FACE('',(#370),#142,.F.);
#3068=ADVANCED_FACE('',(#371),#69,.F.);
#3069=ADVANCED_FACE('',(#372),#61,.T.);
#3070=ADVANCED_FACE('',(#373),#143,.F.);
#3071=ADVANCED_FACE('',(#374),#2939,.T.);
#3072=ADVANCED_FACE('',(#375),#144,.F.);
#3073=ADVANCED_FACE('',(#376),#145,.F.);
#3074=ADVANCED_FACE('',(#377),#70,.F.);
#3075=ADVANCED_FACE('',(#378),#2940,.F.);
#3076=ADVANCED_FACE('',(#379),#146,.F.);
#3077=ADVANCED_FACE('',(#380),#147,.F.);
#3078=ADVANCED_FACE('',(#381),#2941,.T.);
#3079=ADVANCED_FACE('',(#382),#2942,.T.);
#3080=ADVANCED_FACE('',(#383),#2943,.T.);
#3081=ADVANCED_FACE('',(#384),#2944,.T.);
#3082=ADVANCED_FACE('',(#385),#148,.T.);
#3083=ADVANCED_FACE('',(#386),#2945,.T.);
#3084=ADVANCED_FACE('',(#387),#149,.T.);
#3085=ADVANCED_FACE('',(#388),#64,.T.);
#3086=ADVANCED_FACE('',(#389),#150,.T.);
#3087=ADVANCED_FACE('',(#390),#66,.F.);
#3088=ADVANCED_FACE('',(#391),#151,.T.);
#3089=ADVANCED_FACE('',(#392),#2946,.F.);
#3090=ADVANCED_FACE('',(#393),#2947,.T.);
#3091=ADVANCED_FACE('',(#394,#93),#2948,.F.);
#3092=ADVANCED_FACE('',(#395),#152,.T.);
#3093=ADVANCED_FACE('',(#396,#94),#2949,.T.);
#3094=ADVANCED_FACE('',(#397,#95,#96,#97,#98,#99,#100,#101,#102,#103),#2950,
 .T.);
#3095=ADVANCED_FACE('',(#398),#62,.T.);
#3096=ADVANCED_FACE('',(#399),#153,.T.);
#3097=ADVANCED_FACE('',(#400),#154,.T.);
#3098=ADVANCED_FACE('',(#401),#2951,.F.);
#3099=ADVANCED_FACE('',(#402),#71,.F.);
#3100=ADVANCED_FACE('',(#403),#155,.F.);
#3101=ADVANCED_FACE('',(#404),#156,.F.);
#3102=ADVANCED_FACE('',(#405),#2952,.T.);
#3103=ADVANCED_FACE('',(#406),#157,.F.);
#3104=ADVANCED_FACE('',(#407),#2953,.T.);
#3105=ADVANCED_FACE('',(#408,#104),#2954,.F.);
#3106=ADVANCED_FACE('',(#409),#2955,.T.);
#3107=ADVANCED_FACE('',(#410),#158,.T.);
#3108=ADVANCED_FACE('',(#411),#2956,.F.);
#3109=ADVANCED_FACE('',(#412),#159,.T.);
#3110=ADVANCED_FACE('',(#413),#2957,.F.);
#3111=ADVANCED_FACE('',(#414,#105),#2958,.F.);
#3112=ADVANCED_FACE('',(#415),#72,.T.);
#3113=ADVANCED_FACE('',(#416),#2959,.T.);
#3114=ADVANCED_FACE('',(#417),#160,.T.);
#3115=ADVANCED_FACE('',(#418),#2960,.T.);
#3116=ADVANCED_FACE('',(#419),#2961,.T.);
#3117=ADVANCED_FACE('',(#420),#73,.T.);
#3118=ADVANCED_FACE('',(#421),#161,.T.);
#3119=ADVANCED_FACE('',(#422),#2962,.T.);
#3120=ADVANCED_FACE('',(#423),#2963,.F.);
#3121=ADVANCED_FACE('',(#424),#2964,.T.);
#3122=ADVANCED_FACE('',(#425),#74,.T.);
#3123=ADVANCED_FACE('',(#426),#2965,.T.);
#3124=ADVANCED_FACE('',(#427),#75,.T.);
#3125=ADVANCED_FACE('',(#428,#106),#2966,.F.);
#3126=ADVANCED_FACE('',(#429),#2967,.T.);
#3127=ADVANCED_FACE('',(#430),#76,.T.);
#3128=ADVANCED_FACE('',(#431),#2968,.T.);
#3129=ADVANCED_FACE('',(#432),#77,.T.);
#3130=ADVANCED_FACE('',(#433),#162,.T.);
#3131=ADVANCED_FACE('',(#434),#2969,.T.);
#3132=ADVANCED_FACE('',(#435),#2970,.T.);
#3133=ADVANCED_FACE('',(#436),#163,.T.);
#3134=ADVANCED_FACE('',(#437),#2971,.T.);
#3135=ADVANCED_FACE('',(#438,#107),#2972,.F.);
#3136=ADVANCED_FACE('',(#439),#164,.F.);
#3137=ADVANCED_FACE('',(#440),#2973,.T.);
#3138=ADVANCED_FACE('',(#441),#2974,.T.);
#3139=ADVANCED_FACE('',(#442),#165,.T.);
#3140=ADVANCED_FACE('',(#443),#166,.F.);
#3141=ADVANCED_FACE('',(#444),#2975,.T.);
#3142=ADVANCED_FACE('',(#445),#2976,.T.);
#3143=ADVANCED_FACE('',(#446),#167,.T.);
#3144=ADVANCED_FACE('',(#447),#2977,.T.);
#3145=ADVANCED_FACE('',(#448),#78,.F.);
#3146=ADVANCED_FACE('',(#449),#2978,.T.);
#3147=ADVANCED_FACE('',(#450),#79,.F.);
#3148=ADVANCED_FACE('',(#451,#108),#2979,.T.);
#3149=ADVANCED_FACE('',(#452),#168,.F.);
#3150=ADVANCED_FACE('',(#453),#2980,.T.);
#3151=ADVANCED_FACE('',(#454),#169,.F.);
#3152=ADVANCED_FACE('',(#455),#2981,.T.);
#3153=ADVANCED_FACE('',(#456),#170,.F.);
#3154=ADVANCED_FACE('',(#457),#2982,.T.);
#3155=ADVANCED_FACE('',(#458),#171,.F.);
#3156=ADVANCED_FACE('',(#459),#2983,.T.);
#3157=ADVANCED_FACE('',(#460),#172,.F.);
#3158=ADVANCED_FACE('',(#461),#2984,.T.);
#3159=ADVANCED_FACE('',(#462),#173,.F.);
#3160=ADVANCED_FACE('',(#463),#2985,.T.);
#3161=ADVANCED_FACE('',(#464),#174,.F.);
#3162=ADVANCED_FACE('',(#465),#2986,.T.);
#3163=ADVANCED_FACE('',(#466),#175,.F.);
#3164=ADVANCED_FACE('',(#467,#109),#2987,.T.);
#3165=ADVANCED_FACE('',(#468),#176,.F.);
#3166=ADVANCED_FACE('',(#469,#110),#2988,.T.);
#3167=ADVANCED_FACE('',(#470,#111,#112,#113,#114,#115,#116,#117),#177,.F.);
#3168=ADVANCED_FACE('',(#471),#2989,.F.);
#3169=ADVANCED_FACE('',(#472),#2990,.F.);
#3170=ADVANCED_FACE('',(#473),#2991,.F.);
#3171=ADVANCED_FACE('',(#474),#2992,.F.);
#3172=ADVANCED_FACE('',(#475),#2993,.F.);
#3173=ADVANCED_FACE('',(#476),#2994,.F.);
#3174=ADVANCED_FACE('',(#477,#118),#2995,.T.);
#3175=ADVANCED_FACE('',(#478),#2996,.T.);
#3176=ADVANCED_FACE('',(#479),#2997,.T.);
#3177=ADVANCED_FACE('',(#480),#2998,.T.);
#3178=ADVANCED_FACE('',(#481),#178,.F.);
#3179=ADVANCED_FACE('',(#482),#179,.F.);
#3180=ADVANCED_FACE('',(#483),#2999,.T.);
#3181=ADVANCED_FACE('',(#484),#3000,.T.);
#3182=ADVANCED_FACE('',(#485),#3001,.T.);
#3183=ADVANCED_FACE('',(#486,#119),#3002,.T.);
#3184=ADVANCED_FACE('',(#487,#120,#121),#3003,.F.);
#3185=CLOSED_SHELL('',(#3004,#3005,#3006,#3007,#3008,#3009,#3010,#3011,
#3012,#3013,#3014,#3015,#3016,#3017,#3018,#3019,#3020,#3021,#3022,#3023,
#3024,#3025,#3026,#3027,#3028,#3029,#3030,#3031,#3032,#3033,#3034,#3035,
#3036,#3037,#3038,#3039,#3040,#3041,#3042,#3043,#3044,#3045,#3046,#3047,
#3048,#3049,#3050,#3051,#3052,#3053,#3054,#3055,#3056,#3057,#3058,#3059,
#3060,#3061,#3062,#3063,#3064,#3065,#3066,#3067,#3068,#3069,#3070,#3071,
#3072,#3073,#3074,#3075,#3076,#3077,#3078,#3079,#3080,#3081,#3082,#3083,
#3084,#3085,#3086,#3087,#3088,#3089,#3090,#3091,#3092,#3093,#3094,#3095,
#3096,#3097,#3098,#3099,#3100,#3101,#3102,#3103,#3104,#3105,#3106));
#3186=CLOSED_SHELL('',(#3107,#3108,#3109,#3110,#3111,#3112,#3113,#3114,
#3115,#3116,#3117,#3118,#3119,#3120,#3121,#3122,#3123,#3124,#3125,#3126,
#3127,#3128,#3129,#3130,#3131,#3132,#3133,#3134));
#3187=CLOSED_SHELL('',(#3135,#3136,#3137,#3138,#3139,#3140,#3141,#3142,
#3143,#3144,#3145,#3146,#3147,#3148));
#3188=CLOSED_SHELL('',(#3149,#3150,#3151,#3152,#3153,#3154,#3155,#3156,
#3157,#3158,#3159,#3160,#3161,#3162,#3163,#3164,#3165,#3166,#3167,#3168,
#3169,#3170,#3171,#3172,#3173,#3174,#3175,#3176,#3177,#3178,#3179,#3180,
#3181,#3182,#3183,#3184));
#3189=DERIVED_UNIT_ELEMENT(#3197,1.);
#3190=DERIVED_UNIT_ELEMENT(#5688,-3.);
#3191=DERIVED_UNIT_ELEMENT(#3197,1.);
#3192=DERIVED_UNIT_ELEMENT(#5688,-3.);
#3193=DERIVED_UNIT_ELEMENT(#3197,1.);
#3194=DERIVED_UNIT_ELEMENT(#5688,-3.);
#3195=DERIVED_UNIT_ELEMENT(#3197,1.);
#3196=DERIVED_UNIT_ELEMENT(#5688,-3.);
#3197=(
MASS_UNIT()
NAMED_UNIT(*)
SI_UNIT(.KILO.,.GRAM.)
);
#3198=DERIVED_UNIT((#3189,#3190));
#3199=DERIVED_UNIT((#3191,#3192));
#3200=DERIVED_UNIT((#3193,#3194));
#3201=DERIVED_UNIT((#3195,#3196));
#3202=MEASURE_REPRESENTATION_ITEM('density measure',
POSITIVE_RATIO_MEASURE(7850.),#3198);
#3203=MEASURE_REPRESENTATION_ITEM('density measure',
POSITIVE_RATIO_MEASURE(7850.),#3199);
#3204=MEASURE_REPRESENTATION_ITEM('density measure',
POSITIVE_RATIO_MEASURE(7850.),#3200);
#3205=MEASURE_REPRESENTATION_ITEM('density measure',
POSITIVE_RATIO_MEASURE(7850.),#3201);
#3206=PROPERTY_DEFINITION_REPRESENTATION(#3226,#3214);
#3207=PROPERTY_DEFINITION_REPRESENTATION(#3227,#3215);
#3208=PROPERTY_DEFINITION_REPRESENTATION(#3228,#3216);
#3209=PROPERTY_DEFINITION_REPRESENTATION(#3229,#3217);
#3210=PROPERTY_DEFINITION_REPRESENTATION(#3230,#3218);
#3211=PROPERTY_DEFINITION_REPRESENTATION(#3231,#3219);
#3212=PROPERTY_DEFINITION_REPRESENTATION(#3232,#3220);
#3213=PROPERTY_DEFINITION_REPRESENTATION(#3233,#3221);
#3214=REPRESENTATION('material name',(#3222),#5682);
#3215=REPRESENTATION('density',(#3202),#5682);
#3216=REPRESENTATION('material name',(#3223),#5683);
#3217=REPRESENTATION('density',(#3203),#5683);
#3218=REPRESENTATION('material name',(#3224),#5684);
#3219=REPRESENTATION('density',(#3204),#5684);
#3220=REPRESENTATION('material name',(#3225),#5685);
#3221=REPRESENTATION('density',(#3205),#5685);
#3222=DESCRIPTIVE_REPRESENTATION_ITEM('Steel','Steel');
#3223=DESCRIPTIVE_REPRESENTATION_ITEM('Steel','Steel');
#3224=DESCRIPTIVE_REPRESENTATION_ITEM('Steel','Steel');
#3225=DESCRIPTIVE_REPRESENTATION_ITEM('Steel','Steel');
#3226=PROPERTY_DEFINITION('material property','material name',#5713);
#3227=PROPERTY_DEFINITION('material property','density of part',#5713);
#3228=PROPERTY_DEFINITION('material property','material name',#5714);
#3229=PROPERTY_DEFINITION('material property','density of part',#5714);
#3230=PROPERTY_DEFINITION('material property','material name',#5715);
#3231=PROPERTY_DEFINITION('material property','density of part',#5715);
#3232=PROPERTY_DEFINITION('material property','material name',#5716);
#3233=PROPERTY_DEFINITION('material property','density of part',#5716);
#3234=AXIS2_PLACEMENT_3D('',#4479,#3550,#3551);
#3235=AXIS2_PLACEMENT_3D('',#4480,#3552,#3553);
#3236=AXIS2_PLACEMENT_3D('',#4481,#3554,#3555);
#3237=AXIS2_PLACEMENT_3D('',#4490,#3560,#3561);
#3238=AXIS2_PLACEMENT_3D('',#4493,#3562,#3563);
#3239=AXIS2_PLACEMENT_3D('',#4505,#3570,#3571);
#3240=AXIS2_PLACEMENT_3D('',#4514,#3576,#3577);
#3241=AXIS2_PLACEMENT_3D('',#4515,#3578,#3579);
#3242=AXIS2_PLACEMENT_3D('',#4519,#3581,#3582);
#3243=AXIS2_PLACEMENT_3D('',#4523,#3584,#3585);
#3244=AXIS2_PLACEMENT_3D('',#4526,#3587,#3588);
#3245=AXIS2_PLACEMENT_3D('',#4527,#3589,#3590);
#3246=AXIS2_PLACEMENT_3D('',#4537,#3595,#3596);
#3247=AXIS2_PLACEMENT_3D('',#4539,#3598,#3599);
#3248=AXIS2_PLACEMENT_3D('',#4551,#3606,#3607);
#3249=AXIS2_PLACEMENT_3D('',#4557,#3610,#3611);
#3250=AXIS2_PLACEMENT_3D('',#4563,#3615,#3616);
#3251=AXIS2_PLACEMENT_3D('',#4567,#3619,#3620);
#3252=AXIS2_PLACEMENT_3D('',#4571,#3623,#3624);
#3253=AXIS2_PLACEMENT_3D('',#4573,#3626,#3627);
#3254=AXIS2_PLACEMENT_3D('',#4582,#3632,#3633);
#3255=AXIS2_PLACEMENT_3D('',#4591,#3638,#3639);
#3256=AXIS2_PLACEMENT_3D('',#4592,#3640,#3641);
#3257=AXIS2_PLACEMENT_3D('',#4596,#3644,#3645);
#3258=AXIS2_PLACEMENT_3D('',#4598,#3646,#3647);
#3259=AXIS2_PLACEMENT_3D('',#4599,#3648,#3649);
#3260=AXIS2_PLACEMENT_3D('',#4601,#3650,#3651);
#3261=AXIS2_PLACEMENT_3D('',#4602,#3652,#3653);
#3262=AXIS2_PLACEMENT_3D('',#4604,#3654,#3655);
#3263=AXIS2_PLACEMENT_3D('',#4606,#3657,#3658);
#3264=AXIS2_PLACEMENT_3D('',#4608,#3660,#3661);
#3265=AXIS2_PLACEMENT_3D('',#4625,#3671,#3672);
#3266=AXIS2_PLACEMENT_3D('',#4633,#3677,#3678);
#3267=AXIS2_PLACEMENT_3D('',#4635,#3679,#3680);
#3268=AXIS2_PLACEMENT_3D('',#4638,#3682,#3683);
#3269=AXIS2_PLACEMENT_3D('',#4639,#3684,#3685);
#3270=AXIS2_PLACEMENT_3D('',#4650,#3691,#3692);
#3271=AXIS2_PLACEMENT_3D('',#4652,#3693,#3694);
#3272=AXIS2_PLACEMENT_3D('',#4655,#3696,#3697);
#3273=AXIS2_PLACEMENT_3D('',#4656,#3698,#3699);
#3274=AXIS2_PLACEMENT_3D('',#4674,#3710,#3711);
#3275=AXIS2_PLACEMENT_3D('',#4687,#3718,#3719);
#3276=AXIS2_PLACEMENT_3D('',#4690,#3721,#3722);
#3277=AXIS2_PLACEMENT_3D('',#4692,#3723,#3724);
#3278=AXIS2_PLACEMENT_3D('',#4694,#3725,#3726);
#3279=AXIS2_PLACEMENT_3D('',#4696,#3727,#3728);
#3280=AXIS2_PLACEMENT_3D('',#4698,#3729,#3730);
#3281=AXIS2_PLACEMENT_3D('',#4699,#3731,#3732);
#3282=AXIS2_PLACEMENT_3D('',#4703,#3734,#3735);
#3283=AXIS2_PLACEMENT_3D('',#4708,#3738,#3739);
#3284=AXIS2_PLACEMENT_3D('',#4709,#3740,#3741);
#3285=AXIS2_PLACEMENT_3D('',#4711,#3742,#3743);
#3286=AXIS2_PLACEMENT_3D('',#4712,#3744,#3745);
#3287=AXIS2_PLACEMENT_3D('',#4714,#3746,#3747);
#3288=AXIS2_PLACEMENT_3D('',#4720,#3751,#3752);
#3289=AXIS2_PLACEMENT_3D('',#4721,#3753,#3754);
#3290=AXIS2_PLACEMENT_3D('',#4726,#3758,#3759);
#3291=AXIS2_PLACEMENT_3D('',#4728,#3760,#3761);
#3292=AXIS2_PLACEMENT_3D('',#4729,#3762,#3763);
#3293=AXIS2_PLACEMENT_3D('',#4731,#3765,#3766);
#3294=AXIS2_PLACEMENT_3D('',#4734,#3769,#3770);
#3295=AXIS2_PLACEMENT_3D('',#4736,#3772,#3773);
#3296=AXIS2_PLACEMENT_3D('',#4744,#3778,#3779);
#3297=AXIS2_PLACEMENT_3D('',#4748,#3781,#3782);
#3298=AXIS2_PLACEMENT_3D('',#4751,#3784,#3785);
#3299=AXIS2_PLACEMENT_3D('',#4752,#3786,#3787);
#3300=AXIS2_PLACEMENT_3D('',#4754,#3789,#3790);
#3301=AXIS2_PLACEMENT_3D('',#4757,#3793,#3794);
#3302=AXIS2_PLACEMENT_3D('',#4761,#3797,#3798);
#3303=AXIS2_PLACEMENT_3D('',#4765,#3801,#3802);
#3304=AXIS2_PLACEMENT_3D('',#4767,#3804,#3805);
#3305=AXIS2_PLACEMENT_3D('',#4769,#3806,#3807);
#3306=AXIS2_PLACEMENT_3D('',#4772,#3809,#3810);
#3307=AXIS2_PLACEMENT_3D('',#4773,#3811,#3812);
#3308=AXIS2_PLACEMENT_3D('',#4775,#3814,#3815);
#3309=AXIS2_PLACEMENT_3D('',#4778,#3816,#3817);
#3310=AXIS2_PLACEMENT_3D('',#4782,#3819,#3820);
#3311=AXIS2_PLACEMENT_3D('',#4811,#3822,#3823);
#3312=AXIS2_PLACEMENT_3D('',#4812,#3824,#3825);
#3313=AXIS2_PLACEMENT_3D('',#4813,#3826,#3827);
#3314=AXIS2_PLACEMENT_3D('',#4814,#3828,#3829);
#3315=AXIS2_PLACEMENT_3D('',#4816,#3830,#3831);
#3316=AXIS2_PLACEMENT_3D('',#4817,#3832,#3833);
#3317=AXIS2_PLACEMENT_3D('',#4818,#3834,#3835);
#3318=AXIS2_PLACEMENT_3D('',#4822,#3837,#3838);
#3319=AXIS2_PLACEMENT_3D('',#4824,#3840,#3841);
#3320=AXIS2_PLACEMENT_3D('',#4826,#3843,#3844);
#3321=AXIS2_PLACEMENT_3D('',#4828,#3846,#3847);
#3322=AXIS2_PLACEMENT_3D('',#4829,#3848,#3849);
#3323=AXIS2_PLACEMENT_3D('',#4831,#3851,#3852);
#3324=AXIS2_PLACEMENT_3D('',#4833,#3854,#3855);
#3325=AXIS2_PLACEMENT_3D('',#4835,#3857,#3858);
#3326=AXIS2_PLACEMENT_3D('',#4836,#3859,#3860);
#3327=AXIS2_PLACEMENT_3D('',#4838,#3861,#3862);
#3328=AXIS2_PLACEMENT_3D('',#4840,#3864,#3865);
#3329=AXIS2_PLACEMENT_3D('',#4842,#3866,#3867);
#3330=AXIS2_PLACEMENT_3D('',#4844,#3869,#3870);
#3331=AXIS2_PLACEMENT_3D('',#4846,#3871,#3872);
#3332=AXIS2_PLACEMENT_3D('',#4849,#3874,#3875);
#3333=AXIS2_PLACEMENT_3D('',#4850,#3876,#3877);
#3334=AXIS2_PLACEMENT_3D('',#4852,#3879,#3880);
#3335=AXIS2_PLACEMENT_3D('',#4854,#3881,#3882);
#3336=AXIS2_PLACEMENT_3D('',#4856,#3884,#3885);
#3337=AXIS2_PLACEMENT_3D('',#4859,#3886,#3887);
#3338=AXIS2_PLACEMENT_3D('',#4863,#3889,#3890);
#3339=AXIS2_PLACEMENT_3D('',#4865,#3892,#3893);
#3340=AXIS2_PLACEMENT_3D('',#4871,#3897,#3898);
#3341=AXIS2_PLACEMENT_3D('',#4874,#3900,#3901);
#3342=AXIS2_PLACEMENT_3D('',#4875,#3902,#3903);
#3343=AXIS2_PLACEMENT_3D('',#4881,#3907,#3908);
#3344=AXIS2_PLACEMENT_3D('',#4883,#3909,#3910);
#3345=AXIS2_PLACEMENT_3D('',#4886,#3912,#3913);
#3346=AXIS2_PLACEMENT_3D('',#4887,#3914,#3915);
#3347=AXIS2_PLACEMENT_3D('',#4889,#3916,#3917);
#3348=AXIS2_PLACEMENT_3D('',#4892,#3919,#3920);
#3349=AXIS2_PLACEMENT_3D('',#4893,#3921,#3922);
#3350=AXIS2_PLACEMENT_3D('',#4895,#3923,#3924);
#3351=AXIS2_PLACEMENT_3D('',#4898,#3926,#3927);
#3352=AXIS2_PLACEMENT_3D('',#4899,#3928,#3929);
#3353=AXIS2_PLACEMENT_3D('',#4901,#3930,#3931);
#3354=AXIS2_PLACEMENT_3D('',#4903,#3933,#3934);
#3355=AXIS2_PLACEMENT_3D('',#4905,#3936,#3937);
#3356=AXIS2_PLACEMENT_3D('',#4907,#3938,#3939);
#3357=AXIS2_PLACEMENT_3D('',#4908,#3940,#3941);
#3358=AXIS2_PLACEMENT_3D('',#4909,#3942,#3943);
#3359=AXIS2_PLACEMENT_3D('',#4912,#3944,#3945);
#3360=AXIS2_PLACEMENT_3D('',#4916,#3947,#3948);
#3361=AXIS2_PLACEMENT_3D('',#4918,#3950,#3951);
#3362=AXIS2_PLACEMENT_3D('',#4921,#3954,#3955);
#3363=AXIS2_PLACEMENT_3D('',#4923,#3956,#3957);
#3364=AXIS2_PLACEMENT_3D('',#4926,#3959,#3960);
#3365=AXIS2_PLACEMENT_3D('',#4927,#3961,#3962);
#3366=AXIS2_PLACEMENT_3D('',#4929,#3963,#3964);
#3367=AXIS2_PLACEMENT_3D('',#4931,#3966,#3967);
#3368=AXIS2_PLACEMENT_3D('',#4933,#3969,#3970);
#3369=AXIS2_PLACEMENT_3D('',#4935,#3972,#3973);
#3370=AXIS2_PLACEMENT_3D('',#4937,#3974,#3975);
#3371=AXIS2_PLACEMENT_3D('',#4939,#3977,#3978);
#3372=AXIS2_PLACEMENT_3D('',#4941,#3979,#3980);
#3373=AXIS2_PLACEMENT_3D('',#4943,#3982,#3983);
#3374=AXIS2_PLACEMENT_3D('',#4946,#3986,#3987);
#3375=AXIS2_PLACEMENT_3D('',#4947,#3988,#3989);
#3376=AXIS2_PLACEMENT_3D('',#4948,#3990,#3991);
#3377=AXIS2_PLACEMENT_3D('',#4949,#3992,#3993);
#3378=AXIS2_PLACEMENT_3D('',#4953,#3995,#3996);
#3379=AXIS2_PLACEMENT_3D('',#4955,#3998,#3999);
#3380=AXIS2_PLACEMENT_3D('',#4959,#4001,#4002);
#3381=AXIS2_PLACEMENT_3D('',#4961,#4004,#4005);
#3382=AXIS2_PLACEMENT_3D('',#4964,#4006,#4007);
#3383=AXIS2_PLACEMENT_3D('',#4968,#4009,#4010);
#3384=AXIS2_PLACEMENT_3D('',#4970,#4012,#4013);
#3385=AXIS2_PLACEMENT_3D('',#4972,#4014,#4015);
#3386=AXIS2_PLACEMENT_3D('',#4973,#4016,#4017);
#3387=AXIS2_PLACEMENT_3D('',#4974,#4018,#4019);
#3388=AXIS2_PLACEMENT_3D('',#4975,#4020,#4021);
#3389=AXIS2_PLACEMENT_3D('',#5002,#4023,#4024);
#3390=AXIS2_PLACEMENT_3D('',#5003,#4025,#4026);
#3391=AXIS2_PLACEMENT_3D('',#5005,#4028,#4029);
#3392=AXIS2_PLACEMENT_3D('',#5006,#4030,#4031);
#3393=AXIS2_PLACEMENT_3D('',#5008,#4033,#4034);
#3394=AXIS2_PLACEMENT_3D('',#5013,#4037,#4038);
#3395=AXIS2_PLACEMENT_3D('',#5017,#4040,#4041);
#3396=AXIS2_PLACEMENT_3D('',#5019,#4043,#4044);
#3397=AXIS2_PLACEMENT_3D('',#5022,#4046,#4047);
#3398=AXIS2_PLACEMENT_3D('',#5023,#4048,#4049);
#3399=AXIS2_PLACEMENT_3D('',#5027,#4052,#4053);
#3400=AXIS2_PLACEMENT_3D('',#5030,#4055,#4056);
#3401=AXIS2_PLACEMENT_3D('',#5032,#4057,#4058);
#3402=AXIS2_PLACEMENT_3D('',#5033,#4059,#4060);
#3403=AXIS2_PLACEMENT_3D('',#5035,#4061,#4062);
#3404=AXIS2_PLACEMENT_3D('',#5036,#4063,#4064);
#3405=AXIS2_PLACEMENT_3D('',#5037,#4065,#4066);
#3406=AXIS2_PLACEMENT_3D('',#5039,#4068,#4069);
#3407=AXIS2_PLACEMENT_3D('',#5041,#4071,#4072);
#3408=AXIS2_PLACEMENT_3D('',#5042,#4073,#4074);
#3409=AXIS2_PLACEMENT_3D('',#5044,#4075,#4076);
#3410=AXIS2_PLACEMENT_3D('',#5047,#4078,#4079);
#3411=AXIS2_PLACEMENT_3D('',#5048,#4080,#4081);
#3412=AXIS2_PLACEMENT_3D('',#5050,#4083,#4084);
#3413=AXIS2_PLACEMENT_3D('',#5052,#4086,#4087);
#3414=AXIS2_PLACEMENT_3D('',#5056,#4090,#4091);
#3415=AXIS2_PLACEMENT_3D('',#5058,#4092,#4093);
#3416=AXIS2_PLACEMENT_3D('',#5060,#4095,#4096);
#3417=AXIS2_PLACEMENT_3D('',#5061,#4097,#4098);
#3418=AXIS2_PLACEMENT_3D('',#5063,#4100,#4101);
#3419=AXIS2_PLACEMENT_3D('',#5064,#4102,#4103);
#3420=AXIS2_PLACEMENT_3D('',#5065,#4104,#4105);
#3421=AXIS2_PLACEMENT_3D('',#5068,#4106,#4107);
#3422=AXIS2_PLACEMENT_3D('',#5072,#4109,#4110);
#3423=AXIS2_PLACEMENT_3D('',#5074,#4112,#4113);
#3424=AXIS2_PLACEMENT_3D('',#5080,#4117,#4118);
#3425=AXIS2_PLACEMENT_3D('',#5082,#4119,#4120);
#3426=AXIS2_PLACEMENT_3D('',#5084,#4121,#4122);
#3427=AXIS2_PLACEMENT_3D('',#5086,#4124,#4125);
#3428=AXIS2_PLACEMENT_3D('',#5089,#4128,#4129);
#3429=AXIS2_PLACEMENT_3D('',#5092,#4130,#4131);
#3430=AXIS2_PLACEMENT_3D('',#5096,#4133,#4134);
#3431=AXIS2_PLACEMENT_3D('',#5098,#4136,#4137);
#3432=AXIS2_PLACEMENT_3D('',#5102,#4139,#4140);
#3433=AXIS2_PLACEMENT_3D('',#5104,#4142,#4143);
#3434=AXIS2_PLACEMENT_3D('',#5108,#4146,#4147);
#3435=AXIS2_PLACEMENT_3D('',#5112,#4149,#4150);
#3436=AXIS2_PLACEMENT_3D('',#5114,#4152,#4153);
#3437=AXIS2_PLACEMENT_3D('',#5118,#4156,#4157);
#3438=AXIS2_PLACEMENT_3D('',#5122,#4160,#4161);
#3439=AXIS2_PLACEMENT_3D('',#5123,#4162,#4163);
#3440=AXIS2_PLACEMENT_3D('',#5124,#4164,#4165);
#3441=AXIS2_PLACEMENT_3D('',#5127,#4167,#4168);
#3442=AXIS2_PLACEMENT_3D('',#5128,#4169,#4170);
#3443=AXIS2_PLACEMENT_3D('',#5130,#4172,#4173);
#3444=AXIS2_PLACEMENT_3D('',#5131,#4174,#4175);
#3445=AXIS2_PLACEMENT_3D('',#5137,#4179,#4180);
#3446=AXIS2_PLACEMENT_3D('',#5140,#4182,#4183);
#3447=AXIS2_PLACEMENT_3D('',#5141,#4184,#4185);
#3448=AXIS2_PLACEMENT_3D('',#5145,#4188,#4189);
#3449=AXIS2_PLACEMENT_3D('',#5146,#4190,#4191);
#3450=AXIS2_PLACEMENT_3D('',#5147,#4192,#4193);
#3451=AXIS2_PLACEMENT_3D('',#5152,#4195,#4196);
#3452=AXIS2_PLACEMENT_3D('',#5155,#4198,#4199);
#3453=AXIS2_PLACEMENT_3D('',#5156,#4200,#4201);
#3454=AXIS2_PLACEMENT_3D('',#5165,#4206,#4207);
#3455=AXIS2_PLACEMENT_3D('',#5169,#4209,#4210);
#3456=AXIS2_PLACEMENT_3D('',#5170,#4211,#4212);
#3457=AXIS2_PLACEMENT_3D('',#5171,#4213,#4214);
#3458=AXIS2_PLACEMENT_3D('',#5177,#4218,#4219);
#3459=AXIS2_PLACEMENT_3D('',#5178,#4220,#4221);
#3460=AXIS2_PLACEMENT_3D('',#5179,#4222,#4223);
#3461=AXIS2_PLACEMENT_3D('',#5180,#4224,#4225);
#3462=AXIS2_PLACEMENT_3D('',#5183,#4228,#4229);
#3463=AXIS2_PLACEMENT_3D('',#5185,#4231,#4232);
#3464=AXIS2_PLACEMENT_3D('',#5186,#4233,#4234);
#3465=AXIS2_PLACEMENT_3D('',#5188,#4236,#4237);
#3466=AXIS2_PLACEMENT_3D('',#5189,#4238,#4239);
#3467=AXIS2_PLACEMENT_3D('',#5190,#4240,#4241);
#3468=AXIS2_PLACEMENT_3D('',#5193,#4242,#4243);
#3469=AXIS2_PLACEMENT_3D('',#5197,#4245,#4246);
#3470=AXIS2_PLACEMENT_3D('',#5203,#4249,#4250);
#3471=AXIS2_PLACEMENT_3D('',#5206,#4252,#4253);
#3472=AXIS2_PLACEMENT_3D('',#5207,#4254,#4255);
#3473=AXIS2_PLACEMENT_3D('',#5211,#4257,#4258);
#3474=AXIS2_PLACEMENT_3D('',#5213,#4260,#4261);
#3475=AXIS2_PLACEMENT_3D('',#5217,#4264,#4265);
#3476=AXIS2_PLACEMENT_3D('',#5223,#4269,#4270);
#3477=AXIS2_PLACEMENT_3D('',#5226,#4272,#4273);
#3478=AXIS2_PLACEMENT_3D('',#5227,#4274,#4275);
#3479=AXIS2_PLACEMENT_3D('',#5230,#4277,#4278);
#3480=AXIS2_PLACEMENT_3D('',#5231,#4279,#4280);
#3481=AXIS2_PLACEMENT_3D('',#5233,#4282,#4283);
#3482=AXIS2_PLACEMENT_3D('',#5237,#4286,#4287);
#3483=AXIS2_PLACEMENT_3D('',#5238,#4288,#4289);
#3484=AXIS2_PLACEMENT_3D('',#5239,#4290,#4291);
#3485=AXIS2_PLACEMENT_3D('',#5245,#4295,#4296);
#3486=AXIS2_PLACEMENT_3D('',#5248,#4298,#4299);
#3487=AXIS2_PLACEMENT_3D('',#5249,#4300,#4301);
#3488=AXIS2_PLACEMENT_3D('',#5253,#4304,#4305);
#3489=AXIS2_PLACEMENT_3D('',#5254,#4306,#4307);
#3490=AXIS2_PLACEMENT_3D('',#5255,#4308,#4309);
#3491=AXIS2_PLACEMENT_3D('',#5256,#4310,#4311);
#3492=AXIS2_PLACEMENT_3D('',#5257,#4312,#4313);
#3493=AXIS2_PLACEMENT_3D('',#5298,#4315,#4316);
#3494=AXIS2_PLACEMENT_3D('',#5299,#4317,#4318);
#3495=AXIS2_PLACEMENT_3D('',#5300,#4319,#4320);
#3496=AXIS2_PLACEMENT_3D('',#5341,#4322,#4323);
#3497=AXIS2_PLACEMENT_3D('',#5342,#4324,#4325);
#3498=AXIS2_PLACEMENT_3D('',#5343,#4326,#4327);
#3499=AXIS2_PLACEMENT_3D('',#5384,#4329,#4330);
#3500=AXIS2_PLACEMENT_3D('',#5385,#4331,#4332);
#3501=AXIS2_PLACEMENT_3D('',#5386,#4333,#4334);
#3502=AXIS2_PLACEMENT_3D('',#5427,#4336,#4337);
#3503=AXIS2_PLACEMENT_3D('',#5428,#4338,#4339);
#3504=AXIS2_PLACEMENT_3D('',#5429,#4340,#4341);
#3505=AXIS2_PLACEMENT_3D('',#5470,#4343,#4344);
#3506=AXIS2_PLACEMENT_3D('',#5471,#4345,#4346);
#3507=AXIS2_PLACEMENT_3D('',#5472,#4347,#4348);
#3508=AXIS2_PLACEMENT_3D('',#5513,#4350,#4351);
#3509=AXIS2_PLACEMENT_3D('',#5514,#4352,#4353);
#3510=AXIS2_PLACEMENT_3D('',#5515,#4354,#4355);
#3511=AXIS2_PLACEMENT_3D('',#5556,#4357,#4358);
#3512=AXIS2_PLACEMENT_3D('',#5557,#4359,#4360);
#3513=AXIS2_PLACEMENT_3D('',#5558,#4361,#4362);
#3514=AXIS2_PLACEMENT_3D('',#5560,#4363,#4364);
#3515=AXIS2_PLACEMENT_3D('',#5563,#4366,#4367);
#3516=AXIS2_PLACEMENT_3D('',#5564,#4368,#4369);
#3517=AXIS2_PLACEMENT_3D('',#5566,#4370,#4371);
#3518=AXIS2_PLACEMENT_3D('',#5567,#4372,#4373);
#3519=AXIS2_PLACEMENT_3D('',#5569,#4374,#4375);
#3520=AXIS2_PLACEMENT_3D('',#5572,#4377,#4378);
#3521=AXIS2_PLACEMENT_3D('',#5573,#4379,#4380);
#3522=AXIS2_PLACEMENT_3D('',#5575,#4381,#4382);
#3523=AXIS2_PLACEMENT_3D('',#5576,#4383,#4384);
#3524=AXIS2_PLACEMENT_3D('',#5579,#4385,#4386);
#3525=AXIS2_PLACEMENT_3D('',#5583,#4388,#4389);
#3526=AXIS2_PLACEMENT_3D('',#5585,#4391,#4392);
#3527=AXIS2_PLACEMENT_3D('',#5594,#4397,#4398);
#3528=AXIS2_PLACEMENT_3D('',#5600,#4402,#4403);
#3529=AXIS2_PLACEMENT_3D('',#5606,#4407,#4408);
#3530=AXIS2_PLACEMENT_3D('',#5615,#4413,#4414);
#3531=AXIS2_PLACEMENT_3D('',#5621,#4418,#4419);
#3532=AXIS2_PLACEMENT_3D('',#5627,#4423,#4424);
#3533=AXIS2_PLACEMENT_3D('',#5633,#4428,#4429);
#3534=AXIS2_PLACEMENT_3D('',#5639,#4433,#4434);
#3535=AXIS2_PLACEMENT_3D('',#5647,#4440,#4441);
#3536=AXIS2_PLACEMENT_3D('',#5649,#4443,#4444);
#3537=AXIS2_PLACEMENT_3D('',#5652,#4446,#4447);
#3538=AXIS2_PLACEMENT_3D('',#5653,#4448,#4449);
#3539=AXIS2_PLACEMENT_3D('',#5656,#4451,#4452);
#3540=AXIS2_PLACEMENT_3D('',#5657,#4453,#4454);
#3541=AXIS2_PLACEMENT_3D('',#5661,#4457,#4458);
#3542=AXIS2_PLACEMENT_3D('',#5665,#4461,#4462);
#3543=AXIS2_PLACEMENT_3D('',#5668,#4465,#4466);
#3544=AXIS2_PLACEMENT_3D('',#5669,#4467,#4468);
#3545=AXIS2_PLACEMENT_3D('',#5670,#4469,#4470);
#3546=AXIS2_PLACEMENT_3D('',#5671,#4471,#4472);
#3547=AXIS2_PLACEMENT_3D('',#5672,#4473,#4474);
#3548=AXIS2_PLACEMENT_3D('',#5673,#4475,#4476);
#3549=AXIS2_PLACEMENT_3D('',#5674,#4477,#4478);
#3550=DIRECTION('axis',(0.,0.,1.));
#3551=DIRECTION('refdir',(1.,0.,0.));
#3552=DIRECTION('axis',(0.,0.,1.));
#3553=DIRECTION('refdir',(1.,0.,0.));
#3554=DIRECTION('center_axis',(0.,-1.,0.));
#3555=DIRECTION('ref_axis',(-1.,0.,0.));
#3556=DIRECTION('',(0.,0.,-1.));
#3557=DIRECTION('',(-1.,0.,0.));
#3558=DIRECTION('',(0.,0.,1.));
#3559=DIRECTION('',(1.,0.,0.));
#3560=DIRECTION('center_axis',(-1.,0.,0.));
#3561=DIRECTION('ref_axis',(0.,-1.,0.));
#3562=DIRECTION('center_axis',(1.,0.,0.));
#3563=DIRECTION('ref_axis',(0.,0.,-1.));
#3564=DIRECTION('',(0.,1.,8.83935529160156E-16));
#3565=DIRECTION('',(1.79590983777432E-157,0.,-1.));
#3566=DIRECTION('',(0.,-1.,0.));
#3567=DIRECTION('',(0.,0.,1.));
#3568=DIRECTION('',(0.,-1.,0.));
#3569=DIRECTION('',(0.,0.,-1.));
#3570=DIRECTION('center_axis',(-0.866025403784439,-0.5,0.));
#3571=DIRECTION('ref_axis',(-0.5,0.866025403784439,0.));
#3572=DIRECTION('',(-0.5,0.866025403784439,0.));
#3573=DIRECTION('',(0.,0.,-1.));
#3574=DIRECTION('',(-0.5,0.866025403784439,0.));
#3575=DIRECTION('',(0.,0.,-1.));
#3576=DIRECTION('center_axis',(-0.866025403784439,-0.5,0.));
#3577=DIRECTION('ref_axis',(-0.5,0.866025403784438,0.));
#3578=DIRECTION('center_axis',(1.,0.,0.));
#3579=DIRECTION('ref_axis',(0.,0.,-1.));
#3580=DIRECTION('',(-1.,0.,0.));
#3581=DIRECTION('center_axis',(1.,2.27738056333365E-16,0.));
#3582=DIRECTION('ref_axis',(0.,0.,-1.));
#3583=DIRECTION('',(1.,0.,0.));
#3584=DIRECTION('center_axis',(-1.,-1.10195833709693E-16,0.));
#3585=DIRECTION('ref_axis',(0.,0.,-1.));
#3586=DIRECTION('',(1.,0.,0.));
#3587=DIRECTION('center_axis',(0.707106781186549,6.25036806800865E-16,-0.707106781186546));
#3588=DIRECTION('ref_axis',(-0.707106781186546,0.,-0.707106781186549));
#3589=DIRECTION('center_axis',(-0.707106781186549,-6.25036806800865E-16,
0.707106781186546));
#3590=DIRECTION('ref_axis',(0.707106781186546,0.,0.707106781186549));
#3591=DIRECTION('',(0.707106781186546,0.,0.707106781186549));
#3592=DIRECTION('',(3.88407708303824E-63,1.,8.83935529160156E-16));
#3593=DIRECTION('',(-0.707106781186546,0.,-0.707106781186549));
#3594=DIRECTION('',(-8.83935529160153E-16,1.,0.));
#3595=DIRECTION('center_axis',(0.707106781186549,6.25036806800865E-16,-0.707106781186546));
#3596=DIRECTION('ref_axis',(0.707106781186546,0.,0.707106781186549));
#3597=DIRECTION('',(0.,1.,8.83935529160156E-16));
#3598=DIRECTION('center_axis',(0.,-1.,0.));
#3599=DIRECTION('ref_axis',(0.,0.,-1.));
#3600=DIRECTION('',(0.,0.,-1.));
#3601=DIRECTION('',(1.,0.,0.));
#3602=DIRECTION('',(0.,0.,-1.));
#3603=DIRECTION('',(1.,0.,0.));
#3604=DIRECTION('',(0.,0.,1.));
#3605=DIRECTION('',(1.,0.,0.));
#3606=DIRECTION('center_axis',(-1.,0.,0.));
#3607=DIRECTION('ref_axis',(0.,-1.,0.));
#3608=DIRECTION('',(0.,1.,0.));
#3609=DIRECTION('',(0.,-8.88178419700125E-16,1.));
#3610=DIRECTION('center_axis',(-1.,0.,0.));
#3611=DIRECTION('ref_axis',(0.,0.,1.));
#3612=DIRECTION('',(2.85972904104191E-158,-1.,3.36602339339792E-17));
#3613=DIRECTION('',(0.,-1.,0.));
#3614=DIRECTION('',(0.,0.,-1.));
#3615=DIRECTION('center_axis',(-1.,-9.54428774673758E-64,5.47382212626882E-48));
#3616=DIRECTION('ref_axis',(9.54428774673758E-64,-1.,0.));
#3617=DIRECTION('',(0.,-8.45884209238214E-16,1.));
#3618=DIRECTION('',(-9.54428774673758E-64,1.,0.));
#3619=DIRECTION('center_axis',(0.,0.,-1.));
#3620=DIRECTION('ref_axis',(1.,0.,0.));
#3621=DIRECTION('',(0.5,0.866025403784439,0.));
#3622=DIRECTION('',(-0.5,0.866025403784439,0.));
#3623=DIRECTION('center_axis',(0.,0.,-1.));
#3624=DIRECTION('ref_axis',(1.,0.,0.));
#3625=DIRECTION('',(0.5,0.866025403784439,0.));
#3626=DIRECTION('center_axis',(0.,-1.,0.));
#3627=DIRECTION('ref_axis',(-1.,0.,0.));
#3628=DIRECTION('',(-1.,0.,0.));
#3629=DIRECTION('',(0.,0.,1.));
#3630=DIRECTION('',(-1.,0.,0.));
#3631=DIRECTION('',(0.,0.,-1.));
#3632=DIRECTION('center_axis',(0.,0.,1.));
#3633=DIRECTION('ref_axis',(-1.,0.,0.));
#3634=DIRECTION('',(-5.69345140833414E-17,-1.,0.));
#3635=DIRECTION('',(1.,0.,0.));
#3636=DIRECTION('',(0.5,0.866025403784439,0.));
#3637=DIRECTION('',(-0.5,0.866025403784439,0.));
#3638=DIRECTION('center_axis',(0.,0.,1.));
#3639=DIRECTION('ref_axis',(-1.,0.,0.));
#3640=DIRECTION('center_axis',(0.,-1.,0.));
#3641=DIRECTION('ref_axis',(-1.,0.,0.));
#3642=DIRECTION('',(-1.,0.,0.));
#3643=DIRECTION('',(0.,0.,1.));
#3644=DIRECTION('center_axis',(0.,0.,1.));
#3645=DIRECTION('ref_axis',(-1.,0.,0.));
#3646=DIRECTION('center_axis',(0.,0.,-1.));
#3647=DIRECTION('ref_axis',(-1.,0.,0.));
#3648=DIRECTION('center_axis',(0.,0.,1.));
#3649=DIRECTION('ref_axis',(-1.,0.,0.));
#3650=DIRECTION('center_axis',(0.,0.,-1.));
#3651=DIRECTION('ref_axis',(-1.,0.,0.));
#3652=DIRECTION('center_axis',(0.,0.,-1.));
#3653=DIRECTION('ref_axis',(-1.,0.,0.));
#3654=DIRECTION('center_axis',(0.,0.,1.));
#3655=DIRECTION('ref_axis',(-1.,0.,0.));
#3656=DIRECTION('',(0.,0.,-1.));
#3657=DIRECTION('center_axis',(0.,0.,-1.));
#3658=DIRECTION('ref_axis',(-1.,0.,0.));
#3659=DIRECTION('',(0.,0.,-1.));
#3660=DIRECTION('center_axis',(1.,-5.69345140833414E-17,0.));
#3661=DIRECTION('ref_axis',(-5.69345140833414E-17,-1.,0.));
#3662=DIRECTION('',(-8.60995118442749E-16,-1.,0.));
#3663=DIRECTION('',(0.,-1.,0.));
#3664=DIRECTION('',(0.,0.,1.));
#3665=DIRECTION('',(5.69345140833414E-17,1.,0.));
#3666=DIRECTION('',(0.,0.,-1.));
#3667=DIRECTION('',(-5.69345140833414E-17,-1.,0.));
#3668=DIRECTION('',(0.,0.,1.));
#3669=DIRECTION('',(5.69345140833414E-17,1.,0.));
#3670=DIRECTION('',(0.,0.,-1.));
#3671=DIRECTION('center_axis',(0.,0.,1.));
#3672=DIRECTION('ref_axis',(-1.,0.,0.));
#3673=DIRECTION('',(1.,0.,0.));
#3674=DIRECTION('',(0.5,0.866025403784439,0.));
#3675=DIRECTION('',(-0.5,0.866025403784439,0.));
#3676=DIRECTION('',(-1.,0.,0.));
#3677=DIRECTION('center_axis',(0.,0.,1.));
#3678=DIRECTION('ref_axis',(1.,0.,0.));
#3679=DIRECTION('center_axis',(0.,0.,1.));
#3680=DIRECTION('ref_axis',(1.,0.,0.));
#3681=DIRECTION('',(0.,0.,-1.));
#3682=DIRECTION('center_axis',(0.,0.,-1.));
#3683=DIRECTION('ref_axis',(1.,0.,0.));
#3684=DIRECTION('center_axis',(-1.,0.,0.));
#3685=DIRECTION('ref_axis',(0.,0.,1.));
#3686=DIRECTION('',(8.88178419700125E-16,0.,1.));
#3687=DIRECTION('',(0.,0.707106781186548,0.707106781186547));
#3688=DIRECTION('',(0.,1.,0.));
#3689=DIRECTION('',(8.88178419700125E-16,0.,1.));
#3690=DIRECTION('',(0.,1.,0.));
#3691=DIRECTION('center_axis',(0.,0.,1.));
#3692=DIRECTION('ref_axis',(1.,0.,0.));
#3693=DIRECTION('center_axis',(0.,0.,1.));
#3694=DIRECTION('ref_axis',(1.,0.,0.));
#3695=DIRECTION('',(0.,0.,-1.));
#3696=DIRECTION('center_axis',(0.,0.,-1.));
#3697=DIRECTION('ref_axis',(1.,0.,0.));
#3698=DIRECTION('center_axis',(0.,0.,1.));
#3699=DIRECTION('ref_axis',(-1.,0.,0.));
#3700=DIRECTION('',(-0.5,0.866025403784439,0.));
#3701=DIRECTION('',(0.5,0.866025403784439,0.));
#3702=DIRECTION('',(1.,0.,0.));
#3703=DIRECTION('',(-1.,0.,0.));
#3704=DIRECTION('',(-0.5,0.866025403784439,0.));
#3705=DIRECTION('',(0.5,0.866025403784439,0.));
#3706=DIRECTION('',(1.,0.,0.));
#3707=DIRECTION('',(-1.,0.,0.));
#3708=DIRECTION('',(1.,0.,0.));
#3709=DIRECTION('',(0.,1.,0.));
#3710=DIRECTION('center_axis',(0.,0.,1.));
#3711=DIRECTION('ref_axis',(1.,0.,0.));
#3712=DIRECTION('',(-0.5,0.866025403784439,0.));
#3713=DIRECTION('',(0.5,0.866025403784439,0.));
#3714=DIRECTION('',(1.,0.,0.));
#3715=DIRECTION('',(2.27738056333365E-16,-1.,0.));
#3716=DIRECTION('',(0.5,0.866025403784439,0.));
#3717=DIRECTION('',(1.,0.,0.));
#3718=DIRECTION('center_axis',(0.,0.,1.));
#3719=DIRECTION('ref_axis',(1.,0.,0.));
#3720=DIRECTION('',(0.,-1.,0.));
#3721=DIRECTION('center_axis',(0.,0.,1.));
#3722=DIRECTION('ref_axis',(1.,0.,0.));
#3723=DIRECTION('center_axis',(0.,0.,1.));
#3724=DIRECTION('ref_axis',(1.,0.,0.));
#3725=DIRECTION('center_axis',(0.,0.,1.));
#3726=DIRECTION('ref_axis',(1.,0.,0.));
#3727=DIRECTION('center_axis',(0.,0.,1.));
#3728=DIRECTION('ref_axis',(-1.,0.,0.));
#3729=DIRECTION('center_axis',(0.,0.,1.));
#3730=DIRECTION('ref_axis',(-1.,0.,0.));
#3731=DIRECTION('center_axis',(0.,0.,1.));
#3732=DIRECTION('ref_axis',(1.,0.,0.));
#3733=DIRECTION('',(0.,1.,0.));
#3734=DIRECTION('center_axis',(0.,0.,-1.));
#3735=DIRECTION('ref_axis',(1.,0.,0.));
#3736=DIRECTION('',(1.,0.,0.));
#3737=DIRECTION('',(0.5,0.866025403784439,0.));
#3738=DIRECTION('center_axis',(0.,0.,1.));
#3739=DIRECTION('ref_axis',(1.,0.,0.));
#3740=DIRECTION('center_axis',(0.,0.,1.));
#3741=DIRECTION('ref_axis',(1.,0.,0.));
#3742=DIRECTION('center_axis',(0.,0.,1.));
#3743=DIRECTION('ref_axis',(1.,0.,0.));
#3744=DIRECTION('center_axis',(0.,0.,1.));
#3745=DIRECTION('ref_axis',(1.,0.,0.));
#3746=DIRECTION('center_axis',(0.,0.,-1.));
#3747=DIRECTION('ref_axis',(1.,0.,0.));
#3748=DIRECTION('',(0.,1.,0.));
#3749=DIRECTION('',(-1.,0.,0.));
#3750=DIRECTION('',(-0.5,0.866025403784439,0.));
#3751=DIRECTION('center_axis',(0.,0.,1.));
#3752=DIRECTION('ref_axis',(1.,0.,0.));
#3753=DIRECTION('center_axis',(0.,1.,0.));
#3754=DIRECTION('ref_axis',(0.,0.,1.));
#3755=DIRECTION('',(0.,0.,-1.));
#3756=DIRECTION('',(1.,0.,7.50549284054229E-17));
#3757=DIRECTION('',(-1.,0.,0.));
#3758=DIRECTION('center_axis',(0.,0.,1.));
#3759=DIRECTION('ref_axis',(1.,0.,0.));
#3760=DIRECTION('center_axis',(0.,0.,1.));
#3761=DIRECTION('ref_axis',(1.,0.,0.));
#3762=DIRECTION('center_axis',(0.,0.,1.));
#3763=DIRECTION('ref_axis',(-0.799177016165843,-0.601095746809325,0.));
#3764=DIRECTION('',(0.,0.,-1.));
#3765=DIRECTION('center_axis',(0.,0.,1.));
#3766=DIRECTION('ref_axis',(-0.677685486153488,0.735351876217713,0.));
#3767=DIRECTION('',(0.,0.,-1.));
#3768=DIRECTION('',(0.,0.,1.));
#3769=DIRECTION('center_axis',(0.,1.,0.));
#3770=DIRECTION('ref_axis',(1.,0.,0.));
#3771=DIRECTION('',(0.,0.,-1.));
#3772=DIRECTION('center_axis',(0.,0.,1.));
#3773=DIRECTION('ref_axis',(0.,-1.,0.));
#3774=DIRECTION('',(1.,0.,0.));
#3775=DIRECTION('',(0.5,0.866025403784439,0.));
#3776=DIRECTION('',(1.,0.,0.));
#3777=DIRECTION('',(2.27738056333365E-16,-1.,0.));
#3778=DIRECTION('center_axis',(1.,0.,0.));
#3779=DIRECTION('ref_axis',(0.,0.,1.));
#3780=DIRECTION('',(1.,0.,0.));
#3781=DIRECTION('center_axis',(-1.,-1.10195833709693E-16,0.));
#3782=DIRECTION('ref_axis',(0.,0.,1.));
#3783=DIRECTION('',(1.,0.,0.));
#3784=DIRECTION('center_axis',(1.,2.27738056333365E-16,0.));
#3785=DIRECTION('ref_axis',(0.,0.,1.));
#3786=DIRECTION('center_axis',(0.,0.,-1.));
#3787=DIRECTION('ref_axis',(0.,1.,0.));
#3788=DIRECTION('',(1.10195833709693E-16,-1.,0.));
#3789=DIRECTION('center_axis',(-1.,-2.27738056333365E-16,0.));
#3790=DIRECTION('ref_axis',(-2.27738056333365E-16,1.,0.));
#3791=DIRECTION('',(0.,0.,-1.));
#3792=DIRECTION('',(2.27738056333365E-16,-1.,0.));
#3793=DIRECTION('center_axis',(-5.30718488369454E-17,-0.707106781186547,
0.707106781186548));
#3794=DIRECTION('ref_axis',(1.,0.,7.50549284054229E-17));
#3795=DIRECTION('',(0.,-0.707106781186548,-0.707106781186547));
#3796=DIRECTION('',(-1.,0.,-7.50549284054229E-17));
#3797=DIRECTION('center_axis',(7.50549284054229E-17,0.,-1.));
#3798=DIRECTION('ref_axis',(-1.,0.,-7.50549284054229E-17));
#3799=DIRECTION('',(0.,1.,0.));
#3800=DIRECTION('',(-1.,0.,-7.50549284054229E-17));
#3801=DIRECTION('center_axis',(1.,0.,0.));
#3802=DIRECTION('ref_axis',(0.,0.,-1.));
#3803=DIRECTION('',(0.,0.,-1.));
#3804=DIRECTION('center_axis',(0.,0.,1.));
#3805=DIRECTION('ref_axis',(1.,0.,0.));
#3806=DIRECTION('center_axis',(0.,0.,1.));
#3807=DIRECTION('ref_axis',(1.,0.,0.));
#3808=DIRECTION('',(0.707106781186548,8.65956056235494E-17,-0.707106781186547));
#3809=DIRECTION('center_axis',(0.,0.,-1.));
#3810=DIRECTION('ref_axis',(1.,0.,0.));
#3811=DIRECTION('center_axis',(0.,0.,1.));
#3812=DIRECTION('ref_axis',(1.,0.,0.));
#3813=DIRECTION('',(0.,0.,1.));
#3814=DIRECTION('center_axis',(0.,0.707106781186548,0.707106781186548));
#3815=DIRECTION('ref_axis',(-0.707106781186547,0.5,-0.5));
#3816=DIRECTION('center_axis',(0.,0.707106781186551,0.707106781186544));
#3817=DIRECTION('ref_axis',(0.,0.707106781186544,-0.707106781186551));
#3818=DIRECTION('',(0.,0.707106781186547,0.707106781186547));
#3819=DIRECTION('center_axis',(2.74766180269662E-15,-0.707106781186545,
-0.70710678118655));
#3820=DIRECTION('ref_axis',(-1.,0.,-3.88578058618806E-15));
#3821=DIRECTION('',(0.,-0.707106781186548,-0.707106781186548));
#3822=DIRECTION('center_axis',(1.,0.,0.));
#3823=DIRECTION('ref_axis',(0.,0.707106781186548,-0.707106781186548));
#3824=DIRECTION('center_axis',(0.,-0.707106781186548,0.707106781186548));
#3825=DIRECTION('ref_axis',(6.54205191118237E-17,0.707106781186548,0.707106781186547));
#3826=DIRECTION('center_axis',(-1.11022302462515E-16,0.6,-0.8));
#3827=DIRECTION('ref_axis',(0.,0.8,0.6));
#3828=DIRECTION('center_axis',(-0.170112439679109,-0.941663177664661,-0.2904000993404));
#3829=DIRECTION('ref_axis',(-0.475963149477969,0.336556770590775,-0.812519920068746));
#3830=DIRECTION('center_axis',(-1.,0.,0.));
#3831=DIRECTION('ref_axis',(0.,0.38268343236509,-0.923879532511287));
#3832=DIRECTION('center_axis',(0.,-1.,0.));
#3833=DIRECTION('ref_axis',(-1.,0.,0.));
#3834=DIRECTION('center_axis',(0.,0.,1.));
#3835=DIRECTION('ref_axis',(-0.707106781186546,0.707106781186549,0.));
#3836=DIRECTION('',(0.,0.,1.));
#3837=DIRECTION('center_axis',(0.,0.,-1.));
#3838=DIRECTION('ref_axis',(-0.707106781186546,0.707106781186549,0.));
#3839=DIRECTION('',(0.,0.,-1.));
#3840=DIRECTION('center_axis',(0.,1.,0.));
#3841=DIRECTION('ref_axis',(1.,0.,0.));
#3842=DIRECTION('',(0.,0.,-1.));
#3843=DIRECTION('center_axis',(-0.866025403784439,0.5,0.));
#3844=DIRECTION('ref_axis',(0.5,0.866025403784439,0.));
#3845=DIRECTION('',(0.,0.,-1.));
#3846=DIRECTION('center_axis',(-0.866025403784439,-0.5,0.));
#3847=DIRECTION('ref_axis',(-0.5,0.866025403784439,0.));
#3848=DIRECTION('center_axis',(0.,-1.,0.));
#3849=DIRECTION('ref_axis',(-1.,0.,0.));
#3850=DIRECTION('',(0.,0.,-1.));
#3851=DIRECTION('center_axis',(0.,1.,0.));
#3852=DIRECTION('ref_axis',(1.,0.,0.));
#3853=DIRECTION('',(0.,0.,-1.));
#3854=DIRECTION('center_axis',(-0.866025403784439,0.5,0.));
#3855=DIRECTION('ref_axis',(0.5,0.866025403784439,0.));
#3856=DIRECTION('',(0.,0.,-1.));
#3857=DIRECTION('center_axis',(-0.866025403784439,-0.5,0.));
#3858=DIRECTION('ref_axis',(-0.5,0.866025403784439,0.));
#3859=DIRECTION('center_axis',(0.,0.,-1.));
#3860=DIRECTION('ref_axis',(-1.,0.,0.));
#3861=DIRECTION('center_axis',(0.,0.,-1.));
#3862=DIRECTION('ref_axis',(-1.,0.,0.));
#3863=DIRECTION('',(0.,0.,-1.));
#3864=DIRECTION('center_axis',(0.,0.,-1.));
#3865=DIRECTION('ref_axis',(-1.,0.,0.));
#3866=DIRECTION('center_axis',(0.,0.,-1.));
#3867=DIRECTION('ref_axis',(-1.,0.,0.));
#3868=DIRECTION('',(0.,0.,-1.));
#3869=DIRECTION('center_axis',(0.,0.,1.));
#3870=DIRECTION('ref_axis',(1.,0.,0.));
#3871=DIRECTION('center_axis',(0.,0.,-1.));
#3872=DIRECTION('ref_axis',(1.,0.,0.));
#3873=DIRECTION('',(0.707106781186547,8.65956056235493E-17,-0.707106781186548));
#3874=DIRECTION('center_axis',(0.,0.,-1.));
#3875=DIRECTION('ref_axis',(1.,0.,0.));
#3876=DIRECTION('center_axis',(0.,0.,1.));
#3877=DIRECTION('ref_axis',(1.,0.,0.));
#3878=DIRECTION('',(0.,0.,-1.));
#3879=DIRECTION('center_axis',(0.,0.,1.));
#3880=DIRECTION('ref_axis',(1.,0.,0.));
#3881=DIRECTION('center_axis',(0.,0.,-1.));
#3882=DIRECTION('ref_axis',(-1.,0.,0.));
#3883=DIRECTION('',(0.,0.,-1.));
#3884=DIRECTION('center_axis',(0.,0.,-1.));
#3885=DIRECTION('ref_axis',(-4.4408920985006E-15,1.,0.));
#3886=DIRECTION('center_axis',(0.,0.,-1.));
#3887=DIRECTION('ref_axis',(-4.4408920985006E-15,1.,0.));
#3888=DIRECTION('',(0.,0.,-1.));
#3889=DIRECTION('center_axis',(0.,0.,1.));
#3890=DIRECTION('ref_axis',(-4.4408920985006E-15,1.,0.));
#3891=DIRECTION('',(0.,0.,-1.));
#3892=DIRECTION('center_axis',(-1.,0.,0.));
#3893=DIRECTION('ref_axis',(0.,1.,0.));
#3894=DIRECTION('',(0.,1.,0.));
#3895=DIRECTION('',(0.,0.,1.));
#3896=DIRECTION('',(0.,-1.,0.));
#3897=DIRECTION('center_axis',(0.,1.,0.));
#3898=DIRECTION('ref_axis',(-0.707106781186546,0.,-0.707106781186549));
#3899=DIRECTION('',(0.,-1.,0.));
#3900=DIRECTION('center_axis',(0.,-1.,0.));
#3901=DIRECTION('ref_axis',(-1.,0.,0.));
#3902=DIRECTION('center_axis',(1.,0.,0.));
#3903=DIRECTION('ref_axis',(0.,-1.,0.));
#3904=DIRECTION('',(0.,1.,0.));
#3905=DIRECTION('',(0.,0.,-1.));
#3906=DIRECTION('',(0.,-1.,0.));
#3907=DIRECTION('center_axis',(0.,0.,-1.));
#3908=DIRECTION('ref_axis',(-1.,-2.22044604925031E-15,0.));
#3909=DIRECTION('center_axis',(0.,0.,-1.));
#3910=DIRECTION('ref_axis',(-0.707106781186546,-0.707106781186549,0.));
#3911=DIRECTION('',(0.,0.,1.));
#3912=DIRECTION('center_axis',(0.,0.,1.));
#3913=DIRECTION('ref_axis',(-1.,-2.22044604925031E-15,0.));
#3914=DIRECTION('center_axis',(0.,0.,-1.));
#3915=DIRECTION('ref_axis',(-1.,-4.4408920985006E-15,0.));
#3916=DIRECTION('center_axis',(0.,0.,-1.));
#3917=DIRECTION('ref_axis',(-1.,-4.4408920985006E-15,0.));
#3918=DIRECTION('',(0.,0.,-1.));
#3919=DIRECTION('center_axis',(0.,0.,1.));
#3920=DIRECTION('ref_axis',(-1.,-4.4408920985006E-15,0.));
#3921=DIRECTION('center_axis',(0.,0.,1.));
#3922=DIRECTION('ref_axis',(1.,0.,0.));
#3923=DIRECTION('center_axis',(0.,0.,-1.));
#3924=DIRECTION('ref_axis',(-1.,0.,0.));
#3925=DIRECTION('',(0.,0.,-1.));
#3926=DIRECTION('center_axis',(0.,0.,-1.));
#3927=DIRECTION('ref_axis',(1.,0.,0.));
#3928=DIRECTION('center_axis',(0.,0.,1.));
#3929=DIRECTION('ref_axis',(1.,0.,0.));
#3930=DIRECTION('center_axis',(0.,0.,-1.));
#3931=DIRECTION('ref_axis',(1.,0.,0.));
#3932=DIRECTION('',(0.,0.,-1.));
#3933=DIRECTION('center_axis',(0.,0.,1.));
#3934=DIRECTION('ref_axis',(1.,0.,0.));
#3935=DIRECTION('',(0.707106781186547,8.65956056235493E-17,-0.707106781186548));
#3936=DIRECTION('center_axis',(0.,0.,-1.));
#3937=DIRECTION('ref_axis',(-1.,0.,0.));
#3938=DIRECTION('center_axis',(0.,0.,1.));
#3939=DIRECTION('ref_axis',(-0.707106781186546,-0.707106781186549,0.));
#3940=DIRECTION('center_axis',(1.,0.,0.));
#3941=DIRECTION('ref_axis',(0.,-1.,0.));
#3942=DIRECTION('center_axis',(0.,0.,-1.));
#3943=DIRECTION('ref_axis',(1.,4.4408920985006E-15,0.));
#3944=DIRECTION('center_axis',(0.,0.,-1.));
#3945=DIRECTION('ref_axis',(1.,4.4408920985006E-15,0.));
#3946=DIRECTION('',(0.,0.,-1.));
#3947=DIRECTION('center_axis',(0.,0.,1.));
#3948=DIRECTION('ref_axis',(1.,4.4408920985006E-15,0.));
#3949=DIRECTION('',(0.,0.,-1.));
#3950=DIRECTION('center_axis',(0.,-1.,0.));
#3951=DIRECTION('ref_axis',(-1.,0.,0.));
#3952=DIRECTION('',(-1.,0.,0.));
#3953=DIRECTION('',(1.,0.,0.));
#3954=DIRECTION('center_axis',(0.,0.,1.));
#3955=DIRECTION('ref_axis',(1.,0.,0.));
#3956=DIRECTION('center_axis',(0.,0.,-1.));
#3957=DIRECTION('ref_axis',(-1.,0.,0.));
#3958=DIRECTION('',(0.,0.,-1.));
#3959=DIRECTION('center_axis',(0.,0.,-1.));
#3960=DIRECTION('ref_axis',(1.,0.,0.));
#3961=DIRECTION('center_axis',(0.,0.,1.));
#3962=DIRECTION('ref_axis',(1.,0.,0.));
#3963=DIRECTION('center_axis',(0.,0.,-1.));
#3964=DIRECTION('ref_axis',(1.,0.,0.));
#3965=DIRECTION('',(0.,0.,-1.));
#3966=DIRECTION('center_axis',(0.,0.,1.));
#3967=DIRECTION('ref_axis',(1.,0.,0.));
#3968=DIRECTION('',(0.707106781186547,8.65956056235493E-17,-0.707106781186548));
#3969=DIRECTION('center_axis',(0.,0.,1.));
#3970=DIRECTION('ref_axis',(0.,-1.,0.));
#3971=DIRECTION('',(-1.10195833709693E-16,1.,0.));
#3972=DIRECTION('center_axis',(0.,0.,1.));
#3973=DIRECTION('ref_axis',(1.,0.,0.));
#3974=DIRECTION('center_axis',(0.,0.,-1.));
#3975=DIRECTION('ref_axis',(1.,0.,0.));
#3976=DIRECTION('',(0.,0.,-1.));
#3977=DIRECTION('center_axis',(0.,0.,1.));
#3978=DIRECTION('ref_axis',(1.,0.,0.));
#3979=DIRECTION('center_axis',(0.,0.,-1.));
#3980=DIRECTION('ref_axis',(1.,0.,0.));
#3981=DIRECTION('',(0.,0.,-1.));
#3982=DIRECTION('center_axis',(-0.866025403784439,0.5,0.));
#3983=DIRECTION('ref_axis',(0.5,0.866025403784439,0.));
#3984=DIRECTION('',(0.,0.,-1.));
#3985=DIRECTION('',(0.,0.,-1.));
#3986=DIRECTION('center_axis',(-0.866025403784439,-0.5,0.));
#3987=DIRECTION('ref_axis',(-0.5,0.866025403784439,0.));
#3988=DIRECTION('center_axis',(0.,1.,0.));
#3989=DIRECTION('ref_axis',(1.,0.,0.));
#3990=DIRECTION('center_axis',(-0.866025403784439,0.5,0.));
#3991=DIRECTION('ref_axis',(0.5,0.866025403784439,0.));
#3992=DIRECTION('center_axis',(-1.,0.,0.));
#3993=DIRECTION('ref_axis',(0.,0.382683432365089,-0.923879532511287));
#3994=DIRECTION('',(1.,0.,0.));
#3995=DIRECTION('center_axis',(1.,0.,0.));
#3996=DIRECTION('ref_axis',(0.,0.38268343236509,-0.923879532511287));
#3997=DIRECTION('',(-1.,0.,0.));
#3998=DIRECTION('center_axis',(0.,0.707106781186548,-0.707106781186548));
#3999=DIRECTION('ref_axis',(-1.,0.,0.));
#4000=DIRECTION('',(-1.,0.,0.));
#4001=DIRECTION('center_axis',(0.,-0.707106781186548,0.707106781186548));
#4002=DIRECTION('ref_axis',(0.,0.707106781186547,0.707106781186547));
#4003=DIRECTION('',(-7.7920221274629E-17,0.707106781186548,0.707106781186548));
#4004=DIRECTION('center_axis',(0.,0.,1.));
#4005=DIRECTION('ref_axis',(0.707106781186548,0.707106781186548,0.));
#4006=DIRECTION('center_axis',(0.,0.600000000000001,-0.8));
#4007=DIRECTION('ref_axis',(0.,0.8,0.600000000000001));
#4008=DIRECTION('',(0.,0.,1.));
#4009=DIRECTION('center_axis',(0.,0.,-1.));
#4010=DIRECTION('ref_axis',(0.707106781186548,0.707106781186548,0.));
#4011=DIRECTION('',(0.,0.,-1.));
#4012=DIRECTION('center_axis',(0.170112439679109,-0.94166317766466,-0.290400099340403));
#4013=DIRECTION('ref_axis',(0.475963149477956,0.336556770590782,-0.812519920068751));
#4014=DIRECTION('center_axis',(0.,-1.,0.));
#4015=DIRECTION('ref_axis',(-8.88178419700124E-15,0.,-1.));
#4016=DIRECTION('center_axis',(0.,0.707106781186549,0.707106781186546));
#4017=DIRECTION('ref_axis',(1.,0.,0.));
#4018=DIRECTION('center_axis',(7.7920221274629E-17,-0.707106781186548,-0.707106781186548));
#4019=DIRECTION('ref_axis',(0.707106781186541,0.500000000000005,-0.500000000000005));
#4020=DIRECTION('center_axis',(0.,0.707106781186548,0.707106781186548));
#4021=DIRECTION('ref_axis',(1.,0.,0.));
#4022=DIRECTION('',(7.7920221274629E-17,-0.707106781186548,-0.707106781186548));
#4023=DIRECTION('center_axis',(-1.,0.,0.));
#4024=DIRECTION('ref_axis',(0.,1.,0.));
#4025=DIRECTION('center_axis',(1.,0.,0.));
#4026=DIRECTION('ref_axis',(0.,0.923879532511287,-0.38268343236509));
#4027=DIRECTION('',(1.,0.,0.));
#4028=DIRECTION('center_axis',(0.,1.,0.));
#4029=DIRECTION('ref_axis',(0.,0.,1.));
#4030=DIRECTION('center_axis',(0.,1.,0.));
#4031=DIRECTION('ref_axis',(1.,0.,0.));
#4032=DIRECTION('',(-1.,0.,0.));
#4033=DIRECTION('center_axis',(0.,0.,1.));
#4034=DIRECTION('ref_axis',(1.,0.,0.));
#4035=DIRECTION('',(1.,0.,0.));
#4036=DIRECTION('',(-1.10195833709693E-16,1.,0.));
#4037=DIRECTION('center_axis',(0.,0.,1.));
#4038=DIRECTION('ref_axis',(0.707106781186541,-0.707106781186554,0.));
#4039=DIRECTION('',(1.,0.,0.));
#4040=DIRECTION('center_axis',(0.,0.,1.));
#4041=DIRECTION('ref_axis',(-4.44089209850064E-15,-1.,0.));
#4042=DIRECTION('',(-1.10195833709693E-16,1.,0.));
#4043=DIRECTION('center_axis',(1.10195833709693E-16,-1.,0.));
#4044=DIRECTION('ref_axis',(0.707106781186546,0.,-0.707106781186549));
#4045=DIRECTION('',(1.10195833709693E-16,-1.,0.));
#4046=DIRECTION('center_axis',(0.,1.,0.));
#4047=DIRECTION('ref_axis',(1.,0.,0.));
#4048=DIRECTION('center_axis',(1.,1.10195833709693E-16,0.));
#4049=DIRECTION('ref_axis',(1.10195833709693E-16,-1.,0.));
#4050=DIRECTION('',(0.,1.,0.));
#4051=DIRECTION('',(0.,0.,1.));
#4052=DIRECTION('center_axis',(0.,0.,1.));
#4053=DIRECTION('ref_axis',(-1.,0.,0.));
#4054=DIRECTION('',(1.,1.10195833709693E-16,0.));
#4055=DIRECTION('center_axis',(0.,0.,1.));
#4056=DIRECTION('ref_axis',(-2.22044604925032E-15,-1.,0.));
#4057=DIRECTION('center_axis',(0.,0.,-1.));
#4058=DIRECTION('ref_axis',(-1.,0.,0.));
#4059=DIRECTION('center_axis',(0.,0.,-1.));
#4060=DIRECTION('ref_axis',(-1.,0.,0.));
#4061=DIRECTION('center_axis',(1.,0.,0.));
#4062=DIRECTION('ref_axis',(0.,-1.,0.));
#4063=DIRECTION('center_axis',(0.,0.,-1.));
#4064=DIRECTION('ref_axis',(0.707106781186541,-0.707106781186554,0.));
#4065=DIRECTION('center_axis',(-1.,0.,0.));
#4066=DIRECTION('ref_axis',(0.,-0.707106781186546,-0.707106781186549));
#4067=DIRECTION('',(-1.,0.,0.));
#4068=DIRECTION('center_axis',(0.,0.,-1.));
#4069=DIRECTION('ref_axis',(-2.22044604925032E-15,-1.,0.));
#4070=DIRECTION('',(0.,0.,1.));
#4071=DIRECTION('center_axis',(1.,0.,0.));
#4072=DIRECTION('ref_axis',(0.,0.,1.));
#4073=DIRECTION('center_axis',(0.,0.,1.));
#4074=DIRECTION('ref_axis',(1.,0.,0.));
#4075=DIRECTION('center_axis',(0.,0.,-1.));
#4076=DIRECTION('ref_axis',(1.,0.,0.));
#4077=DIRECTION('',(0.707106781186547,8.65956056235493E-17,-0.707106781186548));
#4078=DIRECTION('center_axis',(0.,0.,-1.));
#4079=DIRECTION('ref_axis',(1.,0.,0.));
#4080=DIRECTION('center_axis',(0.,0.,1.));
#4081=DIRECTION('ref_axis',(1.,0.,0.));
#4082=DIRECTION('',(0.,0.,-1.));
#4083=DIRECTION('center_axis',(0.,0.,1.));
#4084=DIRECTION('ref_axis',(1.,0.,0.));
#4085=DIRECTION('',(0.,0.,-1.));
#4086=DIRECTION('center_axis',(-1.,-1.10195833709693E-16,0.));
#4087=DIRECTION('ref_axis',(-1.10195833709693E-16,1.,0.));
#4088=DIRECTION('',(0.,0.,-1.));
#4089=DIRECTION('',(1.10195833709693E-16,-1.,0.));
#4090=DIRECTION('center_axis',(0.,0.,-1.));
#4091=DIRECTION('ref_axis',(-4.44089209850064E-15,-1.,0.));
#4092=DIRECTION('center_axis',(0.,0.,-1.));
#4093=DIRECTION('ref_axis',(-4.44089209850064E-15,-1.,0.));
#4094=DIRECTION('',(0.,0.,-1.));
#4095=DIRECTION('center_axis',(0.,-1.,0.));
#4096=DIRECTION('ref_axis',(-1.,0.,0.));
#4097=DIRECTION('center_axis',(0.,0.,1.));
#4098=DIRECTION('ref_axis',(1.,0.,0.));
#4099=DIRECTION('',(-1.,0.,0.));
#4100=DIRECTION('center_axis',(0.,1.,0.));
#4101=DIRECTION('ref_axis',(1.,0.,0.));
#4102=DIRECTION('axis',(0.,0.,1.));
#4103=DIRECTION('refdir',(1.,0.,0.));
#4104=DIRECTION('center_axis',(1.,0.,0.));
#4105=DIRECTION('ref_axis',(0.,-2.77555756156289E-17,-1.));
#4106=DIRECTION('center_axis',(-1.,0.,0.));
#4107=DIRECTION('ref_axis',(0.,-2.77555756156289E-17,-1.));
#4108=DIRECTION('',(1.,0.,0.));
#4109=DIRECTION('center_axis',(-1.,6.93889390390723E-18,0.));
#4110=DIRECTION('ref_axis',(-1.92592994438724E-34,-2.77555756156289E-17,
-1.));
#4111=DIRECTION('',(1.,0.,0.));
#4112=DIRECTION('center_axis',(0.,2.77555756156289E-17,1.));
#4113=DIRECTION('ref_axis',(-6.93889390390723E-18,-1.,2.77555756156289E-17));
#4114=DIRECTION('',(-2.77555756156288E-17,-1.,2.77555756156289E-17));
#4115=DIRECTION('',(-6.93889390390723E-18,-1.,2.77555756156289E-17));
#4116=DIRECTION('',(1.,0.,0.));
#4117=DIRECTION('center_axis',(1.,0.,0.));
#4118=DIRECTION('ref_axis',(0.,3.01643772400187E-16,1.));
#4119=DIRECTION('center_axis',(-1.,0.,0.));
#4120=DIRECTION('ref_axis',(0.,3.01643772400187E-16,1.));
#4121=DIRECTION('center_axis',(-1.,6.93889390390723E-18,0.));
#4122=DIRECTION('ref_axis',(2.09307413345924E-33,3.01643772400187E-16,1.));
#4123=DIRECTION('',(1.,0.,0.));
#4124=DIRECTION('center_axis',(0.,-2.77555756156289E-17,-1.));
#4125=DIRECTION('ref_axis',(6.93889390390723E-18,1.,-2.77555756156289E-17));
#4126=DIRECTION('',(-2.77555756156286E-17,1.,-2.77555756156289E-17));
#4127=DIRECTION('',(6.93889390390723E-18,1.,-2.77555756156289E-17));
#4128=DIRECTION('center_axis',(1.,-6.93889390390723E-18,0.));
#4129=DIRECTION('ref_axis',(6.93889390390723E-18,1.,-2.77555756156289E-17));
#4130=DIRECTION('center_axis',(1.,-6.93889390390723E-18,0.));
#4131=DIRECTION('ref_axis',(0.,0.,-1.));
#4132=DIRECTION('',(-6.93889390390723E-18,-1.,0.));
#4133=DIRECTION('center_axis',(1.,-6.93889390390723E-18,0.));
#4134=DIRECTION('ref_axis',(0.,0.,1.));
#4135=DIRECTION('',(6.93889390390723E-18,1.,0.));
#4136=DIRECTION('center_axis',(1.,0.,0.));
#4137=DIRECTION('ref_axis',(0.,0.,1.));
#4138=DIRECTION('',(0.707106781186546,0.,-0.707106781186549));
#4139=DIRECTION('center_axis',(1.,0.,0.));
#4140=DIRECTION('ref_axis',(0.,0.,1.));
#4141=DIRECTION('',(0.707106781186547,0.,0.707106781186548));
#4142=DIRECTION('center_axis',(-0.707106781186549,0.,-0.707106781186546));
#4143=DIRECTION('ref_axis',(-0.707106781186546,0.,0.707106781186549));
#4144=DIRECTION('',(-0.707106781186546,0.,0.707106781186549));
#4145=DIRECTION('',(0.,1.,0.));
#4146=DIRECTION('center_axis',(1.,0.,0.));
#4147=DIRECTION('ref_axis',(0.,0.,1.));
#4148=DIRECTION('',(1.,0.,0.));
#4149=DIRECTION('center_axis',(1.,0.,0.));
#4150=DIRECTION('ref_axis',(0.,0.,1.));
#4151=DIRECTION('',(1.,0.,0.));
#4152=DIRECTION('center_axis',(0.,0.,1.));
#4153=DIRECTION('ref_axis',(0.,-1.,0.));
#4154=DIRECTION('',(1.,0.,0.));
#4155=DIRECTION('',(0.,-1.,0.));
#4156=DIRECTION('center_axis',(-0.707106781186552,0.,0.707106781186543));
#4157=DIRECTION('ref_axis',(0.707106781186543,0.,0.707106781186552));
#4158=DIRECTION('',(0.,-1.,0.));
#4159=DIRECTION('',(0.707106781186543,0.,0.707106781186552));
#4160=DIRECTION('center_axis',(1.,0.,0.));
#4161=DIRECTION('ref_axis',(0.,0.,-1.));
#4162=DIRECTION('center_axis',(1.,0.,0.));
#4163=DIRECTION('ref_axis',(0.,0.,-1.));
#4164=DIRECTION('center_axis',(1.,0.,0.));
#4165=DIRECTION('ref_axis',(0.,0.,-1.));
#4166=DIRECTION('',(1.,0.,0.));
#4167=DIRECTION('center_axis',(1.,0.,0.));
#4168=DIRECTION('ref_axis',(0.,0.,-1.));
#4169=DIRECTION('center_axis',(0.,0.,-1.));
#4170=DIRECTION('ref_axis',(0.,1.,0.));
#4171=DIRECTION('',(0.,1.,0.));
#4172=DIRECTION('center_axis',(1.,0.,0.));
#4173=DIRECTION('ref_axis',(0.,1.,0.));
#4174=DIRECTION('center_axis',(-0.707106781186549,0.,-0.707106781186546));
#4175=DIRECTION('ref_axis',(-0.707106781186546,0.,0.707106781186549));
#4176=DIRECTION('',(0.707106781186546,0.,-0.707106781186549));
#4177=DIRECTION('',(0.,-1.,0.));
#4178=DIRECTION('',(-0.707106781186546,0.,0.707106781186549));
#4179=DIRECTION('center_axis',(1.,0.,0.));
#4180=DIRECTION('ref_axis',(0.,0.,1.));
#4181=DIRECTION('',(0.707106781186546,0.,0.707106781186549));
#4182=DIRECTION('center_axis',(-1.,0.,0.));
#4183=DIRECTION('ref_axis',(0.,0.,1.));
#4184=DIRECTION('center_axis',(-0.707106781186549,0.,0.707106781186546));
#4185=DIRECTION('ref_axis',(0.707106781186546,0.,0.707106781186549));
#4186=DIRECTION('',(0.707106781186546,0.,0.707106781186549));
#4187=DIRECTION('',(0.,1.,0.));
#4188=DIRECTION('center_axis',(1.,0.,0.));
#4189=DIRECTION('ref_axis',(0.,0.,-1.));
#4190=DIRECTION('center_axis',(-1.,0.,0.));
#4191=DIRECTION('ref_axis',(0.,0.,-1.));
#4192=DIRECTION('center_axis',(1.,0.,0.));
#4193=DIRECTION('ref_axis',(0.,1.,0.));
#4194=DIRECTION('',(0.,-1.,0.));
#4195=DIRECTION('center_axis',(1.,0.,0.));
#4196=DIRECTION('ref_axis',(0.,-3.66799866039099E-16,-1.));
#4197=DIRECTION('',(0.,1.,-3.70074341541719E-16));
#4198=DIRECTION('center_axis',(1.,0.,0.));
#4199=DIRECTION('ref_axis',(0.,0.,1.));
#4200=DIRECTION('center_axis',(0.707106781186548,-2.61682076447296E-16,
-0.707106781186547));
#4201=DIRECTION('ref_axis',(-0.707106781186547,0.,-0.707106781186548));
#4202=DIRECTION('',(0.707106781186546,0.,0.707106781186549));
#4203=DIRECTION('',(0.,-1.,3.70074341541719E-16));
#4204=DIRECTION('',(-0.707106781186546,0.,-0.707106781186549));
#4205=DIRECTION('',(0.,1.,-3.70074341541719E-16));
#4206=DIRECTION('center_axis',(-1.,0.,0.));
#4207=DIRECTION('ref_axis',(0.,-3.66799866039099E-16,-1.));
#4208=DIRECTION('',(0.707106781186546,0.,-0.707106781186549));
#4209=DIRECTION('center_axis',(-1.,0.,0.));
#4210=DIRECTION('ref_axis',(0.,-3.66799866039099E-16,-1.));
#4211=DIRECTION('center_axis',(1.,0.,0.));
#4212=DIRECTION('ref_axis',(0.,-3.66799866039099E-16,-1.));
#4213=DIRECTION('center_axis',(0.707106781186549,0.,0.707106781186546));
#4214=DIRECTION('ref_axis',(0.707106781186546,0.,-0.707106781186549));
#4215=DIRECTION('',(0.707106781186546,0.,-0.707106781186549));
#4216=DIRECTION('',(0.,1.,0.));
#4217=DIRECTION('',(0.,-1.,0.));
#4218=DIRECTION('center_axis',(-1.,0.,0.));
#4219=DIRECTION('ref_axis',(0.,0.,1.));
#4220=DIRECTION('center_axis',(-1.,0.,0.));
#4221=DIRECTION('ref_axis',(0.,0.,1.));
#4222=DIRECTION('center_axis',(1.,0.,0.));
#4223=DIRECTION('ref_axis',(0.,0.,1.));
#4224=DIRECTION('center_axis',(1.,0.,0.));
#4225=DIRECTION('ref_axis',(0.,-3.66799866039099E-16,-1.));
#4226=DIRECTION('',(1.,0.,0.));
#4227=DIRECTION('',(1.,0.,0.));
#4228=DIRECTION('center_axis',(0.,-3.70074341541719E-16,-1.));
#4229=DIRECTION('ref_axis',(0.,1.,-3.70074341541719E-16));
#4230=DIRECTION('',(1.,0.,0.));
#4231=DIRECTION('center_axis',(1.,0.,0.));
#4232=DIRECTION('ref_axis',(0.,1.,0.));
#4233=DIRECTION('center_axis',(1.,0.,0.));
#4234=DIRECTION('ref_axis',(0.,0.,1.));
#4235=DIRECTION('',(1.,0.,0.));
#4236=DIRECTION('center_axis',(0.,0.,1.));
#4237=DIRECTION('ref_axis',(0.,-1.,0.));
#4238=DIRECTION('axis',(0.,0.,1.));
#4239=DIRECTION('refdir',(1.,0.,0.));
#4240=DIRECTION('center_axis',(1.,0.,0.));
#4241=DIRECTION('ref_axis',(0.,1.,0.));
#4242=DIRECTION('center_axis',(1.,0.,0.));
#4243=DIRECTION('ref_axis',(0.,-3.8592539961289E-16,-1.));
#4244=DIRECTION('',(0.,1.,0.));
#4245=DIRECTION('center_axis',(1.,0.,0.));
#4246=DIRECTION('ref_axis',(0.,0.,1.));
#4247=DIRECTION('',(0.,-1.,0.));
#4248=DIRECTION('',(0.,1.,0.));
#4249=DIRECTION('center_axis',(-1.,0.,0.));
#4250=DIRECTION('ref_axis',(0.,2.73888196784558E-16,1.));
#4251=DIRECTION('',(0.,-1.,0.));
#4252=DIRECTION('center_axis',(-1.,0.,0.));
#4253=DIRECTION('ref_axis',(0.,0.,-1.));
#4254=DIRECTION('center_axis',(-1.,0.,0.));
#4255=DIRECTION('ref_axis',(0.,0.,-1.));
#4256=DIRECTION('',(-1.,0.,0.));
#4257=DIRECTION('center_axis',(-1.,0.,0.));
#4258=DIRECTION('ref_axis',(0.,0.,-1.));
#4259=DIRECTION('',(-1.,0.,0.));
#4260=DIRECTION('center_axis',(0.,0.,1.));
#4261=DIRECTION('ref_axis',(0.,1.,0.));
#4262=DIRECTION('',(-1.,0.,0.));
#4263=DIRECTION('',(0.,-1.,0.));
#4264=DIRECTION('center_axis',(0.,0.,1.));
#4265=DIRECTION('ref_axis',(0.,1.,0.));
#4266=DIRECTION('',(-1.,0.,0.));
#4267=DIRECTION('',(0.,1.,0.));
#4268=DIRECTION('',(-1.,0.,0.));
#4269=DIRECTION('center_axis',(-1.,0.,0.));
#4270=DIRECTION('ref_axis',(0.,0.,1.));
#4271=DIRECTION('',(-1.,0.,0.));
#4272=DIRECTION('center_axis',(-1.,0.,0.));
#4273=DIRECTION('ref_axis',(0.,0.,1.));
#4274=DIRECTION('center_axis',(-1.,0.,0.));
#4275=DIRECTION('ref_axis',(0.,2.73888196784558E-16,1.));
#4276=DIRECTION('',(-1.,0.,0.));
#4277=DIRECTION('center_axis',(-1.,0.,0.));
#4278=DIRECTION('ref_axis',(0.,2.73888196784558E-16,1.));
#4279=DIRECTION('center_axis',(0.,0.,-1.));
#4280=DIRECTION('ref_axis',(0.,-1.,0.));
#4281=DIRECTION('',(0.,1.,0.));
#4282=DIRECTION('center_axis',(0.,0.,-1.));
#4283=DIRECTION('ref_axis',(0.,-1.,0.));
#4284=DIRECTION('',(-1.,0.,0.));
#4285=DIRECTION('',(0.,-1.,0.));
#4286=DIRECTION('center_axis',(-1.,0.,0.));
#4287=DIRECTION('ref_axis',(0.,-3.8592539961289E-16,-1.));
#4288=DIRECTION('center_axis',(-1.,0.,0.));
#4289=DIRECTION('ref_axis',(0.,-3.8592539961289E-16,-1.));
#4290=DIRECTION('center_axis',(0.707106781186549,0.,0.707106781186546));
#4291=DIRECTION('ref_axis',(0.707106781186546,0.,-0.707106781186549));
#4292=DIRECTION('',(0.707106781186546,0.,-0.707106781186549));
#4293=DIRECTION('',(0.,1.,0.));
#4294=DIRECTION('',(-0.707106781186546,0.,0.707106781186549));
#4295=DIRECTION('center_axis',(1.,0.,0.));
#4296=DIRECTION('ref_axis',(0.,2.73888196784558E-16,1.));
#4297=DIRECTION('',(0.707106781186546,-7.85046229341889E-16,0.707106781186549));
#4298=DIRECTION('center_axis',(1.,0.,0.));
#4299=DIRECTION('ref_axis',(0.,2.73888196784558E-16,1.));
#4300=DIRECTION('center_axis',(0.707106781186549,0.,-0.707106781186546));
#4301=DIRECTION('ref_axis',(-0.707106781186546,0.,-0.707106781186549));
#4302=DIRECTION('',(0.707106781186546,0.,0.707106781186549));
#4303=DIRECTION('',(0.,-1.,0.));
#4304=DIRECTION('center_axis',(1.,0.,0.));
#4305=DIRECTION('ref_axis',(0.,0.,-1.));
#4306=DIRECTION('center_axis',(1.,0.,0.));
#4307=DIRECTION('ref_axis',(0.,0.,-1.));
#4308=DIRECTION('center_axis',(1.,0.,0.));
#4309=DIRECTION('ref_axis',(0.,1.,0.));
#4310=DIRECTION('axis',(0.,0.,1.));
#4311=DIRECTION('refdir',(1.,0.,0.));
#4312=DIRECTION('center_axis',(0.,0.766044443118978,-0.642787609686539));
#4313=DIRECTION('ref_axis',(-1.,0.,0.));
#4314=DIRECTION('',(0.,0.766044443118978,-0.642787609686539));
#4315=DIRECTION('center_axis',(0.,0.766044443118978,-0.642787609686539));
#4316=DIRECTION('ref_axis',(-1.,0.,0.));
#4317=DIRECTION('center_axis',(0.,-0.766044443118978,0.642787609686539));
#4318=DIRECTION('ref_axis',(-1.,0.,0.));
#4319=DIRECTION('center_axis',(0.,0.549508978070806,-0.835487811412936));
#4320=DIRECTION('ref_axis',(-1.,0.,0.));
#4321=DIRECTION('',(0.,0.549508978070806,-0.835487811412936));
#4322=DIRECTION('center_axis',(0.,0.549508978070806,-0.835487811412936));
#4323=DIRECTION('ref_axis',(-1.,0.,0.));
#4324=DIRECTION('center_axis',(0.,-0.549508978070806,0.835487811412936));
#4325=DIRECTION('ref_axis',(-1.,0.,0.));
#4326=DIRECTION('center_axis',(0.,0.28680323271109,-0.957989512315489));
#4327=DIRECTION('ref_axis',(-1.,0.,0.));
#4328=DIRECTION('',(0.,0.28680323271109,-0.957989512315489));
#4329=DIRECTION('center_axis',(0.,0.28680323271109,-0.957989512315489));
#4330=DIRECTION('ref_axis',(-1.,0.,0.));
#4331=DIRECTION('center_axis',(0.,-0.28680323271109,0.957989512315489));
#4332=DIRECTION('ref_axis',(-1.,0.,0.));
#4333=DIRECTION('center_axis',(0.,-0.28680323271109,-0.957989512315489));
#4334=DIRECTION('ref_axis',(-1.,0.,0.));
#4335=DIRECTION('',(0.,-0.28680323271109,-0.957989512315489));
#4336=DIRECTION('center_axis',(0.,-0.28680323271109,-0.957989512315489));
#4337=DIRECTION('ref_axis',(-1.,0.,0.));
#4338=DIRECTION('center_axis',(0.,0.28680323271109,0.957989512315489));
#4339=DIRECTION('ref_axis',(-1.,0.,0.));
#4340=DIRECTION('center_axis',(0.,-0.549508978070806,-0.835487811412936));
#4341=DIRECTION('ref_axis',(-1.,0.,0.));
#4342=DIRECTION('',(0.,-0.549508978070806,-0.835487811412936));
#4343=DIRECTION('center_axis',(0.,-0.549508978070806,-0.835487811412936));
#4344=DIRECTION('ref_axis',(-1.,0.,0.));
#4345=DIRECTION('center_axis',(0.,0.549508978070806,0.835487811412936));
#4346=DIRECTION('ref_axis',(-1.,0.,0.));
#4347=DIRECTION('center_axis',(0.,-0.766044443118978,-0.642787609686539));
#4348=DIRECTION('ref_axis',(-1.,0.,0.));
#4349=DIRECTION('',(0.,-0.766044443118978,-0.642787609686539));
#4350=DIRECTION('center_axis',(0.,-0.766044443118978,-0.642787609686539));
#4351=DIRECTION('ref_axis',(-1.,0.,0.));
#4352=DIRECTION('center_axis',(0.,0.766044443118978,0.642787609686539));
#4353=DIRECTION('ref_axis',(-1.,0.,0.));
#4354=DIRECTION('center_axis',(0.,0.,-1.));
#4355=DIRECTION('ref_axis',(-1.,0.,0.));
#4356=DIRECTION('',(0.,0.,-1.));
#4357=DIRECTION('center_axis',(0.,0.,-1.));
#4358=DIRECTION('ref_axis',(-1.,0.,0.));
#4359=DIRECTION('center_axis',(0.,0.,1.));
#4360=DIRECTION('ref_axis',(-1.,0.,0.));
#4361=DIRECTION('center_axis',(0.,0.,-1.));
#4362=DIRECTION('ref_axis',(-1.,0.,0.));
#4363=DIRECTION('center_axis',(0.,0.,-1.));
#4364=DIRECTION('ref_axis',(-1.,0.,0.));
#4365=DIRECTION('',(0.,0.,-1.));
#4366=DIRECTION('center_axis',(0.,0.,-1.));
#4367=DIRECTION('ref_axis',(-1.,0.,0.));
#4368=DIRECTION('center_axis',(0.,0.,1.));
#4369=DIRECTION('ref_axis',(-1.,0.,0.));
#4370=DIRECTION('center_axis',(0.,0.,1.));
#4371=DIRECTION('ref_axis',(-1.,0.,0.));
#4372=DIRECTION('center_axis',(0.,0.,-1.));
#4373=DIRECTION('ref_axis',(-1.,0.,0.));
#4374=DIRECTION('center_axis',(0.,0.,-1.));
#4375=DIRECTION('ref_axis',(-1.,0.,0.));
#4376=DIRECTION('',(0.,0.,-1.));
#4377=DIRECTION('center_axis',(0.,0.,-1.));
#4378=DIRECTION('ref_axis',(-1.,0.,0.));
#4379=DIRECTION('center_axis',(0.,0.,1.));
#4380=DIRECTION('ref_axis',(-1.,0.,0.));
#4381=DIRECTION('center_axis',(0.,0.,1.));
#4382=DIRECTION('ref_axis',(-1.,0.,0.));
#4383=DIRECTION('center_axis',(1.,0.,0.));
#4384=DIRECTION('ref_axis',(0.,-1.,0.));
#4385=DIRECTION('center_axis',(1.,0.,0.));
#4386=DIRECTION('ref_axis',(0.,-1.,0.));
#4387=DIRECTION('',(-1.,0.,0.));
#4388=DIRECTION('center_axis',(-1.,0.,0.));
#4389=DIRECTION('ref_axis',(0.,-1.,0.));
#4390=DIRECTION('',(1.,0.,0.));
#4391=DIRECTION('center_axis',(0.,-0.216930457818656,-0.976187060183953));
#4392=DIRECTION('ref_axis',(0.,0.976187060183953,-0.216930457818656));
#4393=DIRECTION('',(0.,0.976187060183953,-0.216930457818656));
#4394=DIRECTION('',(1.,0.,0.));
#4395=DIRECTION('',(0.,-0.976187060183953,0.216930457818656));
#4396=DIRECTION('',(1.,0.,0.));
#4397=DIRECTION('center_axis',(0.,-1.,0.));
#4398=DIRECTION('ref_axis',(0.,0.,-1.));
#4399=DIRECTION('',(0.,0.,-1.));
#4400=DIRECTION('',(1.,0.,0.));
#4401=DIRECTION('',(0.,0.,1.));
#4402=DIRECTION('center_axis',(0.,0.216930457818656,0.976187060183953));
#4403=DIRECTION('ref_axis',(0.,-0.976187060183953,0.216930457818656));
#4404=DIRECTION('',(0.,-0.976187060183953,0.216930457818656));
#4405=DIRECTION('',(1.,0.,0.));
#4406=DIRECTION('',(0.,0.976187060183953,-0.216930457818656));
#4407=DIRECTION('center_axis',(0.,-0.216930457818656,0.976187060183953));
#4408=DIRECTION('ref_axis',(0.,-0.976187060183953,-0.216930457818656));
#4409=DIRECTION('',(0.,-0.976187060183953,-0.216930457818656));
#4410=DIRECTION('',(1.,0.,0.));
#4411=DIRECTION('',(0.,0.976187060183953,0.216930457818656));
#4412=DIRECTION('',(-1.,0.,0.));
#4413=DIRECTION('center_axis',(0.,1.,-6.1930591460421E-16));
#4414=DIRECTION('ref_axis',(0.,6.1930591460421E-16,1.));
#4415=DIRECTION('',(0.,6.1930591460421E-16,1.));
#4416=DIRECTION('',(1.,0.,0.));
#4417=DIRECTION('',(0.,-6.1930591460421E-16,-1.));
#4418=DIRECTION('center_axis',(0.,0.216930457818655,-0.976187060183953));
#4419=DIRECTION('ref_axis',(0.,0.976187060183953,0.216930457818655));
#4420=DIRECTION('',(0.,0.976187060183953,0.216930457818655));
#4421=DIRECTION('',(-1.,0.,0.));
#4422=DIRECTION('',(0.,-0.976187060183953,-0.216930457818655));
#4423=DIRECTION('center_axis',(0.,0.,1.));
#4424=DIRECTION('ref_axis',(-1.,0.,0.));
#4425=DIRECTION('',(0.,-1.,0.));
#4426=DIRECTION('',(-1.,0.,0.));
#4427=DIRECTION('',(0.,1.,0.));
#4428=DIRECTION('center_axis',(0.,1.,0.));
#4429=DIRECTION('ref_axis',(-1.,0.,0.));
#4430=DIRECTION('',(0.,0.,1.));
#4431=DIRECTION('',(1.,0.,0.));
#4432=DIRECTION('',(0.,0.,-1.));
#4433=DIRECTION('center_axis',(1.,0.,0.));
#4434=DIRECTION('ref_axis',(0.,1.,0.));
#4435=DIRECTION('',(0.,0.,1.));
#4436=DIRECTION('',(0.,0.,1.));
#4437=DIRECTION('',(0.,1.,0.));
#4438=DIRECTION('',(0.,0.,1.));
#4439=DIRECTION('',(0.,1.,0.));
#4440=DIRECTION('center_axis',(0.,-1.,0.));
#4441=DIRECTION('ref_axis',(1.,0.,0.));
#4442=DIRECTION('',(0.,0.,-1.));
#4443=DIRECTION('center_axis',(0.,0.,1.));
#4444=DIRECTION('ref_axis',(-1.,0.,0.));
#4445=DIRECTION('',(0.,0.,-1.));
#4446=DIRECTION('center_axis',(0.,0.,1.));
#4447=DIRECTION('ref_axis',(-1.,0.,0.));
#4448=DIRECTION('center_axis',(0.,0.,1.));
#4449=DIRECTION('ref_axis',(-1.,0.,0.));
#4450=DIRECTION('',(0.,0.,-1.));
#4451=DIRECTION('center_axis',(0.,0.,1.));
#4452=DIRECTION('ref_axis',(-1.,0.,0.));
#4453=DIRECTION('center_axis',(0.,1.,0.));
#4454=DIRECTION('ref_axis',(-1.,0.,0.));
#4455=DIRECTION('',(-1.,0.,0.));
#4456=DIRECTION('',(0.,0.,1.));
#4457=DIRECTION('center_axis',(0.,-1.,0.));
#4458=DIRECTION('ref_axis',(1.,0.,0.));
#4459=DIRECTION('',(0.,0.,1.));
#4460=DIRECTION('',(1.,0.,0.));
#4461=DIRECTION('center_axis',(-1.,0.,0.));
#4462=DIRECTION('ref_axis',(0.,-1.,0.));
#4463=DIRECTION('',(0.,-1.,0.));
#4464=DIRECTION('',(0.,-1.,0.));
#4465=DIRECTION('center_axis',(0.,0.,1.));
#4466=DIRECTION('ref_axis',(-1.,0.,0.));
#4467=DIRECTION('center_axis',(0.,0.,1.));
#4468=DIRECTION('ref_axis',(-1.,0.,0.));
#4469=DIRECTION('',(0.,0.,1.));
#4470=DIRECTION('',(1.,0.,0.));
#4471=DIRECTION('',(0.,-2.77555756156289E-17,1.));
#4472=DIRECTION('',(1.,6.93889390390723E-18,1.92592994438724E-34));
#4473=DIRECTION('',(1.23259516440783E-32,-1.66533453693773E-16,1.));
#4474=DIRECTION('',(1.,-6.64689742203186E-65,-1.23259516440783E-32));
#4475=DIRECTION('',(0.,0.,1.));
#4476=DIRECTION('',(1.,0.,0.));
#4477=DIRECTION('',(0.,9.86076131526264E-32,1.));
#4478=DIRECTION('',(1.,1.11022302462516E-16,-1.09476442525376E-47));
#4479=CARTESIAN_POINT('',(0.,0.,0.));
#4480=CARTESIAN_POINT('',(0.,0.,0.));
#4481=CARTESIAN_POINT('Origin',(55.9320508075689,28.7,7.));
#4482=CARTESIAN_POINT('',(55.9320508075689,28.7,7.));
#4483=CARTESIAN_POINT('',(55.9320508075689,28.7,-0.5));
#4484=CARTESIAN_POINT('',(55.9320508075689,28.7,7.));
#4485=CARTESIAN_POINT('',(51.6433259094192,28.7,7.));
#4486=CARTESIAN_POINT('',(55.0660254037844,28.7,7.));
#4487=CARTESIAN_POINT('',(51.6433259094192,28.7,-0.5));
#4488=CARTESIAN_POINT('',(51.6433259094192,28.7,0.));
#4489=CARTESIAN_POINT('',(55.3,28.7,-0.5));
#4490=CARTESIAN_POINT('Origin',(56.3,8.89999999999998,-3.25000000000001));
#4491=CARTESIAN_POINT('',(56.3,-6.93730669589461,0.948084863275894));
#4492=CARTESIAN_POINT('',(56.3,-5.54321687936085,-7.50000000000001));
#4493=CARTESIAN_POINT('Origin',(56.3,-2.75000000000001,-2.7));
#4494=CARTESIAN_POINT('',(56.3,-22.5,-7.50000000000003));
#4495=CARTESIAN_POINT('',(56.3,-6.80000000000002,-7.50000000000001));
#4496=CARTESIAN_POINT('',(56.3,-22.5,-0.5));
#4497=CARTESIAN_POINT('',(56.3,-22.5,-10.5));
#4498=CARTESIAN_POINT('',(56.3,-11.6626933041053,-0.5));
#4499=CARTESIAN_POINT('',(56.3,-22.5,-0.5));
#4500=CARTESIAN_POINT('',(56.3,-11.6626933041053,2.));
#4501=CARTESIAN_POINT('',(56.3,-11.6626933041053,-0.625000000000007));
#4502=CARTESIAN_POINT('',(56.3,-6.93730669589462,2.));
#4503=CARTESIAN_POINT('',(56.3,-0.2,2.));
#4504=CARTESIAN_POINT('',(56.3,-6.93730669589463,-0.625000000000007));
#4505=CARTESIAN_POINT('Origin',(57.6641016151378,-9.29999999999998,7.));
#4506=CARTESIAN_POINT('',(57.6641016151378,-9.29999999999998,2.));
#4507=CARTESIAN_POINT('',(55.9320508075689,-6.29999999999998,2.));
#4508=CARTESIAN_POINT('',(57.6641016151378,-9.29999999999998,7.));
#4509=CARTESIAN_POINT('',(57.6641016151378,-9.29999999999998,7.));
#4510=CARTESIAN_POINT('',(55.9320508075689,-6.29999999999998,7.));
#4511=CARTESIAN_POINT('',(57.2310889132455,-8.54999999999998,7.));
#4512=CARTESIAN_POINT('',(55.9320508075689,-6.29999999999998,1.57077985093433));
#4513=CARTESIAN_POINT('',(55.9320508075689,-6.29999999999998,7.));
#4514=CARTESIAN_POINT('Origin',(53.8824573519457,-2.75000000000001,-2.7));
#4515=CARTESIAN_POINT('Origin',(52.9,-2.75000000000001,-2.7));
#4516=CARTESIAN_POINT('',(52.9,-6.29999999999998,1.57077985093433));
#4517=CARTESIAN_POINT('',(52.9,-6.29999999999998,1.57077985093433));
#4518=CARTESIAN_POINT('',(52.9,-2.75000000000001,2.85356286856883));
#4519=CARTESIAN_POINT('Origin',(52.9,-2.75000000000001,-2.7));
#4520=CARTESIAN_POINT('',(59.2,-2.75000000000001,2.85356286856883));
#4521=CARTESIAN_POINT('',(52.9,-2.75000000000001,2.85356286856883));
#4522=CARTESIAN_POINT('',(59.2,-2.75000000000001,-8.25356286856883));
#4523=CARTESIAN_POINT('Origin',(59.2,-2.75000000000001,-2.7));
#4524=CARTESIAN_POINT('',(55.5464371314312,-2.75000000000001,-8.25356286856883));
#4525=CARTESIAN_POINT('',(52.9,-2.75000000000001,-8.25356286856883));
#4526=CARTESIAN_POINT('Origin',(61.1,-2.75000000000001,-2.7));
#4527=CARTESIAN_POINT('Origin',(55.8,-6.80000000000002,-8.00000000000001));
#4528=CARTESIAN_POINT('',(55.3,40.3,-8.49999999999997));
#4529=CARTESIAN_POINT('',(56.3,40.3,-7.49999999999997));
#4530=CARTESIAN_POINT('',(57.075,40.3,-6.72499999999999));
#4531=CARTESIAN_POINT('',(55.3,-22.5,-8.50000000000003));
#4532=CARTESIAN_POINT('',(55.3,-6.80000000000002,-8.50000000000002));
#4533=CARTESIAN_POINT('',(38.0750000000001,-22.5,-25.725));
#4534=CARTESIAN_POINT('',(55.5464371314312,3.24999999999999,-8.25356286856883));
#4535=CARTESIAN_POINT('',(55.5464371314312,-4.77500000000001,-8.25356286856883));
#4536=CARTESIAN_POINT('',(56.3,6.04321687936085,-7.5));
#4537=CARTESIAN_POINT('Origin',(61.1,3.24999999999999,-2.7));
#4538=CARTESIAN_POINT('',(56.3,-6.80000000000002,-7.50000000000001));
#4539=CARTESIAN_POINT('Origin',(-23.1,-22.5,0.));
#4540=CARTESIAN_POINT('',(55.3,-22.5,-10.5));
#4541=CARTESIAN_POINT('',(55.3,-22.5,-10.5));
#4542=CARTESIAN_POINT('',(-50.9,-22.5,-10.5));
#4543=CARTESIAN_POINT('',(33.9,-22.5,-10.5));
#4544=CARTESIAN_POINT('',(-50.9,-22.5,7.));
#4545=CARTESIAN_POINT('',(-50.9,-22.5,0.));
#4546=CARTESIAN_POINT('',(44.4842804253462,-22.5,7.));
#4547=CARTESIAN_POINT('',(-44.4842804253462,-22.5,7.));
#4548=CARTESIAN_POINT('',(44.4842804253462,-22.5,-0.5));
#4549=CARTESIAN_POINT('',(44.4842804253462,-22.5,0.));
#4550=CARTESIAN_POINT('',(55.3,-22.5,-0.5));
#4551=CARTESIAN_POINT('Origin',(56.3,8.89999999999998,-3.25000000000001));
#4552=CARTESIAN_POINT('',(56.3,28.0626933041054,-0.500000000000001));
#4553=CARTESIAN_POINT('',(56.3,40.3,-0.5));
#4554=CARTESIAN_POINT('',(56.3,18.8,-0.5));
#4555=CARTESIAN_POINT('',(56.3,40.3,-0.5));
#4556=CARTESIAN_POINT('',(56.3,6.20838816505651,2.));
#4557=CARTESIAN_POINT('Origin',(56.3,3.24999999999999,-2.7));
#4558=CARTESIAN_POINT('',(56.3,23.3373066958947,2.));
#4559=CARTESIAN_POINT('',(56.3,6.20838816505651,2.));
#4560=CARTESIAN_POINT('',(56.3,28.0626933041054,2.));
#4561=CARTESIAN_POINT('',(56.3,17.3,2.));
#4562=CARTESIAN_POINT('',(56.3,28.0626933041054,-0.625000000000007));
#4563=CARTESIAN_POINT('Origin',(55.3,8.89999999999998,-4.25));
#4564=CARTESIAN_POINT('',(55.3,40.3,-10.5));
#4565=CARTESIAN_POINT('',(55.3,40.3,0.));
#4566=CARTESIAN_POINT('',(55.3,13.35,-10.5));
#4567=CARTESIAN_POINT('Origin',(54.2,25.7,2.));
#4568=CARTESIAN_POINT('',(57.6641016151378,25.7,2.));
#4569=CARTESIAN_POINT('',(57.6641016151378,25.7,2.));
#4570=CARTESIAN_POINT('',(55.9320508075689,28.7,2.));
#4571=CARTESIAN_POINT('Origin',(54.2,-9.29999999999998,2.));
#4572=CARTESIAN_POINT('',(57.6641016151378,-9.29999999999998,2.));
#4573=CARTESIAN_POINT('Origin',(-52.4679491924311,-12.3,7.));
#4574=CARTESIAN_POINT('',(-50.9,-12.3,7.));
#4575=CARTESIAN_POINT('',(-55.9320508075689,-12.3,7.));
#4576=CARTESIAN_POINT('',(-53.3339745962156,-12.3,7.));
#4577=CARTESIAN_POINT('',(-50.9,-12.3,2.));
#4578=CARTESIAN_POINT('',(-50.9,-12.3,3.5));
#4579=CARTESIAN_POINT('',(-55.9320508075689,-12.3,2.));
#4580=CARTESIAN_POINT('',(-55.9320508075689,-12.3,2.));
#4581=CARTESIAN_POINT('',(-55.9320508075689,-12.3,7.));
#4582=CARTESIAN_POINT('Origin',(-54.2,-9.29999999999998,2.));
#4583=CARTESIAN_POINT('',(-50.9,-6.29999999999998,2.));
#4584=CARTESIAN_POINT('',(-50.9,14.85,2.));
#4585=CARTESIAN_POINT('',(-55.9320508075689,-6.29999999999998,2.));
#4586=CARTESIAN_POINT('',(-52.4679491924311,-6.29999999999998,2.));
#4587=CARTESIAN_POINT('',(-57.6641016151378,-9.29999999999998,2.));
#4588=CARTESIAN_POINT('',(-55.9320508075689,-6.29999999999998,2.));
#4589=CARTESIAN_POINT('',(-57.6641016151378,-9.29999999999998,2.));
#4590=CARTESIAN_POINT('',(-52.7,-9.29999999999998,2.));
#4591=CARTESIAN_POINT('Origin',(-54.2,-9.29999999999998,2.));
#4592=CARTESIAN_POINT('Origin',(55.9320508075689,-6.29999999999998,7.));
#4593=CARTESIAN_POINT('',(52.9,-6.29999999999998,7.));
#4594=CARTESIAN_POINT('',(55.0660254037844,-6.29999999999998,7.));
#4595=CARTESIAN_POINT('',(52.9,-6.29999999999998,3.5));
#4596=CARTESIAN_POINT('Origin',(-54.2,-9.29999999999998,-7.));
#4597=CARTESIAN_POINT('',(-52.7,25.7,-7.));
#4598=CARTESIAN_POINT('Origin',(-54.2,25.7,-7.));
#4599=CARTESIAN_POINT('Origin',(-54.2,-9.29999999999998,-7.));
#4600=CARTESIAN_POINT('',(-52.7,-9.29999999999998,-7.));
#4601=CARTESIAN_POINT('Origin',(-54.2,-9.29999999999998,-7.));
#4602=CARTESIAN_POINT('Origin',(-54.2,25.7,7.));
#4603=CARTESIAN_POINT('',(-52.7,25.7,2.));
#4604=CARTESIAN_POINT('Origin',(-54.2,25.7,2.));
#4605=CARTESIAN_POINT('',(-52.7,25.7,7.));
#4606=CARTESIAN_POINT('Origin',(-54.2,-9.29999999999998,7.));
#4607=CARTESIAN_POINT('',(-52.7,-9.29999999999998,7.));
#4608=CARTESIAN_POINT('Origin',(-50.9,56.8,0.));
#4609=CARTESIAN_POINT('',(-50.9,-22.5,7.));
#4610=CARTESIAN_POINT('',(-50.9,40.3,-10.5));
#4611=CARTESIAN_POINT('',(-50.9,37.3,-10.5));
#4612=CARTESIAN_POINT('',(-50.9,40.3,7.));
#4613=CARTESIAN_POINT('',(-50.9,40.3,0.));
#4614=CARTESIAN_POINT('',(-50.9,28.7,7.));
#4615=CARTESIAN_POINT('',(-50.9,-39.,7.));
#4616=CARTESIAN_POINT('',(-50.9,28.7,2.));
#4617=CARTESIAN_POINT('',(-50.9,28.7,3.5));
#4618=CARTESIAN_POINT('',(-50.9,22.7,2.));
#4619=CARTESIAN_POINT('',(-50.9,32.35,2.));
#4620=CARTESIAN_POINT('',(-50.9,22.7,7.));
#4621=CARTESIAN_POINT('',(-50.9,22.7,3.5));
#4622=CARTESIAN_POINT('',(-50.9,-6.29999999999998,7.));
#4623=CARTESIAN_POINT('',(-50.9,-39.,7.));
#4624=CARTESIAN_POINT('',(-50.9,-6.29999999999998,3.5));
#4625=CARTESIAN_POINT('Origin',(-54.2,-9.29999999999998,2.));
#4626=CARTESIAN_POINT('',(-55.9320508075689,28.7,2.));
#4627=CARTESIAN_POINT('',(-52.4679491924311,28.7,2.));
#4628=CARTESIAN_POINT('',(-57.6641016151378,25.7,2.));
#4629=CARTESIAN_POINT('',(-55.9320508075689,28.7,2.));
#4630=CARTESIAN_POINT('',(-55.9320508075689,22.7,2.));
#4631=CARTESIAN_POINT('',(-57.6641016151378,25.7,2.));
#4632=CARTESIAN_POINT('',(-55.9320508075689,22.7,2.));
#4633=CARTESIAN_POINT('Origin',(-43.35,-16.1,-0.5));
#4634=CARTESIAN_POINT('',(-49.35,-16.1,7.));
#4635=CARTESIAN_POINT('Origin',(-43.35,-16.1,7.));
#4636=CARTESIAN_POINT('',(-49.35,-16.1,-0.5));
#4637=CARTESIAN_POINT('',(-49.35,-16.1,-0.5));
#4638=CARTESIAN_POINT('Origin',(-43.35,-16.1,-0.5));
#4639=CARTESIAN_POINT('Origin',(-44.4842804253462,39.,0.));
#4640=CARTESIAN_POINT('',(-44.4842804253462,40.3,-9.));
#4641=CARTESIAN_POINT('',(-44.4842804253462,40.3,7.));
#4642=CARTESIAN_POINT('',(-44.4842804253462,40.3,-2.49999999999997));
#4643=CARTESIAN_POINT('',(-44.4842804253462,44.3,-5.));
#4644=CARTESIAN_POINT('',(-44.4842804253462,43.225,-6.075));
#4645=CARTESIAN_POINT('',(-44.4842804253462,48.5,-5.));
#4646=CARTESIAN_POINT('',(-44.4842804253462,40.5,-5.));
#4647=CARTESIAN_POINT('',(-44.4842804253462,48.5,7.));
#4648=CARTESIAN_POINT('',(-44.4842804253462,48.5,5.));
#4649=CARTESIAN_POINT('',(-44.4842804253462,39.,7.));
#4650=CARTESIAN_POINT('Origin',(-43.35,33.9,-0.5));
#4651=CARTESIAN_POINT('',(-49.35,33.9,7.));
#4652=CARTESIAN_POINT('Origin',(-43.35,33.9,7.));
#4653=CARTESIAN_POINT('',(-49.35,33.9,-0.5));
#4654=CARTESIAN_POINT('',(-49.35,33.9,-0.5));
#4655=CARTESIAN_POINT('Origin',(-43.35,33.9,-0.5));
#4656=CARTESIAN_POINT('Origin',(14.9,17.8,7.));
#4657=CARTESIAN_POINT('',(-57.6641016151378,-9.29999999999998,7.));
#4658=CARTESIAN_POINT('',(-56.3650635094611,-11.55,7.));
#4659=CARTESIAN_POINT('',(-55.9320508075689,-6.29999999999998,7.));
#4660=CARTESIAN_POINT('',(-57.2310889132455,-8.54999999999998,7.));
#4661=CARTESIAN_POINT('',(-55.0660254037844,-6.29999999999998,7.));
#4662=CARTESIAN_POINT('',(-55.9320508075689,22.7,7.));
#4663=CARTESIAN_POINT('',(-53.3339745962156,22.7,7.));
#4664=CARTESIAN_POINT('',(-57.6641016151378,25.7,7.));
#4665=CARTESIAN_POINT('',(-56.3650635094611,23.45,7.));
#4666=CARTESIAN_POINT('',(-55.9320508075689,28.7,7.));
#4667=CARTESIAN_POINT('',(-57.2310889132455,26.45,7.));
#4668=CARTESIAN_POINT('',(-55.0660254037844,28.7,7.));
#4669=CARTESIAN_POINT('',(-52.9,40.3,7.));
#4670=CARTESIAN_POINT('',(44.4842804253462,48.5,7.));
#4671=CARTESIAN_POINT('',(44.4842804253462,48.5,7.));
#4672=CARTESIAN_POINT('',(44.4842804253462,38.2181918004352,7.));
#4673=CARTESIAN_POINT('',(44.4842804253462,39.,7.));
#4674=CARTESIAN_POINT('Origin',(48.65,33.9,7.));
#4675=CARTESIAN_POINT('',(57.6641016151378,25.7,7.));
#4676=CARTESIAN_POINT('',(57.2310889132455,26.45,7.));
#4677=CARTESIAN_POINT('',(55.9320508075689,22.7,7.));
#4678=CARTESIAN_POINT('',(56.3650635094611,23.45,7.));
#4679=CARTESIAN_POINT('',(52.9,22.7,7.));
#4680=CARTESIAN_POINT('',(53.3339745962156,22.7,7.));
#4681=CARTESIAN_POINT('',(52.9,39.,7.));
#4682=CARTESIAN_POINT('',(55.9320508075689,-12.3,7.));
#4683=CARTESIAN_POINT('',(56.3650635094611,-11.55,7.));
#4684=CARTESIAN_POINT('',(53.2932747064975,-12.3,7.));
#4685=CARTESIAN_POINT('',(53.3339745962156,-12.3,7.));
#4686=CARTESIAN_POINT('',(44.4842804253462,-20.4181918004353,7.));
#4687=CARTESIAN_POINT('Origin',(48.65,-16.1,7.));
#4688=CARTESIAN_POINT('',(44.4842804253462,-21.2,7.));
#4689=CARTESIAN_POINT('',(52.7,-9.29999999999998,7.));
#4690=CARTESIAN_POINT('Origin',(54.2,-9.29999999999998,7.));
#4691=CARTESIAN_POINT('',(52.7,25.7,7.));
#4692=CARTESIAN_POINT('Origin',(54.2,25.7,7.));
#4693=CARTESIAN_POINT('',(37.0157195746538,44.5,7.));
#4694=CARTESIAN_POINT('Origin',(39.5157195746538,44.5,7.));
#4695=CARTESIAN_POINT('',(-52.7,-9.29999999999998,7.));
#4696=CARTESIAN_POINT('Origin',(-54.2,-9.29999999999998,7.));
#4697=CARTESIAN_POINT('',(-52.7,25.7,7.));
#4698=CARTESIAN_POINT('Origin',(-54.2,25.7,7.));
#4699=CARTESIAN_POINT('Origin',(14.9,17.8,-0.5));
#4700=CARTESIAN_POINT('',(44.4842804253462,-20.4181918004353,-0.5));
#4701=CARTESIAN_POINT('',(44.4842804253462,-21.2,-0.5));
#4702=CARTESIAN_POINT('',(53.2932747064975,-12.3,-0.5));
#4703=CARTESIAN_POINT('Origin',(48.65,-16.1,-0.5));
#4704=CARTESIAN_POINT('',(55.9320508075689,-12.3,-0.5));
#4705=CARTESIAN_POINT('',(55.9320508075689,-12.3,-0.5));
#4706=CARTESIAN_POINT('',(57.6641016151378,-9.29999999999998,-0.5));
#4707=CARTESIAN_POINT('',(47.15,-16.1,-0.5));
#4708=CARTESIAN_POINT('Origin',(48.65,-16.1,-0.5));
#4709=CARTESIAN_POINT('Origin',(-14.9,0.,-0.5));
#4710=CARTESIAN_POINT('',(-44.85,33.9,-0.5));
#4711=CARTESIAN_POINT('Origin',(-43.35,33.9,-0.5));
#4712=CARTESIAN_POINT('Origin',(14.9,0.,-0.5));
#4713=CARTESIAN_POINT('',(44.4842804253462,38.2181918004352,-0.5));
#4714=CARTESIAN_POINT('Origin',(48.65,33.9,-0.5));
#4715=CARTESIAN_POINT('',(44.4842804253462,40.3,-0.5));
#4716=CARTESIAN_POINT('',(44.4842804253462,39.,-0.5));
#4717=CARTESIAN_POINT('',(33.9,40.3,-0.5));
#4718=CARTESIAN_POINT('',(55.9320508075689,28.7,-0.5));
#4719=CARTESIAN_POINT('',(47.15,33.9,-0.5));
#4720=CARTESIAN_POINT('Origin',(48.65,33.9,-0.5));
#4721=CARTESIAN_POINT('Origin',(52.9,40.3,0.));
#4722=CARTESIAN_POINT('',(44.4842804253462,40.3,-8.99999999999999));
#4723=CARTESIAN_POINT('',(44.4842804253462,40.3,2.5));
#4724=CARTESIAN_POINT('',(48.6921402126731,40.3,-8.99999999999999));
#4725=CARTESIAN_POINT('',(33.9,40.3,-10.5));
#4726=CARTESIAN_POINT('Origin',(-14.9,17.8,-0.5));
#4727=CARTESIAN_POINT('',(-44.85,-16.1,-0.5));
#4728=CARTESIAN_POINT('Origin',(-43.35,-16.1,-0.5));
#4729=CARTESIAN_POINT('Origin',(48.65,33.9,0.));
#4730=CARTESIAN_POINT('',(44.4842804253462,38.2181918004352,0.));
#4731=CARTESIAN_POINT('Origin',(48.65,-16.1,0.));
#4732=CARTESIAN_POINT('',(53.2932747064975,-12.3,0.));
#4733=CARTESIAN_POINT('',(44.4842804253462,-20.4181918004353,0.));
#4734=CARTESIAN_POINT('Origin',(52.4679491924311,-12.3,7.));
#4735=CARTESIAN_POINT('',(55.9320508075689,-12.3,7.));
#4736=CARTESIAN_POINT('Origin',(52.9,24.9516685226452,2.));
#4737=CARTESIAN_POINT('',(52.9,22.7,2.));
#4738=CARTESIAN_POINT('',(55.9320508075689,22.7,2.));
#4739=CARTESIAN_POINT('',(55.9320508075689,22.7,2.));
#4740=CARTESIAN_POINT('',(57.6641016151378,25.7,2.));
#4741=CARTESIAN_POINT('',(52.9,6.20838816505651,2.));
#4742=CARTESIAN_POINT('',(52.9,6.20838816505651,2.));
#4743=CARTESIAN_POINT('',(52.9,1.8758342613226,2.));
#4744=CARTESIAN_POINT('Origin',(52.9,3.24999999999999,-2.7));
#4745=CARTESIAN_POINT('',(59.2,3.24999999999999,-8.25356286856883));
#4746=CARTESIAN_POINT('',(52.9,3.24999999999999,-8.25356286856883));
#4747=CARTESIAN_POINT('',(59.2,3.24999999999999,2.85356286856883));
#4748=CARTESIAN_POINT('Origin',(59.2,3.24999999999999,-2.7));
#4749=CARTESIAN_POINT('',(52.9,3.24999999999999,2.85356286856883));
#4750=CARTESIAN_POINT('',(52.9,3.24999999999999,2.85356286856883));
#4751=CARTESIAN_POINT('Origin',(52.9,3.24999999999999,-2.7));
#4752=CARTESIAN_POINT('Origin',(52.9,-2.75000000000001,-8.25356286856883));
#4753=CARTESIAN_POINT('',(59.2,13.025,-8.25356286856883));
#4754=CARTESIAN_POINT('Origin',(52.9,-21.2,0.));
#4755=CARTESIAN_POINT('',(52.9,22.7,3.5));
#4756=CARTESIAN_POINT('',(52.9,-23.625,2.85356286856883));
#4757=CARTESIAN_POINT('Origin',(48.6921402126731,42.3,-6.99999999999999));
#4758=CARTESIAN_POINT('',(44.4842804253462,44.3,-5.));
#4759=CARTESIAN_POINT('',(44.4842804253462,44.475,-4.825));
#4760=CARTESIAN_POINT('',(48.6921402126731,44.3,-4.99999999999999));
#4761=CARTESIAN_POINT('Origin',(44.4842804253462,40.5,-5.));
#4762=CARTESIAN_POINT('',(44.4842804253462,48.5,-5.));
#4763=CARTESIAN_POINT('',(44.4842804253462,40.5,-5.));
#4764=CARTESIAN_POINT('',(14.6842804253462,48.5,-5.));
#4765=CARTESIAN_POINT('Origin',(44.4842804253462,39.,5.));
#4766=CARTESIAN_POINT('',(44.4842804253462,48.5,0.));
#4767=CARTESIAN_POINT('Origin',(39.5157195746538,44.5,8.5));
#4768=CARTESIAN_POINT('',(36.0157195746538,44.5,9.));
#4769=CARTESIAN_POINT('Origin',(39.5157195746538,44.5,9.));
#4770=CARTESIAN_POINT('',(37.0157195746538,44.5,8.));
#4771=CARTESIAN_POINT('',(36.5157195746538,44.5,8.5));
#4772=CARTESIAN_POINT('Origin',(39.5157195746538,44.5,8.));
#4773=CARTESIAN_POINT('Origin',(39.5157195746538,44.5,7.));
#4774=CARTESIAN_POINT('',(37.0157195746538,44.5,7.));
#4775=CARTESIAN_POINT('Origin',(-58.2,27.8178932188134,-26.5678932188134));
#4776=CARTESIAN_POINT('',(-58.2,44.5928932188134,-11.2071067811865));
#4777=CARTESIAN_POINT('',(-59.2,43.8857864376269,-10.5));
#4778=CARTESIAN_POINT('Origin',(-58.2,43.8857864376269,-10.5));
#4779=CARTESIAN_POINT('',(-59.2,50.3,-4.08578643762691));
#4780=CARTESIAN_POINT('',(-59.2,27.8178932188134,-26.5678932188134));
#4781=CARTESIAN_POINT('',(-58.2,51.0071067811865,-4.79289321881346));
#4782=CARTESIAN_POINT('Origin',(-58.2,50.3,-4.08578643762691));
#4783=CARTESIAN_POINT('',(-58.2,28.525,-27.275));
#4784=CARTESIAN_POINT('Ctrl Pts',(-59.2,50.3,-4.08578643762691));
#4785=CARTESIAN_POINT('Ctrl Pts',(-59.2,51.1975979010256,-3.41258801185767));
#4786=CARTESIAN_POINT('Ctrl Pts',(-58.4685980593616,53.2953152111371,-1.83930002927406));
#4787=CARTESIAN_POINT('Ctrl Pts',(-56.3967972013675,54.3,-1.08578643762691));
#4788=CARTESIAN_POINT('Ctrl Pts',(-55.2,54.3,-1.08578643762691));
#4789=CARTESIAN_POINT('Ctrl Pts',(-59.2,50.511565854198,-4.29735229182493));
#4790=CARTESIAN_POINT('Ctrl Pts',(-59.1510735857337,51.3880463191613,-3.60231928451453));
#4791=CARTESIAN_POINT('Ctrl Pts',(-58.349404040834,53.3765007519596,-1.9973682934771));
#4792=CARTESIAN_POINT('Ctrl Pts',(-56.3520878166077,54.3,-1.23538608779785));
#4793=CARTESIAN_POINT('Ctrl Pts',(-55.2,54.3,-1.23538608779785));
#4794=CARTESIAN_POINT('Ctrl Pts',(-58.9487296646646,50.8777278515891,-4.66351428921601));
#4795=CARTESIAN_POINT('Ctrl Pts',(-58.8732865915038,51.662172635182,-3.93372432941353));
#4796=CARTESIAN_POINT('Ctrl Pts',(-58.0881153106485,53.4244355465601,-2.27490877004299));
#4797=CARTESIAN_POINT('Ctrl Pts',(-56.2558525933498,54.2401870105181,-1.49700402883925));
#4798=CARTESIAN_POINT('Ctrl Pts',(-55.2,54.2401870105181,-1.49700402883925));
#4799=CARTESIAN_POINT('Ctrl Pts',(-58.4243994752564,51.0071067811865,-4.79289321881346));
#4800=CARTESIAN_POINT('Ctrl Pts',(-58.401928107608,51.7051419529403,-4.0942794194265));
#4801=CARTESIAN_POINT('Ctrl Pts',(-57.7825477116748,53.3196666297969,-2.47983549955574));
#4802=CARTESIAN_POINT('Ctrl Pts',(-56.1450652719927,54.0864439765108,-1.7135560234892));
#4803=CARTESIAN_POINT('Ctrl Pts',(-55.2,54.0864439765108,-1.7135560234892));
#4804=CARTESIAN_POINT('Ctrl Pts',(-58.2,51.0071067811865,-4.79289321881346));
#4805=CARTESIAN_POINT('Ctrl Pts',(-58.2,51.6803052069558,-4.11969479304422));
#4806=CARTESIAN_POINT('Ctrl Pts',(-57.6514485445212,53.2535931895394,-2.54640681046061));
#4807=CARTESIAN_POINT('Ctrl Pts',(-56.0975979010256,54.0071067811865,-1.79289321881345));
#4808=CARTESIAN_POINT('Ctrl Pts',(-55.2,54.0071067811865,-1.79289321881345));
#4809=CARTESIAN_POINT('',(-55.2,54.0071067811865,-1.79289321881345));
#4810=CARTESIAN_POINT('',(-55.2,54.3,-1.08578643762691));
#4811=CARTESIAN_POINT('Origin',(-55.2,53.3,-1.08578643762691));
#4812=CARTESIAN_POINT('Origin',(-55.2,51.0071067811865,-4.79289321881347));
#4813=CARTESIAN_POINT('Origin',(-55.2,50.3,-4.08578643762692));
#4814=CARTESIAN_POINT('Origin',(-58.2,43.8857864376269,-10.5));
#4815=CARTESIAN_POINT('',(-58.2,43.8857864376269,-11.5));
#4816=CARTESIAN_POINT('Origin',(-58.2,43.8857864376269,-10.5));
#4817=CARTESIAN_POINT('Origin',(-58.2,43.8857864376269,-10.5));
#4818=CARTESIAN_POINT('Origin',(-55.2,50.3,0.));
#4819=CARTESIAN_POINT('',(-59.2,50.3,9.));
#4820=CARTESIAN_POINT('',(-59.2,50.3,0.));
#4821=CARTESIAN_POINT('',(-55.2,54.3,9.));
#4822=CARTESIAN_POINT('Origin',(-55.2,50.3,9.));
#4823=CARTESIAN_POINT('',(-55.2,54.3,0.));
#4824=CARTESIAN_POINT('Origin',(-55.9320508075689,-6.29999999999998,7.));
#4825=CARTESIAN_POINT('',(-55.9320508075689,-6.29999999999998,7.));
#4826=CARTESIAN_POINT('Origin',(-57.6641016151378,-9.29999999999998,7.));
#4827=CARTESIAN_POINT('',(-57.6641016151378,-9.29999999999998,7.));
#4828=CARTESIAN_POINT('Origin',(-55.9320508075689,-12.3,7.));
#4829=CARTESIAN_POINT('Origin',(-52.4679491924311,22.7,7.));
#4830=CARTESIAN_POINT('',(-55.9320508075689,22.7,7.));
#4831=CARTESIAN_POINT('Origin',(-55.9320508075689,28.7,7.));
#4832=CARTESIAN_POINT('',(-55.9320508075689,28.7,7.));
#4833=CARTESIAN_POINT('Origin',(-57.6641016151378,25.7,7.));
#4834=CARTESIAN_POINT('',(-57.6641016151378,25.7,7.));
#4835=CARTESIAN_POINT('Origin',(-55.9320508075689,22.7,7.));
#4836=CARTESIAN_POINT('Origin',(-54.2,-9.29999999999998,7.));
#4837=CARTESIAN_POINT('',(-52.7,-9.29999999999998,9.));
#4838=CARTESIAN_POINT('Origin',(-54.2,-9.29999999999998,9.));
#4839=CARTESIAN_POINT('',(-52.7,-9.29999999999998,7.));
#4840=CARTESIAN_POINT('Origin',(-54.2,25.7,7.));
#4841=CARTESIAN_POINT('',(-52.7,25.7,9.));
#4842=CARTESIAN_POINT('Origin',(-54.2,25.7,9.));
#4843=CARTESIAN_POINT('',(-52.7,25.7,7.));
#4844=CARTESIAN_POINT('Origin',(-43.35,33.9,2.25));
#4845=CARTESIAN_POINT('',(-46.35,33.9,3.));
#4846=CARTESIAN_POINT('Origin',(-43.35,33.9,3.));
#4847=CARTESIAN_POINT('',(-44.85,33.9,1.5));
#4848=CARTESIAN_POINT('',(-45.6,33.9,2.25));
#4849=CARTESIAN_POINT('Origin',(-43.35,33.9,1.5));
#4850=CARTESIAN_POINT('Origin',(-43.35,33.9,0.));
#4851=CARTESIAN_POINT('',(-44.85,33.9,0.));
#4852=CARTESIAN_POINT('Origin',(-43.35,33.9,0.));
#4853=CARTESIAN_POINT('',(-46.35,33.9,9.));
#4854=CARTESIAN_POINT('Origin',(-43.35,33.9,9.));
#4855=CARTESIAN_POINT('',(-46.35,33.9,0.));
#4856=CARTESIAN_POINT('Origin',(-55.2,40.3,0.));
#4857=CARTESIAN_POINT('',(-57.2,40.3,-10.5));
#4858=CARTESIAN_POINT('',(-55.2,42.3,-10.5));
#4859=CARTESIAN_POINT('Origin',(-55.2,40.3,-10.5));
#4860=CARTESIAN_POINT('',(-57.2,40.3,-11.5));
#4861=CARTESIAN_POINT('',(-57.2,40.3,0.));
#4862=CARTESIAN_POINT('',(-55.2,42.3,-11.5));
#4863=CARTESIAN_POINT('Origin',(-55.2,40.3,-11.5));
#4864=CARTESIAN_POINT('',(-55.2,42.3,0.));
#4865=CARTESIAN_POINT('Origin',(-59.2,-22.5,0.));
#4866=CARTESIAN_POINT('',(-59.2,-22.5,-10.5));
#4867=CARTESIAN_POINT('',(-59.2,-20.15,-10.5));
#4868=CARTESIAN_POINT('',(-59.2,-22.5,9.));
#4869=CARTESIAN_POINT('',(-59.2,-22.5,0.));
#4870=CARTESIAN_POINT('',(-59.2,58.1,9.));
#4871=CARTESIAN_POINT('Origin',(-58.2,-2.34999999999999,-10.5));
#4872=CARTESIAN_POINT('',(-58.2,-22.5,-11.5));
#4873=CARTESIAN_POINT('',(-58.2,-2.34999999999999,-11.5));
#4874=CARTESIAN_POINT('Origin',(-58.2,-22.5,-10.5));
#4875=CARTESIAN_POINT('Origin',(-57.2,58.1,0.));
#4876=CARTESIAN_POINT('',(-57.2,-22.5,-10.5));
#4877=CARTESIAN_POINT('',(-57.2,-40.3,-10.5));
#4878=CARTESIAN_POINT('',(-57.2,-22.5,-11.5));
#4879=CARTESIAN_POINT('',(-57.2,-22.5,0.));
#4880=CARTESIAN_POINT('',(-57.2,-22.5,-11.5));
#4881=CARTESIAN_POINT('Origin',(-55.2,-22.5,0.));
#4882=CARTESIAN_POINT('',(-55.2,-26.5,-10.5));
#4883=CARTESIAN_POINT('Origin',(-55.2,-22.5,-10.5));
#4884=CARTESIAN_POINT('',(-55.2,-26.5,9.));
#4885=CARTESIAN_POINT('',(-55.2,-26.5,0.));
#4886=CARTESIAN_POINT('Origin',(-55.2,-22.5,9.));
#4887=CARTESIAN_POINT('Origin',(-55.2,-22.5,0.));
#4888=CARTESIAN_POINT('',(-55.2,-24.5,-10.5));
#4889=CARTESIAN_POINT('Origin',(-55.2,-22.5,-10.5));
#4890=CARTESIAN_POINT('',(-55.2,-24.5,-11.5));
#4891=CARTESIAN_POINT('',(-55.2,-24.5,0.));
#4892=CARTESIAN_POINT('Origin',(-55.2,-22.5,-11.5));
#4893=CARTESIAN_POINT('Origin',(-43.35,-16.1,0.));
#4894=CARTESIAN_POINT('',(-46.35,-16.1,9.));
#4895=CARTESIAN_POINT('Origin',(-43.35,-16.1,9.));
#4896=CARTESIAN_POINT('',(-46.35,-16.1,3.));
#4897=CARTESIAN_POINT('',(-46.35,-16.1,0.));
#4898=CARTESIAN_POINT('Origin',(-43.35,-16.1,3.));
#4899=CARTESIAN_POINT('Origin',(-43.35,-16.1,0.));
#4900=CARTESIAN_POINT('',(-44.85,-16.1,1.5));
#4901=CARTESIAN_POINT('Origin',(-43.35,-16.1,1.5));
#4902=CARTESIAN_POINT('',(-44.85,-16.1,0.));
#4903=CARTESIAN_POINT('Origin',(-43.35,-16.1,2.25));
#4904=CARTESIAN_POINT('',(-45.6,-16.1,2.25));
#4905=CARTESIAN_POINT('Origin',(-55.2,-22.5,-10.5));
#4906=CARTESIAN_POINT('',(-55.2,-25.5,-11.5));
#4907=CARTESIAN_POINT('Origin',(-55.2,-22.5,-11.5));
#4908=CARTESIAN_POINT('Origin',(-55.2,-25.5,-10.5));
#4909=CARTESIAN_POINT('Origin',(55.2,40.3,0.));
#4910=CARTESIAN_POINT('',(55.2,42.3,-10.5));
#4911=CARTESIAN_POINT('',(57.2,40.3,-10.5));
#4912=CARTESIAN_POINT('Origin',(55.2,40.3,-10.5));
#4913=CARTESIAN_POINT('',(55.2,42.3,-11.5));
#4914=CARTESIAN_POINT('',(55.2,42.3,0.));
#4915=CARTESIAN_POINT('',(57.2,40.3,-11.5));
#4916=CARTESIAN_POINT('Origin',(55.2,40.3,-11.5));
#4917=CARTESIAN_POINT('',(57.2,40.3,0.));
#4918=CARTESIAN_POINT('Origin',(55.2,42.3,0.));
#4919=CARTESIAN_POINT('',(-55.2,42.3,-11.5));
#4920=CARTESIAN_POINT('',(-55.2,42.3,-10.5));
#4921=CARTESIAN_POINT('Origin',(48.65,33.9,0.));
#4922=CARTESIAN_POINT('',(45.65,33.9,9.));
#4923=CARTESIAN_POINT('Origin',(48.65,33.9,9.));
#4924=CARTESIAN_POINT('',(45.65,33.9,3.));
#4925=CARTESIAN_POINT('',(45.65,33.9,0.));
#4926=CARTESIAN_POINT('Origin',(48.65,33.9,3.));
#4927=CARTESIAN_POINT('Origin',(48.65,33.9,0.));
#4928=CARTESIAN_POINT('',(47.15,33.9,1.5));
#4929=CARTESIAN_POINT('Origin',(48.65,33.9,1.5));
#4930=CARTESIAN_POINT('',(47.15,33.9,0.));
#4931=CARTESIAN_POINT('Origin',(48.65,33.9,2.25));
#4932=CARTESIAN_POINT('',(46.4,33.9,2.25));
#4933=CARTESIAN_POINT('Origin',(52.9,3.24999999999999,2.85356286856883));
#4934=CARTESIAN_POINT('',(59.2,16.025,2.85356286856883));
#4935=CARTESIAN_POINT('Origin',(54.2,25.7,7.));
#4936=CARTESIAN_POINT('',(52.7,25.7,9.));
#4937=CARTESIAN_POINT('Origin',(54.2,25.7,9.));
#4938=CARTESIAN_POINT('',(52.7,25.7,7.));
#4939=CARTESIAN_POINT('Origin',(54.2,-9.29999999999998,7.));
#4940=CARTESIAN_POINT('',(52.7,-9.29999999999998,9.));
#4941=CARTESIAN_POINT('Origin',(54.2,-9.29999999999998,9.));
#4942=CARTESIAN_POINT('',(52.7,-9.29999999999998,7.));
#4943=CARTESIAN_POINT('Origin',(55.9320508075689,22.7,7.));
#4944=CARTESIAN_POINT('',(57.6641016151378,25.7,7.));
#4945=CARTESIAN_POINT('',(55.9320508075689,22.7,7.));
#4946=CARTESIAN_POINT('Origin',(57.6641016151378,25.7,7.));
#4947=CARTESIAN_POINT('Origin',(52.4679491924311,22.7,7.));
#4948=CARTESIAN_POINT('Origin',(55.9320508075689,-12.3,7.));
#4949=CARTESIAN_POINT('Origin',(4.825,43.8857864376269,-10.5));
#4950=CARTESIAN_POINT('',(58.2,44.5928932188134,-11.2071067811865));
#4951=CARTESIAN_POINT('',(-24.975,44.5928932188134,-11.2071067811865));
#4952=CARTESIAN_POINT('',(58.2,43.8857864376269,-11.5));
#4953=CARTESIAN_POINT('Origin',(58.2,43.8857864376269,-10.5));
#4954=CARTESIAN_POINT('',(-24.975,43.8857864376269,-11.5));
#4955=CARTESIAN_POINT('Origin',(-5.24999999999999,49.3,-6.5));
#4956=CARTESIAN_POINT('',(55.2,54.0071067811865,-1.79289321881345));
#4957=CARTESIAN_POINT('',(-45.125,54.0071067811865,-1.79289321881345));
#4958=CARTESIAN_POINT('',(58.2,51.0071067811865,-4.79289321881347));
#4959=CARTESIAN_POINT('Origin',(55.2,51.0071067811865,-4.79289321881347));
#4960=CARTESIAN_POINT('',(58.2,48.675,-7.125));
#4961=CARTESIAN_POINT('Origin',(55.2,50.3,0.));
#4962=CARTESIAN_POINT('',(55.2,54.3,-1.08578643762691));
#4963=CARTESIAN_POINT('',(59.2,50.3,-4.08578643762692));
#4964=CARTESIAN_POINT('Origin',(55.2,50.3,-4.08578643762692));
#4965=CARTESIAN_POINT('',(55.2,54.3,9.));
#4966=CARTESIAN_POINT('',(55.2,54.3,0.));
#4967=CARTESIAN_POINT('',(59.2,50.3,9.));
#4968=CARTESIAN_POINT('Origin',(55.2,50.3,9.));
#4969=CARTESIAN_POINT('',(59.2,50.3,0.));
#4970=CARTESIAN_POINT('Origin',(58.2,43.8857864376269,-10.5));
#4971=CARTESIAN_POINT('',(59.2,43.8857864376269,-10.5));
#4972=CARTESIAN_POINT('Origin',(58.2,43.8857864376269,-10.5));
#4973=CARTESIAN_POINT('Origin',(58.2,43.8857864376269,-10.5));
#4974=CARTESIAN_POINT('Origin',(58.2,47.9678932188134,-6.41789321881345));
#4975=CARTESIAN_POINT('Origin',(58.2,50.3,-4.08578643762692));
#4976=CARTESIAN_POINT('',(59.2,47.9678932188134,-6.41789321881345));
#4977=CARTESIAN_POINT('Ctrl Pts',(55.2,54.3,-1.08578643762691));
#4978=CARTESIAN_POINT('Ctrl Pts',(56.3967972013675,54.3,-1.08578643762691));
#4979=CARTESIAN_POINT('Ctrl Pts',(58.4685980593616,53.2953152111371,-1.83930002927406));
#4980=CARTESIAN_POINT('Ctrl Pts',(59.2,51.1975979010256,-3.41258801185768));
#4981=CARTESIAN_POINT('Ctrl Pts',(59.2,50.3,-4.08578643762692));
#4982=CARTESIAN_POINT('Ctrl Pts',(55.2,54.3,-1.23538608779785));
#4983=CARTESIAN_POINT('Ctrl Pts',(56.3520878166077,54.3,-1.23538608779785));
#4984=CARTESIAN_POINT('Ctrl Pts',(58.349404040834,53.3765007519595,-1.9973682934771));
#4985=CARTESIAN_POINT('Ctrl Pts',(59.1510735857337,51.3880463191613,-3.60231928451454));
#4986=CARTESIAN_POINT('Ctrl Pts',(59.2,50.511565854198,-4.29735229182494));
#4987=CARTESIAN_POINT('Ctrl Pts',(55.2,54.2401870105181,-1.49700402883925));
#4988=CARTESIAN_POINT('Ctrl Pts',(56.2558525933498,54.2401870105181,-1.49700402883925));
#4989=CARTESIAN_POINT('Ctrl Pts',(58.0881153106484,53.4244355465601,-2.274908770043));
#4990=CARTESIAN_POINT('Ctrl Pts',(58.8732865915038,51.662172635182,-3.93372432941354));
#4991=CARTESIAN_POINT('Ctrl Pts',(58.9487296646646,50.8777278515891,-4.66351428921602));
#4992=CARTESIAN_POINT('Ctrl Pts',(55.2,54.0864439765108,-1.7135560234892));
#4993=CARTESIAN_POINT('Ctrl Pts',(56.1450652719927,54.0864439765108,-1.7135560234892));
#4994=CARTESIAN_POINT('Ctrl Pts',(57.7825477116748,53.3196666297969,-2.47983549955574));
#4995=CARTESIAN_POINT('Ctrl Pts',(58.401928107608,51.7051419529402,-4.09427941942651));
#4996=CARTESIAN_POINT('Ctrl Pts',(58.4243994752564,51.0071067811865,-4.79289321881347));
#4997=CARTESIAN_POINT('Ctrl Pts',(55.2,54.0071067811865,-1.79289321881345));
#4998=CARTESIAN_POINT('Ctrl Pts',(56.0975979010256,54.0071067811865,-1.79289321881345));
#4999=CARTESIAN_POINT('Ctrl Pts',(57.6514485445212,53.2535931895394,-2.54640681046061));
#5000=CARTESIAN_POINT('Ctrl Pts',(58.2,51.6803052069558,-4.11969479304422));
#5001=CARTESIAN_POINT('Ctrl Pts',(58.2,51.0071067811865,-4.79289321881347));
#5002=CARTESIAN_POINT('Origin',(55.2,53.3,-1.08578643762691));
#5003=CARTESIAN_POINT('Origin',(-15.325,53.3,-1.08578643762691));
#5004=CARTESIAN_POINT('',(-15.325,54.3,-1.08578643762691));
#5005=CARTESIAN_POINT('Origin',(14.9,48.5,0.));
#5006=CARTESIAN_POINT('Origin',(-25.4,54.3,0.));
#5007=CARTESIAN_POINT('',(25.4,54.3,9.));
#5008=CARTESIAN_POINT('Origin',(14.9,17.8,-11.5));
#5009=CARTESIAN_POINT('',(55.2,-25.5,-11.5));
#5010=CARTESIAN_POINT('',(35.05,-25.5,-11.5));
#5011=CARTESIAN_POINT('',(58.2,-22.5,-11.5));
#5012=CARTESIAN_POINT('',(58.2,20.15,-11.5));
#5013=CARTESIAN_POINT('Origin',(55.2,-22.5,-11.5));
#5014=CARTESIAN_POINT('',(55.2,-24.5,-11.5));
#5015=CARTESIAN_POINT('',(55.2,-24.5,-11.5));
#5016=CARTESIAN_POINT('',(57.2,-22.5,-11.5));
#5017=CARTESIAN_POINT('Origin',(55.2,-22.5,-11.5));
#5018=CARTESIAN_POINT('',(57.2,40.3,-11.5));
#5019=CARTESIAN_POINT('Origin',(58.2,37.95,-10.5));
#5020=CARTESIAN_POINT('',(59.2,-22.5,-10.5));
#5021=CARTESIAN_POINT('',(59.2,37.95,-10.5));
#5022=CARTESIAN_POINT('Origin',(58.2,-22.5,-10.5));
#5023=CARTESIAN_POINT('Origin',(59.2,58.1,0.));
#5024=CARTESIAN_POINT('',(59.2,-22.5,9.));
#5025=CARTESIAN_POINT('',(59.2,-40.3,9.));
#5026=CARTESIAN_POINT('',(59.2,-22.5,0.));
#5027=CARTESIAN_POINT('Origin',(14.9,17.8,9.));
#5028=CARTESIAN_POINT('',(55.2,-26.5,9.));
#5029=CARTESIAN_POINT('',(-55.2,-26.5,9.));
#5030=CARTESIAN_POINT('Origin',(55.2,-22.5,9.));
#5031=CARTESIAN_POINT('',(45.65,-16.1,9.));
#5032=CARTESIAN_POINT('Origin',(48.65,-16.1,9.));
#5033=CARTESIAN_POINT('Origin',(55.2,-22.5,-10.5));
#5034=CARTESIAN_POINT('',(55.2,-26.5,-10.5));
#5035=CARTESIAN_POINT('Origin',(55.2,-25.5,-10.5));
#5036=CARTESIAN_POINT('Origin',(55.2,-22.5,-10.5));
#5037=CARTESIAN_POINT('Origin',(35.05,-25.5,-10.5));
#5038=CARTESIAN_POINT('',(5.24999999999999,-26.5,-10.5));
#5039=CARTESIAN_POINT('Origin',(55.2,-22.5,0.));
#5040=CARTESIAN_POINT('',(55.2,-26.5,0.));
#5041=CARTESIAN_POINT('Origin',(44.4842804253462,-21.2,0.));
#5042=CARTESIAN_POINT('Origin',(48.65,-16.1,2.25));
#5043=CARTESIAN_POINT('',(45.65,-16.1,3.));
#5044=CARTESIAN_POINT('Origin',(48.65,-16.1,3.));
#5045=CARTESIAN_POINT('',(47.15,-16.1,1.5));
#5046=CARTESIAN_POINT('',(46.4,-16.1,2.25));
#5047=CARTESIAN_POINT('Origin',(48.65,-16.1,1.5));
#5048=CARTESIAN_POINT('Origin',(48.65,-16.1,0.));
#5049=CARTESIAN_POINT('',(47.15,-16.1,0.));
#5050=CARTESIAN_POINT('Origin',(48.65,-16.1,0.));
#5051=CARTESIAN_POINT('',(45.65,-16.1,0.));
#5052=CARTESIAN_POINT('Origin',(57.2,-22.5,0.));
#5053=CARTESIAN_POINT('',(57.2,-22.5,-10.5));
#5054=CARTESIAN_POINT('',(57.2,-22.5,0.));
#5055=CARTESIAN_POINT('',(57.2,58.1,-10.5));
#5056=CARTESIAN_POINT('Origin',(55.2,-22.5,0.));
#5057=CARTESIAN_POINT('',(55.2,-24.5,-10.5));
#5058=CARTESIAN_POINT('Origin',(55.2,-22.5,-10.5));
#5059=CARTESIAN_POINT('',(55.2,-24.5,0.));
#5060=CARTESIAN_POINT('Origin',(55.2,-26.5,0.));
#5061=CARTESIAN_POINT('Origin',(14.9,17.8,-10.5));
#5062=CARTESIAN_POINT('',(55.2,-24.5,-10.5));
#5063=CARTESIAN_POINT('Origin',(-25.4,-24.5,0.));
#5064=CARTESIAN_POINT('',(0.,0.,0.));
#5065=CARTESIAN_POINT('Origin',(55.7,14.75,-2.2));
#5066=CARTESIAN_POINT('',(56.5,14.75,1.85356286856883));
#5067=CARTESIAN_POINT('',(56.5,14.75,-6.25356286856883));
#5068=CARTESIAN_POINT('Origin',(56.5,14.75,-2.2));
#5069=CARTESIAN_POINT('',(56.8,14.75,1.85356286856883));
#5070=CARTESIAN_POINT('',(55.7,14.75,1.85356286856883));
#5071=CARTESIAN_POINT('',(56.8,14.75,-6.25356286856883));
#5072=CARTESIAN_POINT('Origin',(56.8,14.75,-2.2));
#5073=CARTESIAN_POINT('',(55.7,14.75,-6.25356286856883));
#5074=CARTESIAN_POINT('Origin',(55.7,14.75,-6.25356286856883));
#5075=CARTESIAN_POINT('',(56.5,8.74999999999999,-6.25356286856883));
#5076=CARTESIAN_POINT('',(56.5,12.5,-6.25356286856883));
#5077=CARTESIAN_POINT('',(56.8,8.74999999999999,-6.25356286856883));
#5078=CARTESIAN_POINT('',(56.8,10.25,-6.25356286856883));
#5079=CARTESIAN_POINT('',(55.7,8.74999999999999,-6.25356286856883));
#5080=CARTESIAN_POINT('Origin',(55.7,8.74999999999999,-2.2));
#5081=CARTESIAN_POINT('',(56.5,8.74999999999999,1.85356286856883));
#5082=CARTESIAN_POINT('Origin',(56.5,8.74999999999999,-2.2));
#5083=CARTESIAN_POINT('',(56.8,8.74999999999999,1.85356286856883));
#5084=CARTESIAN_POINT('Origin',(56.8,8.74999999999999,-2.2));
#5085=CARTESIAN_POINT('',(55.7,8.74999999999999,1.85356286856883));
#5086=CARTESIAN_POINT('Origin',(55.7,8.74999999999999,1.85356286856883));
#5087=CARTESIAN_POINT('',(56.5,11.,1.85356286856883));
#5088=CARTESIAN_POINT('',(56.8,13.25,1.85356286856883));
#5089=CARTESIAN_POINT('Origin',(56.8,11.75,-2.2));
#5090=CARTESIAN_POINT('',(56.8,8.74999999999999,2.05356286856883));
#5091=CARTESIAN_POINT('',(56.8,8.74999999999999,-6.45356286856883));
#5092=CARTESIAN_POINT('Origin',(56.8,8.74999999999999,-2.2));
#5093=CARTESIAN_POINT('',(56.8,14.75,2.05356286856883));
#5094=CARTESIAN_POINT('',(56.8,13.25,2.05356286856883));
#5095=CARTESIAN_POINT('',(56.8,14.75,-6.45356286856883));
#5096=CARTESIAN_POINT('Origin',(56.8,14.75,-2.2));
#5097=CARTESIAN_POINT('',(56.8,10.25,-6.45356286856883));
#5098=CARTESIAN_POINT('Origin',(56.2,14.75,-2.2));
#5099=CARTESIAN_POINT('',(55.7,14.75,-5.45356286856883));
#5100=CARTESIAN_POINT('',(55.7,14.75,-5.45356286856883));
#5101=CARTESIAN_POINT('',(55.7,14.75,1.05356286856883));
#5102=CARTESIAN_POINT('Origin',(55.7,14.75,-2.2));
#5103=CARTESIAN_POINT('',(55.7,14.75,1.05356286856883));
#5104=CARTESIAN_POINT('Origin',(56.2,10.25,-5.95356286856883));
#5105=CARTESIAN_POINT('',(55.7,8.74999999999999,-5.45356286856883));
#5106=CARTESIAN_POINT('',(56.7,8.74999999999999,-6.45356286856883));
#5107=CARTESIAN_POINT('',(55.7,10.25,-5.45356286856883));
#5108=CARTESIAN_POINT('Origin',(52.9,14.75,-2.2));
#5109=CARTESIAN_POINT('',(58.7,14.75,2.05356286856883));
#5110=CARTESIAN_POINT('',(52.9,14.75,2.05356286856883));
#5111=CARTESIAN_POINT('',(58.7,14.75,-6.45356286856883));
#5112=CARTESIAN_POINT('Origin',(58.7,14.75,-2.2));
#5113=CARTESIAN_POINT('',(52.9,14.75,-6.45356286856883));
#5114=CARTESIAN_POINT('Origin',(52.9,14.75,2.05356286856883));
#5115=CARTESIAN_POINT('',(58.7,8.74999999999999,2.05356286856883));
#5116=CARTESIAN_POINT('',(52.9,8.74999999999999,2.05356286856883));
#5117=CARTESIAN_POINT('',(58.7,13.25,2.05356286856883));
#5118=CARTESIAN_POINT('Origin',(56.2,13.25,1.55356286856883));
#5119=CARTESIAN_POINT('',(55.7,8.74999999999999,1.05356286856883));
#5120=CARTESIAN_POINT('',(55.7,13.25,1.05356286856883));
#5121=CARTESIAN_POINT('',(55.7,8.74999999999999,1.05356286856883));
#5122=CARTESIAN_POINT('Origin',(56.2,8.74999999999999,-2.2));
#5123=CARTESIAN_POINT('Origin',(55.7,8.74999999999999,-2.2));
#5124=CARTESIAN_POINT('Origin',(52.9,8.74999999999999,-2.2));
#5125=CARTESIAN_POINT('',(58.7,8.74999999999999,-6.45356286856883));
#5126=CARTESIAN_POINT('',(52.9,8.74999999999999,-6.45356286856883));
#5127=CARTESIAN_POINT('Origin',(58.7,8.74999999999999,-2.2));
#5128=CARTESIAN_POINT('Origin',(52.9,8.74999999999999,-6.45356286856883));
#5129=CARTESIAN_POINT('',(58.7,10.25,-6.45356286856883));
#5130=CARTESIAN_POINT('Origin',(55.7,11.75,-2.2));
#5131=CARTESIAN_POINT('Origin',(59.2,10.25,-6.95356286856883));
#5132=CARTESIAN_POINT('',(59.7,14.75,-7.45356286856883));
#5133=CARTESIAN_POINT('',(58.7,14.75,-6.45356286856883));
#5134=CARTESIAN_POINT('',(59.7,8.74999999999999,-7.45356286856883));
#5135=CARTESIAN_POINT('',(59.7,10.25,-7.45356286856883));
#5136=CARTESIAN_POINT('',(59.7,8.74999999999999,-7.45356286856883));
#5137=CARTESIAN_POINT('Origin',(59.2,14.75,-2.2));
#5138=CARTESIAN_POINT('',(59.7,14.75,3.05356286856883));
#5139=CARTESIAN_POINT('',(58.7,14.75,2.05356286856883));
#5140=CARTESIAN_POINT('Origin',(59.7,14.75,-2.2));
#5141=CARTESIAN_POINT('Origin',(59.2,13.25,2.55356286856883));
#5142=CARTESIAN_POINT('',(59.7,8.74999999999999,3.05356286856883));
#5143=CARTESIAN_POINT('',(58.7,8.74999999999999,2.05356286856883));
#5144=CARTESIAN_POINT('',(59.7,13.25,3.05356286856883));
#5145=CARTESIAN_POINT('Origin',(59.2,8.74999999999999,-2.2));
#5146=CARTESIAN_POINT('Origin',(59.7,8.74999999999999,-2.2));
#5147=CARTESIAN_POINT('Origin',(59.7,11.75,-2.2));
#5148=CARTESIAN_POINT('',(59.7,14.75,3.85356286856883));
#5149=CARTESIAN_POINT('',(59.7,8.74999999999999,3.85356286856883));
#5150=CARTESIAN_POINT('',(59.7,14.75,3.85356286856883));
#5151=CARTESIAN_POINT('',(59.7,14.75,-8.25356286856883));
#5152=CARTESIAN_POINT('Origin',(59.7,14.75,-2.2));
#5153=CARTESIAN_POINT('',(59.7,8.74999999999999,-8.25356286856883));
#5154=CARTESIAN_POINT('',(59.7,8.74999999999999,-8.25356286856883));
#5155=CARTESIAN_POINT('Origin',(59.7,8.74999999999999,-2.2));
#5156=CARTESIAN_POINT('Origin',(60.7,10.25,-7.75356286856883));
#5157=CARTESIAN_POINT('',(60.2,14.75,-8.25356286856883));
#5158=CARTESIAN_POINT('',(61.2,14.75,-7.25356286856883));
#5159=CARTESIAN_POINT('',(60.2,14.75,-8.25356286856883));
#5160=CARTESIAN_POINT('',(61.2,8.74999999999999,-7.25356286856883));
#5161=CARTESIAN_POINT('',(61.2,10.25,-7.25356286856883));
#5162=CARTESIAN_POINT('',(60.2,8.74999999999999,-8.25356286856883));
#5163=CARTESIAN_POINT('',(61.2,8.74999999999999,-7.25356286856883));
#5164=CARTESIAN_POINT('',(60.2,10.25,-8.25356286856883));
#5165=CARTESIAN_POINT('Origin',(60.7,14.75,-2.2));
#5166=CARTESIAN_POINT('',(60.2,14.75,3.85356286856883));
#5167=CARTESIAN_POINT('',(61.2,14.75,2.85356286856883));
#5168=CARTESIAN_POINT('',(60.2,14.75,3.85356286856883));
#5169=CARTESIAN_POINT('Origin',(61.2,14.75,-2.2));
#5170=CARTESIAN_POINT('Origin',(60.2,14.75,-2.2));
#5171=CARTESIAN_POINT('Origin',(60.7,13.25,3.35356286856883));
#5172=CARTESIAN_POINT('',(60.2,8.74999999999999,3.85356286856883));
#5173=CARTESIAN_POINT('',(61.2,8.74999999999999,2.85356286856883));
#5174=CARTESIAN_POINT('',(60.2,8.74999999999999,3.85356286856883));
#5175=CARTESIAN_POINT('',(61.2,13.25,2.85356286856883));
#5176=CARTESIAN_POINT('',(60.2,13.25,3.85356286856883));
#5177=CARTESIAN_POINT('Origin',(60.7,8.74999999999999,-2.2));
#5178=CARTESIAN_POINT('Origin',(61.2,8.74999999999999,-2.2));
#5179=CARTESIAN_POINT('Origin',(60.2,8.74999999999999,-2.2));
#5180=CARTESIAN_POINT('Origin',(59.7,14.75,-2.2));
#5181=CARTESIAN_POINT('',(59.7,14.75,-8.25356286856883));
#5182=CARTESIAN_POINT('',(59.7,14.75,3.85356286856883));
#5183=CARTESIAN_POINT('Origin',(59.7,8.74999999999999,-8.25356286856883));
#5184=CARTESIAN_POINT('',(59.7,8.74999999999999,-8.25356286856883));
#5185=CARTESIAN_POINT('Origin',(61.2,11.75,-2.2));
#5186=CARTESIAN_POINT('Origin',(59.7,8.74999999999999,-2.2));
#5187=CARTESIAN_POINT('',(59.7,8.74999999999999,3.85356286856883));
#5188=CARTESIAN_POINT('Origin',(59.7,14.75,3.85356286856883));
#5189=CARTESIAN_POINT('',(0.,0.,0.));
#5190=CARTESIAN_POINT('Origin',(56.3,11.75,-2.2));
#5191=CARTESIAN_POINT('',(56.3,14.75,-7.55356286856883));
#5192=CARTESIAN_POINT('',(56.3,14.75,3.15356286856883));
#5193=CARTESIAN_POINT('Origin',(56.3,14.75,-2.2));
#5194=CARTESIAN_POINT('',(56.3,8.74999999999999,-7.55356286856883));
#5195=CARTESIAN_POINT('',(56.3,13.25,-7.55356286856883));
#5196=CARTESIAN_POINT('',(56.3,8.74999999999999,3.15356286856883));
#5197=CARTESIAN_POINT('Origin',(56.3,8.74999999999999,-2.2));
#5198=CARTESIAN_POINT('',(56.3,10.25,3.15356286856883));
#5199=CARTESIAN_POINT('',(56.3,8.74999999999999,1.85356286856883));
#5200=CARTESIAN_POINT('',(56.3,14.75,1.85356286856883));
#5201=CARTESIAN_POINT('',(56.3,13.25,1.85356286856883));
#5202=CARTESIAN_POINT('',(56.3,8.74999999999999,-6.25356286856883));
#5203=CARTESIAN_POINT('Origin',(56.3,8.74999999999999,-2.2));
#5204=CARTESIAN_POINT('',(56.3,14.75,-6.25356286856883));
#5205=CARTESIAN_POINT('',(56.3,10.25,-6.25356286856883));
#5206=CARTESIAN_POINT('Origin',(56.3,14.75,-2.2));
#5207=CARTESIAN_POINT('Origin',(59.7,14.75,-2.2));
#5208=CARTESIAN_POINT('',(58.7,14.75,-6.25356286856883));
#5209=CARTESIAN_POINT('',(59.7,14.75,-6.25356286856883));
#5210=CARTESIAN_POINT('',(58.7,14.75,1.85356286856883));
#5211=CARTESIAN_POINT('Origin',(58.7,14.75,-2.2));
#5212=CARTESIAN_POINT('',(59.7,14.75,1.85356286856883));
#5213=CARTESIAN_POINT('Origin',(59.7,8.74999999999999,-6.25356286856883));
#5214=CARTESIAN_POINT('',(58.7,8.74999999999999,-6.25356286856883));
#5215=CARTESIAN_POINT('',(59.7,8.74999999999999,-6.25356286856883));
#5216=CARTESIAN_POINT('',(58.7,10.25,-6.25356286856883));
#5217=CARTESIAN_POINT('Origin',(59.7,8.74999999999999,3.15356286856883));
#5218=CARTESIAN_POINT('',(59.7,8.74999999999999,3.15356286856883));
#5219=CARTESIAN_POINT('',(59.7,8.74999999999999,3.15356286856883));
#5220=CARTESIAN_POINT('',(59.7,14.75,3.15356286856883));
#5221=CARTESIAN_POINT('',(59.7,10.25,3.15356286856883));
#5222=CARTESIAN_POINT('',(59.7,14.75,3.15356286856883));
#5223=CARTESIAN_POINT('Origin',(59.7,8.74999999999999,-2.2));
#5224=CARTESIAN_POINT('',(59.7,8.74999999999999,-7.55356286856883));
#5225=CARTESIAN_POINT('',(59.7,8.74999999999999,-7.55356286856883));
#5226=CARTESIAN_POINT('Origin',(59.7,8.74999999999999,-2.2));
#5227=CARTESIAN_POINT('Origin',(59.7,8.74999999999999,-2.2));
#5228=CARTESIAN_POINT('',(58.7,8.74999999999999,1.85356286856883));
#5229=CARTESIAN_POINT('',(59.7,8.74999999999999,1.85356286856883));
#5230=CARTESIAN_POINT('Origin',(58.7,8.74999999999999,-2.2));
#5231=CARTESIAN_POINT('Origin',(59.7,14.75,1.85356286856883));
#5232=CARTESIAN_POINT('',(58.7,13.25,1.85356286856883));
#5233=CARTESIAN_POINT('Origin',(59.7,14.75,-7.55356286856883));
#5234=CARTESIAN_POINT('',(59.7,14.75,-7.55356286856883));
#5235=CARTESIAN_POINT('',(59.7,14.75,-7.55356286856883));
#5236=CARTESIAN_POINT('',(59.7,13.25,-7.55356286856883));
#5237=CARTESIAN_POINT('Origin',(59.7,14.75,-2.2));
#5238=CARTESIAN_POINT('Origin',(59.7,14.75,-2.2));
#5239=CARTESIAN_POINT('Origin',(59.2,10.25,-6.75356286856883));
#5240=CARTESIAN_POINT('',(59.7,8.74999999999999,-7.25356286856883));
#5241=CARTESIAN_POINT('',(58.7,8.74999999999999,-6.25356286856883));
#5242=CARTESIAN_POINT('',(59.7,14.75,-7.25356286856883));
#5243=CARTESIAN_POINT('',(59.7,10.25,-7.25356286856883));
#5244=CARTESIAN_POINT('',(59.7,14.75,-7.25356286856883));
#5245=CARTESIAN_POINT('Origin',(59.2,8.74999999999999,-2.2));
#5246=CARTESIAN_POINT('',(59.7,8.74999999999999,2.85356286856883));
#5247=CARTESIAN_POINT('',(58.7,8.74999999999999,1.85356286856883));
#5248=CARTESIAN_POINT('Origin',(59.7,8.74999999999999,-2.2));
#5249=CARTESIAN_POINT('Origin',(59.2,13.25,2.35356286856883));
#5250=CARTESIAN_POINT('',(59.7,14.75,2.85356286856883));
#5251=CARTESIAN_POINT('',(58.7,14.75,1.85356286856883));
#5252=CARTESIAN_POINT('',(59.7,13.25,2.85356286856883));
#5253=CARTESIAN_POINT('Origin',(59.2,14.75,-2.2));
#5254=CARTESIAN_POINT('Origin',(59.7,14.75,-2.2));
#5255=CARTESIAN_POINT('Origin',(59.7,11.75,-2.2));
#5256=CARTESIAN_POINT('',(0.,0.,0.));
#5257=CARTESIAN_POINT('Origin',(-43.35,16.4,34.));
#5258=CARTESIAN_POINT('',(-43.35,26.9799259590645,26.8846878704646));
#5259=CARTESIAN_POINT('',(-42.,26.167066649767,25.8044579764966));
#5260=CARTESIAN_POINT('Ctrl Pts',(-43.35,26.9799259590645,26.8846878704646));
#5261=CARTESIAN_POINT('Ctrl Pts',(-43.1803540845427,26.9799259590645,26.8846878704646));
#5262=CARTESIAN_POINT('Ctrl Pts',(-42.9994879208394,26.9609935307561,26.8562818119663));
#5263=CARTESIAN_POINT('Ctrl Pts',(-42.6669137924138,26.8827860607823,26.7420050780336));
#5264=CARTESIAN_POINT('Ctrl Pts',(-42.515194924589,26.8233638846015,26.6562669137336));
#5265=CARTESIAN_POINT('Ctrl Pts',(-42.2756172792632,26.6831457168769,26.4611775219863));
#5266=CARTESIAN_POINT('Ctrl Pts',(-42.1717417954799,26.592951992516,26.3388038338424));
#5267=CARTESIAN_POINT('Ctrl Pts',(-42.0339296481715,26.3895120147945,26.0753645684014));
#5268=CARTESIAN_POINT('Ctrl Pts',(-42.,26.2761124752123,25.9344137307285));
#5269=CARTESIAN_POINT('Ctrl Pts',(-42.,26.167066649767,25.8044579764966));
#5270=CARTESIAN_POINT('Ctrl Pts',(-42.,26.167066649767,25.8044579764966));
#5271=CARTESIAN_POINT('Ctrl Pts',(-42.,26.0580208243217,25.6745022222648));
#5272=CARTESIAN_POINT('Ctrl Pts',(-42.0339296481715,25.9389029699846,25.5383496203937));
#5273=CARTESIAN_POINT('Ctrl Pts',(-42.1717417954799,25.7147929203263,25.2922546046912));
#5274=CARTESIAN_POINT('Ctrl Pts',(-42.2756172792632,25.6099403393498,25.1821811577269));
#5275=CARTESIAN_POINT('Ctrl Pts',(-42.515194924589,25.4421634231278,25.0102163016795));
#5276=CARTESIAN_POINT('Ctrl Pts',(-42.6669137924138,25.3680463668029,24.9368086058886));
#5277=CARTESIAN_POINT('Ctrl Pts',(-42.9994879208394,25.269086337878,24.8399453365178));
#5278=CARTESIAN_POINT('Ctrl Pts',(-43.1803540845427,25.2443994129109,24.8163678740434));
#5279=CARTESIAN_POINT('Ctrl Pts',(-43.5196459154573,25.2443994129109,24.8163678740434));
#5280=CARTESIAN_POINT('Ctrl Pts',(-43.7005120791606,25.269086337878,24.8399453365178));
#5281=CARTESIAN_POINT('Ctrl Pts',(-44.0330862075863,25.3680463668029,24.9368086058886));
#5282=CARTESIAN_POINT('Ctrl Pts',(-44.184805075411,25.4421634231277,25.0102163016795));
#5283=CARTESIAN_POINT('Ctrl Pts',(-44.4243827207368,25.6099403393498,25.1821811577269));
#5284=CARTESIAN_POINT('Ctrl Pts',(-44.5282582045201,25.7147929203263,25.2922546046912));
#5285=CARTESIAN_POINT('Ctrl Pts',(-44.6660703518285,25.9389029699846,25.5383496203937));
#5286=CARTESIAN_POINT('Ctrl Pts',(-44.7,26.0580208243217,25.6745022222648));
#5287=CARTESIAN_POINT('Ctrl Pts',(-44.7,26.2761124752123,25.9344137307285));
#5288=CARTESIAN_POINT('Ctrl Pts',(-44.6660703518285,26.3895120147945,26.0753645684014));
#5289=CARTESIAN_POINT('Ctrl Pts',(-44.5282582045201,26.592951992516,26.3388038338424));
#5290=CARTESIAN_POINT('Ctrl Pts',(-44.4243827207368,26.6831457168769,26.4611775219863));
#5291=CARTESIAN_POINT('Ctrl Pts',(-44.184805075411,26.8233638846015,26.6562669137336));
#5292=CARTESIAN_POINT('Ctrl Pts',(-44.0330862075863,26.8827860607823,26.7420050780336));
#5293=CARTESIAN_POINT('Ctrl Pts',(-43.7005120791606,26.9609935307561,26.8562818119663));
#5294=CARTESIAN_POINT('Ctrl Pts',(-43.5196459154573,26.9799259590645,26.8846878704646));
#5295=CARTESIAN_POINT('Ctrl Pts',(-43.35,26.9799259590645,26.8846878704646));
#5296=CARTESIAN_POINT('',(-42.,30.7633333084808,21.9477323183774));
#5297=CARTESIAN_POINT('',(-42.,16.4,34.));
#5298=CARTESIAN_POINT('Origin',(-43.35,30.7633333084808,21.9477323183774));
#5299=CARTESIAN_POINT('Origin',(-43.35,30.7633333084808,21.9477323183774));
#5300=CARTESIAN_POINT('Origin',(-43.35,16.4,34.));
#5301=CARTESIAN_POINT('',(-43.35,24.494763589359,24.1492486361502));
#5302=CARTESIAN_POINT('',(-42.,23.4062394704028,23.3475304044851));
#5303=CARTESIAN_POINT('Ctrl Pts',(-43.35,24.494763589359,24.1492486361502));
#5304=CARTESIAN_POINT('Ctrl Pts',(-43.1803540845427,24.494763589359,24.1492486361502));
#5305=CARTESIAN_POINT('Ctrl Pts',(-42.9994879208394,24.468479572191,24.1274658116645));
#5306=CARTESIAN_POINT('Ctrl Pts',(-42.6669137924138,24.3607826994558,24.040420054266));
#5307=CARTESIAN_POINT('Ctrl Pts',(-42.515194924589,24.2792668951877,23.9753262642848));
#5308=CARTESIAN_POINT('Ctrl Pts',(-42.2756172792632,24.0889870928507,23.8286476968151));
#5309=CARTESIAN_POINT('Ctrl Pts',(-42.1717417954799,23.9674852814778,23.7372828387068));
#5310=CARTESIAN_POINT('Ctrl Pts',(-42.0339296481715,23.6970366834833,23.5432580285554));
#5311=CARTESIAN_POINT('Ctrl Pts',(-42.,23.5479759579643,23.4407519588529));
#5312=CARTESIAN_POINT('Ctrl Pts',(-42.,23.4062394704028,23.3475304044851));
#5313=CARTESIAN_POINT('Ctrl Pts',(-42.,23.4062394704028,23.3475304044851));
#5314=CARTESIAN_POINT('Ctrl Pts',(-42.,23.2645029828413,23.2543088501173));
#5315=CARTESIAN_POINT('Ctrl Pts',(-42.0339296481715,23.1113403212982,23.1580394711478));
#5316=CARTESIAN_POINT('Ctrl Pts',(-42.1717417954799,22.8260643980635,22.9865585137967));
#5317=CARTESIAN_POINT('Ctrl Pts',(-42.2756172792632,22.6940473047237,22.9111813652027));
#5318=CARTESIAN_POINT('Ctrl Pts',(-42.515194924589,22.4839987019473,22.7945597985692));
#5319=CARTESIAN_POINT('Ctrl Pts',(-42.6669137924138,22.3919417748457,22.7454930072312));
#5320=CARTESIAN_POINT('Ctrl Pts',(-42.9994879208394,22.2693584062107,22.6810810672503));
#5321=CARTESIAN_POINT('Ctrl Pts',(-43.1803540845427,22.2389464985441,22.6655743953591));
#5322=CARTESIAN_POINT('Ctrl Pts',(-43.5196459154573,22.2389464985441,22.6655743953591));
#5323=CARTESIAN_POINT('Ctrl Pts',(-43.7005120791606,22.2693584062107,22.6810810672503));
#5324=CARTESIAN_POINT('Ctrl Pts',(-44.0330862075863,22.3919417748457,22.7454930072312));
#5325=CARTESIAN_POINT('Ctrl Pts',(-44.184805075411,22.4839987019473,22.7945597985692));
#5326=CARTESIAN_POINT('Ctrl Pts',(-44.4243827207368,22.6940473047237,22.9111813652027));
#5327=CARTESIAN_POINT('Ctrl Pts',(-44.5282582045201,22.8260643980635,22.9865585137967));
#5328=CARTESIAN_POINT('Ctrl Pts',(-44.6660703518285,23.1113403212982,23.1580394711478));
#5329=CARTESIAN_POINT('Ctrl Pts',(-44.7,23.2645029828413,23.2543088501173));
#5330=CARTESIAN_POINT('Ctrl Pts',(-44.7,23.5479759579643,23.4407519588529));
#5331=CARTESIAN_POINT('Ctrl Pts',(-44.6660703518285,23.6970366834833,23.5432580285554));
#5332=CARTESIAN_POINT('Ctrl Pts',(-44.5282582045201,23.9674852814778,23.7372828387068));
#5333=CARTESIAN_POINT('Ctrl Pts',(-44.4243827207368,24.0889870928507,23.8286476968151));
#5334=CARTESIAN_POINT('Ctrl Pts',(-44.184805075411,24.2792668951877,23.9753262642848));
#5335=CARTESIAN_POINT('Ctrl Pts',(-44.0330862075863,24.3607826994558,24.040420054266));
#5336=CARTESIAN_POINT('Ctrl Pts',(-43.7005120791606,24.468479572191,24.1274658116645));
#5337=CARTESIAN_POINT('Ctrl Pts',(-43.5196459154573,24.494763589359,24.1492486361502));
#5338=CARTESIAN_POINT('Ctrl Pts',(-43.35,24.494763589359,24.1492486361502));
#5339=CARTESIAN_POINT('',(-42.,26.7032933388276,18.3346035360074));
#5340=CARTESIAN_POINT('',(-42.,16.4,34.));
#5341=CARTESIAN_POINT('Origin',(-43.35,26.7032933388276,18.3346035360074));
#5342=CARTESIAN_POINT('Origin',(-43.35,26.7032933388276,18.3346035360074));
#5343=CARTESIAN_POINT('Origin',(-43.35,16.4,34.));
#5344=CARTESIAN_POINT('',(-43.35,21.3294712874939,22.2414791395442));
#5345=CARTESIAN_POINT('',(-42.,20.0567412170664,21.7856337179775));
#5346=CARTESIAN_POINT('Ctrl Pts',(-43.35,21.3294712874939,22.2414791395442));
#5347=CARTESIAN_POINT('Ctrl Pts',(-43.1803540845427,21.3294712874939,22.2414791395442));
#5348=CARTESIAN_POINT('Ctrl Pts',(-42.9994879208394,21.2980440902254,22.2281497632307));
#5349=CARTESIAN_POINT('Ctrl Pts',(-42.6669137924138,21.1699066110202,22.1756486518047));
#5350=CARTESIAN_POINT('Ctrl Pts',(-42.515194924589,21.0731462160473,22.136668479867));
#5351=CARTESIAN_POINT('Ctrl Pts',(-42.2756172792632,20.8487922736833,22.0507248129795));
#5352=CARTESIAN_POINT('Ctrl Pts',(-42.1717417954799,20.7061910759991,21.9980453493995));
#5353=CARTESIAN_POINT('Ctrl Pts',(-42.0339296481715,20.3914572127224,21.8897371483325));
#5354=CARTESIAN_POINT('Ctrl Pts',(-42.,20.2192595288138,21.8342885065579));
#5355=CARTESIAN_POINT('Ctrl Pts',(-42.,20.0567412170664,21.7856337179775));
#5356=CARTESIAN_POINT('Ctrl Pts',(-42.,20.0567412170664,21.7856337179775));
#5357=CARTESIAN_POINT('Ctrl Pts',(-42.,19.894222905319,21.7369789293972));
#5358=CARTESIAN_POINT('Ctrl Pts',(-42.0339296481715,19.7198843127829,21.6886814204485));
#5359=CARTESIAN_POINT('Ctrl Pts',(-42.1717417954799,19.3974116772912,21.6062225187426));
#5360=CARTESIAN_POINT('Ctrl Pts',(-42.2756172792632,19.2493222765361,21.5718749300643));
#5361=CARTESIAN_POINT('Ctrl Pts',(-42.515194924589,19.0146504756854,21.5203953106224));
#5362=CARTESIAN_POINT('Ctrl Pts',(-42.6669137924138,18.9123883906116,21.4997920634038));
#5363=CARTESIAN_POINT('Ctrl Pts',(-42.9994879208394,18.7764812564632,21.4732434068353));
#5364=CARTESIAN_POINT('Ctrl Pts',(-43.1803540845427,18.7428996042421,21.4671104112243));
#5365=CARTESIAN_POINT('Ctrl Pts',(-43.5196459154573,18.7428996042421,21.4671104112243));
#5366=CARTESIAN_POINT('Ctrl Pts',(-43.7005120791606,18.7764812564632,21.4732434068353));
#5367=CARTESIAN_POINT('Ctrl Pts',(-44.0330862075863,18.9123883906116,21.4997920634038));
#5368=CARTESIAN_POINT('Ctrl Pts',(-44.184805075411,19.0146504756854,21.5203953106224));
#5369=CARTESIAN_POINT('Ctrl Pts',(-44.4243827207368,19.2493222765361,21.5718749300643));
#5370=CARTESIAN_POINT('Ctrl Pts',(-44.5282582045201,19.3974116772912,21.6062225187426));
#5371=CARTESIAN_POINT('Ctrl Pts',(-44.6660703518285,19.7198843127829,21.6886814204485));
#5372=CARTESIAN_POINT('Ctrl Pts',(-44.7,19.894222905319,21.7369789293972));
#5373=CARTESIAN_POINT('Ctrl Pts',(-44.7,20.2192595288138,21.8342885065579));
#5374=CARTESIAN_POINT('Ctrl Pts',(-44.6660703518285,20.3914572127224,21.8897371483325));
#5375=CARTESIAN_POINT('Ctrl Pts',(-44.5282582045201,20.7061910759991,21.9980453493995));
#5376=CARTESIAN_POINT('Ctrl Pts',(-44.4243827207368,20.8487922736833,22.0507248129795));
#5377=CARTESIAN_POINT('Ctrl Pts',(-44.184805075411,21.0731462160473,22.136668479867));
#5378=CARTESIAN_POINT('Ctrl Pts',(-44.0330862075863,21.1699066110202,22.1756486518047));
#5379=CARTESIAN_POINT('Ctrl Pts',(-43.7005120791606,21.2980440902254,22.2281497632307));
#5380=CARTESIAN_POINT('Ctrl Pts',(-43.5196459154573,21.3294712874939,22.2414791395442));
#5381=CARTESIAN_POINT('Ctrl Pts',(-43.35,21.3294712874939,22.2414791395442));
#5382=CARTESIAN_POINT('',(-42.,21.777560613333,16.0376966440846));
#5383=CARTESIAN_POINT('',(-42.,16.4,34.));
#5384=CARTESIAN_POINT('Origin',(-43.35,21.777560613333,16.0376966440846));
#5385=CARTESIAN_POINT('Origin',(-43.35,21.777560613333,16.0376966440846));
#5386=CARTESIAN_POINT('Origin',(-43.35,16.4,34.));
#5387=CARTESIAN_POINT('',(-43.35,14.0571003957579,21.4671104112243));
#5388=CARTESIAN_POINT('',(-42.,12.7432587829336,21.7856337179775));
#5389=CARTESIAN_POINT('Ctrl Pts',(-43.35,14.0571003957579,21.4671104112243));
#5390=CARTESIAN_POINT('Ctrl Pts',(-43.1803540845427,14.0571003957579,21.4671104112243));
#5391=CARTESIAN_POINT('Ctrl Pts',(-42.9994879208394,14.0235187435368,21.4732434068353));
#5392=CARTESIAN_POINT('Ctrl Pts',(-42.6669137924138,13.8876116093884,21.4997920634038));
#5393=CARTESIAN_POINT('Ctrl Pts',(-42.515194924589,13.7853495243146,21.5203953106224));
#5394=CARTESIAN_POINT('Ctrl Pts',(-42.2756172792632,13.550677723464,21.5718749300643));
#5395=CARTESIAN_POINT('Ctrl Pts',(-42.1717417954799,13.4025883227088,21.6062225187426));
#5396=CARTESIAN_POINT('Ctrl Pts',(-42.0339296481715,13.0801156872172,21.6886814204485));
#5397=CARTESIAN_POINT('Ctrl Pts',(-42.,12.905777094681,21.7369789293972));
#5398=CARTESIAN_POINT('Ctrl Pts',(-42.,12.7432587829336,21.7856337179775));
#5399=CARTESIAN_POINT('Ctrl Pts',(-42.,12.7432587829336,21.7856337179775));
#5400=CARTESIAN_POINT('Ctrl Pts',(-42.,12.5807404711862,21.8342885065579));
#5401=CARTESIAN_POINT('Ctrl Pts',(-42.0339296481715,12.4085427872776,21.8897371483325));
#5402=CARTESIAN_POINT('Ctrl Pts',(-42.1717417954799,12.0938089240009,21.9980453493995));
#5403=CARTESIAN_POINT('Ctrl Pts',(-42.2756172792632,11.9512077263167,22.0507248129795));
#5404=CARTESIAN_POINT('Ctrl Pts',(-42.515194924589,11.7268537839527,22.136668479867));
#5405=CARTESIAN_POINT('Ctrl Pts',(-42.6669137924138,11.6300933889798,22.1756486518047));
#5406=CARTESIAN_POINT('Ctrl Pts',(-42.9994879208394,11.5019559097747,22.2281497632307));
#5407=CARTESIAN_POINT('Ctrl Pts',(-43.1803540845427,11.4705287125061,22.2414791395442));
#5408=CARTESIAN_POINT('Ctrl Pts',(-43.5196459154573,11.4705287125061,22.2414791395442));
#5409=CARTESIAN_POINT('Ctrl Pts',(-43.7005120791606,11.5019559097747,22.2281497632307));
#5410=CARTESIAN_POINT('Ctrl Pts',(-44.0330862075863,11.6300933889798,22.1756486518047));
#5411=CARTESIAN_POINT('Ctrl Pts',(-44.184805075411,11.7268537839527,22.136668479867));
#5412=CARTESIAN_POINT('Ctrl Pts',(-44.4243827207368,11.9512077263167,22.0507248129795));
#5413=CARTESIAN_POINT('Ctrl Pts',(-44.5282582045201,12.0938089240009,21.9980453493995));
#5414=CARTESIAN_POINT('Ctrl Pts',(-44.6660703518285,12.4085427872776,21.8897371483325));
#5415=CARTESIAN_POINT('Ctrl Pts',(-44.7,12.5807404711862,21.8342885065579));
#5416=CARTESIAN_POINT('Ctrl Pts',(-44.7,12.905777094681,21.7369789293972));
#5417=CARTESIAN_POINT('Ctrl Pts',(-44.6660703518285,13.0801156872171,21.6886814204485));
#5418=CARTESIAN_POINT('Ctrl Pts',(-44.5282582045201,13.4025883227088,21.6062225187426));
#5419=CARTESIAN_POINT('Ctrl Pts',(-44.4243827207368,13.550677723464,21.5718749300643));
#5420=CARTESIAN_POINT('Ctrl Pts',(-44.184805075411,13.7853495243146,21.5203953106224));
#5421=CARTESIAN_POINT('Ctrl Pts',(-44.0330862075863,13.8876116093884,21.4997920634038));
#5422=CARTESIAN_POINT('Ctrl Pts',(-43.7005120791606,14.0235187435368,21.4732434068353));
#5423=CARTESIAN_POINT('Ctrl Pts',(-43.5196459154573,14.0571003957579,21.4671104112243));
#5424=CARTESIAN_POINT('Ctrl Pts',(-43.35,14.0571003957579,21.4671104112243));
#5425=CARTESIAN_POINT('',(-42.,11.0224393866671,16.0376966440846));
#5426=CARTESIAN_POINT('',(-42.,16.4,34.));
#5427=CARTESIAN_POINT('Origin',(-43.35,11.0224393866671,16.0376966440846));
#5428=CARTESIAN_POINT('Origin',(-43.35,11.0224393866671,16.0376966440846));
#5429=CARTESIAN_POINT('Origin',(-43.35,16.4,34.));
#5430=CARTESIAN_POINT('',(-43.35,10.5610535014559,22.6655743953591));
#5431=CARTESIAN_POINT('',(-42.,9.39376052959722,23.3475304044851));
#5432=CARTESIAN_POINT('Ctrl Pts',(-43.35,10.5610535014559,22.6655743953591));
#5433=CARTESIAN_POINT('Ctrl Pts',(-43.1803540845427,10.5610535014559,22.6655743953591));
#5434=CARTESIAN_POINT('Ctrl Pts',(-42.9994879208394,10.5306415937893,22.6810810672503));
#5435=CARTESIAN_POINT('Ctrl Pts',(-42.6669137924138,10.4080582251543,22.7454930072312));
#5436=CARTESIAN_POINT('Ctrl Pts',(-42.515194924589,10.3160012980527,22.7945597985692));
#5437=CARTESIAN_POINT('Ctrl Pts',(-42.2756172792632,10.1059526952763,22.9111813652027));
#5438=CARTESIAN_POINT('Ctrl Pts',(-42.1717417954799,9.97393560193649,22.9865585137967));
#5439=CARTESIAN_POINT('Ctrl Pts',(-42.0339296481715,9.68865967870183,23.1580394711478));
#5440=CARTESIAN_POINT('Ctrl Pts',(-42.,9.53549701715873,23.2543088501173));
#5441=CARTESIAN_POINT('Ctrl Pts',(-42.,9.39376052959722,23.3475304044851));
#5442=CARTESIAN_POINT('Ctrl Pts',(-42.,9.39376052959722,23.3475304044851));
#5443=CARTESIAN_POINT('Ctrl Pts',(-42.,9.25202404203571,23.4407519588529));
#5444=CARTESIAN_POINT('Ctrl Pts',(-42.0339296481715,9.10296331651667,23.5432580285554));
#5445=CARTESIAN_POINT('Ctrl Pts',(-42.1717417954799,8.83251471852223,23.7372828387068));
#5446=CARTESIAN_POINT('Ctrl Pts',(-42.2756172792632,8.71101290714933,23.8286476968151));
#5447=CARTESIAN_POINT('Ctrl Pts',(-42.515194924589,8.52073310481233,23.9753262642848));
#5448=CARTESIAN_POINT('Ctrl Pts',(-42.6669137924138,8.43921730054418,24.040420054266));
#5449=CARTESIAN_POINT('Ctrl Pts',(-42.9994879208394,8.33152042780901,24.1274658116645));
#5450=CARTESIAN_POINT('Ctrl Pts',(-43.1803540845427,8.305236410641,24.1492486361502));
#5451=CARTESIAN_POINT('Ctrl Pts',(-43.5196459154573,8.305236410641,24.1492486361502));
#5452=CARTESIAN_POINT('Ctrl Pts',(-43.7005120791606,8.33152042780901,24.1274658116645));
#5453=CARTESIAN_POINT('Ctrl Pts',(-44.0330862075863,8.43921730054418,24.040420054266));
#5454=CARTESIAN_POINT('Ctrl Pts',(-44.184805075411,8.52073310481233,23.9753262642848));
#5455=CARTESIAN_POINT('Ctrl Pts',(-44.4243827207368,8.71101290714933,23.8286476968151));
#5456=CARTESIAN_POINT('Ctrl Pts',(-44.5282582045201,8.83251471852224,23.7372828387068));
#5457=CARTESIAN_POINT('Ctrl Pts',(-44.6660703518285,9.10296331651667,23.5432580285554));
#5458=CARTESIAN_POINT('Ctrl Pts',(-44.7,9.25202404203571,23.4407519588529));
#5459=CARTESIAN_POINT('Ctrl Pts',(-44.7,9.53549701715873,23.2543088501173));
#5460=CARTESIAN_POINT('Ctrl Pts',(-44.6660703518285,9.68865967870183,23.1580394711478));
#5461=CARTESIAN_POINT('Ctrl Pts',(-44.5282582045201,9.97393560193649,22.9865585137967));
#5462=CARTESIAN_POINT('Ctrl Pts',(-44.4243827207368,10.1059526952763,22.9111813652027));
#5463=CARTESIAN_POINT('Ctrl Pts',(-44.184805075411,10.3160012980527,22.7945597985692));
#5464=CARTESIAN_POINT('Ctrl Pts',(-44.0330862075863,10.4080582251543,22.7454930072312));
#5465=CARTESIAN_POINT('Ctrl Pts',(-43.7005120791606,10.5306415937893,22.6810810672503));
#5466=CARTESIAN_POINT('Ctrl Pts',(-43.5196459154573,10.5610535014559,22.6655743953591));
#5467=CARTESIAN_POINT('Ctrl Pts',(-43.35,10.5610535014559,22.6655743953591));
#5468=CARTESIAN_POINT('',(-42.,6.09670666117239,18.3346035360074));
#5469=CARTESIAN_POINT('',(-42.,16.4,34.));
#5470=CARTESIAN_POINT('Origin',(-43.35,6.09670666117239,18.3346035360074));
#5471=CARTESIAN_POINT('Origin',(-43.35,6.09670666117239,18.3346035360074));
#5472=CARTESIAN_POINT('Origin',(-43.35,16.4,34.));
#5473=CARTESIAN_POINT('',(-43.35,7.55560058708916,24.8163678740434));
#5474=CARTESIAN_POINT('',(-42.,6.63293335023303,25.8044579764966));
#5475=CARTESIAN_POINT('Ctrl Pts',(-43.35,7.55560058708916,24.8163678740434));
#5476=CARTESIAN_POINT('Ctrl Pts',(-43.1803540845427,7.55560058708916,24.8163678740434));
#5477=CARTESIAN_POINT('Ctrl Pts',(-42.9994879208394,7.53091366212201,24.8399453365178));
#5478=CARTESIAN_POINT('Ctrl Pts',(-42.6669137924138,7.4319536331971,24.9368086058886));
#5479=CARTESIAN_POINT('Ctrl Pts',(-42.515194924589,7.35783657687226,25.0102163016795));
#5480=CARTESIAN_POINT('Ctrl Pts',(-42.2756172792632,7.19005966065025,25.1821811577269));
#5481=CARTESIAN_POINT('Ctrl Pts',(-42.1717417954799,7.08520707967367,25.2922546046912));
#5482=CARTESIAN_POINT('Ctrl Pts',(-42.0339296481715,6.86109703001544,25.5383496203937));
#5483=CARTESIAN_POINT('Ctrl Pts',(-42.,6.74197917567836,25.6745022222648));
#5484=CARTESIAN_POINT('Ctrl Pts',(-42.,6.63293335023303,25.8044579764966));
#5485=CARTESIAN_POINT('Ctrl Pts',(-42.,6.63293335023303,25.8044579764966));
#5486=CARTESIAN_POINT('Ctrl Pts',(-42.,6.52388752478771,25.9344137307285));
#5487=CARTESIAN_POINT('Ctrl Pts',(-42.0339296481715,6.41048798520554,26.0753645684013));
#5488=CARTESIAN_POINT('Ctrl Pts',(-42.1717417954799,6.20704800748402,26.3388038338424));
#5489=CARTESIAN_POINT('Ctrl Pts',(-42.2756172792632,6.11685428312308,26.4611775219863));
#5490=CARTESIAN_POINT('Ctrl Pts',(-42.515194924589,5.97663611539852,26.6562669137336));
#5491=CARTESIAN_POINT('Ctrl Pts',(-42.6669137924138,5.91721393921767,26.7420050780336));
#5492=CARTESIAN_POINT('Ctrl Pts',(-42.9994879208394,5.83900646924389,26.8562818119663));
#5493=CARTESIAN_POINT('Ctrl Pts',(-43.1803540845427,5.82007404093551,26.8846878704646));
#5494=CARTESIAN_POINT('Ctrl Pts',(-43.5196459154573,5.82007404093551,26.8846878704646));
#5495=CARTESIAN_POINT('Ctrl Pts',(-43.7005120791606,5.83900646924389,26.8562818119663));
#5496=CARTESIAN_POINT('Ctrl Pts',(-44.0330862075863,5.91721393921767,26.7420050780336));
#5497=CARTESIAN_POINT('Ctrl Pts',(-44.184805075411,5.97663611539852,26.6562669137336));
#5498=CARTESIAN_POINT('Ctrl Pts',(-44.4243827207368,6.11685428312308,26.4611775219863));
#5499=CARTESIAN_POINT('Ctrl Pts',(-44.5282582045201,6.20704800748401,26.3388038338424));
#5500=CARTESIAN_POINT('Ctrl Pts',(-44.6660703518285,6.41048798520553,26.0753645684013));
#5501=CARTESIAN_POINT('Ctrl Pts',(-44.7,6.52388752478771,25.9344137307285));
#5502=CARTESIAN_POINT('Ctrl Pts',(-44.7,6.74197917567835,25.6745022222648));
#5503=CARTESIAN_POINT('Ctrl Pts',(-44.6660703518285,6.86109703001544,25.5383496203937));
#5504=CARTESIAN_POINT('Ctrl Pts',(-44.5282582045201,7.08520707967367,25.2922546046912));
#5505=CARTESIAN_POINT('Ctrl Pts',(-44.4243827207368,7.19005966065025,25.1821811577269));
#5506=CARTESIAN_POINT('Ctrl Pts',(-44.184805075411,7.35783657687227,25.0102163016795));
#5507=CARTESIAN_POINT('Ctrl Pts',(-44.0330862075863,7.4319536331971,24.9368086058886));
#5508=CARTESIAN_POINT('Ctrl Pts',(-43.7005120791606,7.53091366212201,24.8399453365178));
#5509=CARTESIAN_POINT('Ctrl Pts',(-43.5196459154573,7.55560058708916,24.8163678740434));
#5510=CARTESIAN_POINT('Ctrl Pts',(-43.35,7.55560058708916,24.8163678740434));
#5511=CARTESIAN_POINT('',(-42.,2.03666669151917,21.9477323183774));
#5512=CARTESIAN_POINT('',(-42.,16.4,34.));
#5513=CARTESIAN_POINT('Origin',(-43.35,2.03666669151917,21.9477323183774));
#5514=CARTESIAN_POINT('Origin',(-43.35,2.03666669151917,21.9477323183774));
#5515=CARTESIAN_POINT('Origin',(-43.35,16.4,34.));
#5516=CARTESIAN_POINT('',(-43.35,17.75,21.3216720345307));
#5517=CARTESIAN_POINT('',(-42.,16.4,21.25));
#5518=CARTESIAN_POINT('Ctrl Pts',(-43.35,17.75,21.3216720345307));
#5519=CARTESIAN_POINT('Ctrl Pts',(-43.1803540845427,17.75,21.3216720345307));
#5520=CARTESIAN_POINT('Ctrl Pts',(-42.9994879208394,17.7160701663985,21.3179160535883));
#5521=CARTESIAN_POINT('Ctrl Pts',(-42.6669137924138,17.5782583167075,21.3043707827248));
#5522=CARTESIAN_POINT('Ctrl Pts',(-42.515194924589,17.4743832337927,21.2947793808969));
#5523=CARTESIAN_POINT('Ctrl Pts',(-42.2756172792632,17.2348055884669,21.2767916853102));
#5524=CARTESIAN_POINT('Ctrl Pts',(-42.1717417954799,17.0830864961895,21.2672237961705));
#5525=CARTESIAN_POINT('Ctrl Pts',(-42.0339296481715,16.7505116138048,21.2537323648819));
#5526=CARTESIAN_POINT('Ctrl Pts',(-42.,16.569645188865,21.25));
#5527=CARTESIAN_POINT('Ctrl Pts',(-42.,16.4,21.25));
#5528=CARTESIAN_POINT('Ctrl Pts',(-42.,16.4,21.25));
#5529=CARTESIAN_POINT('Ctrl Pts',(-42.,16.2303548111351,21.25));
#5530=CARTESIAN_POINT('Ctrl Pts',(-42.0339296481715,16.0494883861952,21.2537323648819));
#5531=CARTESIAN_POINT('Ctrl Pts',(-42.1717417954799,15.7169135038105,21.2672237961705));
#5532=CARTESIAN_POINT('Ctrl Pts',(-42.2756172792632,15.5651944115331,21.2767916853102));
#5533=CARTESIAN_POINT('Ctrl Pts',(-42.515194924589,15.3256167662074,21.2947793808969));
#5534=CARTESIAN_POINT('Ctrl Pts',(-42.6669137924138,15.2217416832925,21.3043707827248));
#5535=CARTESIAN_POINT('Ctrl Pts',(-42.9994879208394,15.0839298336015,21.3179160535883));
#5536=CARTESIAN_POINT('Ctrl Pts',(-43.1803540845427,15.05,21.3216720345307));
#5537=CARTESIAN_POINT('Ctrl Pts',(-43.5196459154573,15.05,21.3216720345307));
#5538=CARTESIAN_POINT('Ctrl Pts',(-43.7005120791606,15.0839298336015,21.3179160535883));
#5539=CARTESIAN_POINT('Ctrl Pts',(-44.0330862075863,15.2217416832925,21.3043707827248));
#5540=CARTESIAN_POINT('Ctrl Pts',(-44.184805075411,15.3256167662074,21.2947793808969));
#5541=CARTESIAN_POINT('Ctrl Pts',(-44.4243827207368,15.5651944115331,21.2767916853102));
#5542=CARTESIAN_POINT('Ctrl Pts',(-44.5282582045201,15.7169135038105,21.2672237961705));
#5543=CARTESIAN_POINT('Ctrl Pts',(-44.6660703518285,16.0494883861952,21.2537323648819));
#5544=CARTESIAN_POINT('Ctrl Pts',(-44.7,16.2303548111351,21.25));
#5545=CARTESIAN_POINT('Ctrl Pts',(-44.7,16.569645188865,21.25));
#5546=CARTESIAN_POINT('Ctrl Pts',(-44.6660703518285,16.7505116138048,21.2537323648819));
#5547=CARTESIAN_POINT('Ctrl Pts',(-44.5282582045201,17.0830864961895,21.2672237961705));
#5548=CARTESIAN_POINT('Ctrl Pts',(-44.4243827207368,17.2348055884669,21.2767916853102));
#5549=CARTESIAN_POINT('Ctrl Pts',(-44.184805075411,17.4743832337927,21.2947793808969));
#5550=CARTESIAN_POINT('Ctrl Pts',(-44.0330862075863,17.5782583167075,21.3043707827248));
#5551=CARTESIAN_POINT('Ctrl Pts',(-43.7005120791606,17.7160701663985,21.3179160535883));
#5552=CARTESIAN_POINT('Ctrl Pts',(-43.5196459154573,17.75,21.3216720345307));
#5553=CARTESIAN_POINT('Ctrl Pts',(-43.35,17.75,21.3216720345307));
#5554=CARTESIAN_POINT('',(-42.,16.4,15.25));
#5555=CARTESIAN_POINT('',(-42.,16.4,34.));
#5556=CARTESIAN_POINT('Origin',(-43.35,16.4,15.25));
#5557=CARTESIAN_POINT('Origin',(-43.35,16.4,15.25));
#5558=CARTESIAN_POINT('Origin',(-43.35,33.9,34.));
#5559=CARTESIAN_POINT('',(-40.1,33.9,34.));
#5560=CARTESIAN_POINT('Origin',(-43.35,33.9,34.));
#5561=CARTESIAN_POINT('',(-40.1,33.9,31.));
#5562=CARTESIAN_POINT('',(-40.1,33.9,34.));
#5563=CARTESIAN_POINT('Origin',(-43.35,33.9,31.));
#5564=CARTESIAN_POINT('Origin',(-43.35,33.9,31.));
#5565=CARTESIAN_POINT('',(-41.6,33.9,31.));
#5566=CARTESIAN_POINT('Origin',(-43.35,33.9,31.));
#5567=CARTESIAN_POINT('Origin',(-43.35,-1.1,34.));
#5568=CARTESIAN_POINT('',(-40.1,-1.1,34.));
#5569=CARTESIAN_POINT('Origin',(-43.35,-1.1,34.));
#5570=CARTESIAN_POINT('',(-40.1,-1.1,31.));
#5571=CARTESIAN_POINT('',(-40.1,-1.1,34.));
#5572=CARTESIAN_POINT('Origin',(-43.35,-1.1,31.));
#5573=CARTESIAN_POINT('Origin',(-43.35,-1.1,31.));
#5574=CARTESIAN_POINT('',(-41.6,-1.1,31.));
#5575=CARTESIAN_POINT('Origin',(-43.35,-1.1,31.));
#5576=CARTESIAN_POINT('Origin',(-48.35,16.4,34.));
#5577=CARTESIAN_POINT('',(-48.35,3.65,34.));
#5578=CARTESIAN_POINT('',(-48.35,29.15,34.));
#5579=CARTESIAN_POINT('Origin',(-48.35,16.4,34.));
#5580=CARTESIAN_POINT('',(-38.35,3.65,34.));
#5581=CARTESIAN_POINT('',(-48.35,3.65,34.));
#5582=CARTESIAN_POINT('',(-38.35,29.15,34.));
#5583=CARTESIAN_POINT('Origin',(-38.35,16.4,34.));
#5584=CARTESIAN_POINT('',(-48.35,29.15,34.));
#5585=CARTESIAN_POINT('Origin',(-48.35,35.9,26.0812882666083));
#5586=CARTESIAN_POINT('',(-48.35,35.9,26.0812882666083));
#5587=CARTESIAN_POINT('',(-48.35,38.9,25.4146215999417));
#5588=CARTESIAN_POINT('',(-48.35,39.1380187576409,25.3617285426881));
#5589=CARTESIAN_POINT('',(-38.35,35.9,26.0812882666083));
#5590=CARTESIAN_POINT('',(-48.35,35.9,26.0812882666083));
#5591=CARTESIAN_POINT('',(-38.35,38.9,25.4146215999417));
#5592=CARTESIAN_POINT('',(-38.35,17.6968422870527,30.1264344250411));
#5593=CARTESIAN_POINT('',(-43.35,38.9,25.4146215999417));
#5594=CARTESIAN_POINT('Origin',(-48.35,35.9,29.6666666666667));
#5595=CARTESIAN_POINT('',(-48.35,35.9,29.6666666666667));
#5596=CARTESIAN_POINT('',(-48.35,35.9,19.3333333333333));
#5597=CARTESIAN_POINT('',(-38.35,35.9,29.6666666666667));
#5598=CARTESIAN_POINT('',(-48.35,35.9,29.6666666666667));
#5599=CARTESIAN_POINT('',(-38.35,35.9,19.3333333333333));
#5600=CARTESIAN_POINT('Origin',(-48.35,38.9,29.));
#5601=CARTESIAN_POINT('',(-48.35,39.9,28.7777777777778));
#5602=CARTESIAN_POINT('',(-48.35,41.0176470588235,28.5294117647059));
#5603=CARTESIAN_POINT('',(-38.35,39.9,28.7777777777778));
#5604=CARTESIAN_POINT('',(-43.35,39.9,28.7777777777778));
#5605=CARTESIAN_POINT('',(-38.35,19.5764705882353,33.2941176470588));
#5606=CARTESIAN_POINT('Origin',(-48.35,-3.1,29.6666666666667));
#5607=CARTESIAN_POINT('',(-48.35,-3.09999999999999,29.6666666666667));
#5608=CARTESIAN_POINT('',(-48.35,-7.1,28.7777777777778));
#5609=CARTESIAN_POINT('',(-48.35,14.7235294117647,33.6274509803922));
#5610=CARTESIAN_POINT('',(-38.35,-3.09999999999999,29.6666666666667));
#5611=CARTESIAN_POINT('',(-48.35,-3.09999999999999,29.6666666666667));
#5612=CARTESIAN_POINT('',(-38.35,-7.1,28.7777777777778));
#5613=CARTESIAN_POINT('',(-38.35,-6.71764705882353,28.8627450980392));
#5614=CARTESIAN_POINT('',(-48.35,-7.1,28.7777777777778));
#5615=CARTESIAN_POINT('Origin',(-48.35,-3.1,26.0812882666083));
#5616=CARTESIAN_POINT('',(-48.35,-3.1,26.0812882666083));
#5617=CARTESIAN_POINT('',(-48.35,-3.1,17.5406441333042));
#5618=CARTESIAN_POINT('',(-38.35,-3.1,26.0812882666083));
#5619=CARTESIAN_POINT('',(-48.35,-3.1,26.0812882666083));
#5620=CARTESIAN_POINT('',(-38.35,-3.1,17.5406441333042));
#5621=CARTESIAN_POINT('Origin',(-48.35,-6.1,25.4146215999417));
#5622=CARTESIAN_POINT('',(-48.35,-6.1,25.4146215999417));
#5623=CARTESIAN_POINT('',(-48.35,13.6031577129474,29.7931010917077));
#5624=CARTESIAN_POINT('',(-38.35,-6.1,25.4146215999417));
#5625=CARTESIAN_POINT('',(-48.35,-6.1,25.4146215999417));
#5626=CARTESIAN_POINT('',(-38.35,-7.83801875764087,25.0283952093548));
#5627=CARTESIAN_POINT('Origin',(-43.35,16.4,34.));
#5628=CARTESIAN_POINT('',(-48.35,-7.1,34.));
#5629=CARTESIAN_POINT('',(-48.35,38.9,34.));
#5630=CARTESIAN_POINT('',(-38.35,-7.1,34.));
#5631=CARTESIAN_POINT('',(-45.85,-7.1,34.));
#5632=CARTESIAN_POINT('',(-38.35,-6.1,34.));
#5633=CARTESIAN_POINT('Origin',(-38.35,39.9,9.));
#5634=CARTESIAN_POINT('',(-48.35,39.9,34.));
#5635=CARTESIAN_POINT('',(-48.35,39.9,9.));
#5636=CARTESIAN_POINT('',(-38.35,39.9,34.));
#5637=CARTESIAN_POINT('',(-40.85,39.9,34.));
#5638=CARTESIAN_POINT('',(-38.35,39.9,9.));
#5639=CARTESIAN_POINT('Origin',(-38.35,-6.1,9.));
#5640=CARTESIAN_POINT('',(-38.35,-7.1,9.));
#5641=CARTESIAN_POINT('',(-38.35,-6.1,9.));
#5642=CARTESIAN_POINT('',(-38.35,-6.1,9.));
#5643=CARTESIAN_POINT('',(-38.35,38.9,9.));
#5644=CARTESIAN_POINT('',(-38.35,-6.1,9.));
#5645=CARTESIAN_POINT('',(-38.35,38.9,9.));
#5646=CARTESIAN_POINT('',(-38.35,-6.1,34.));
#5647=CARTESIAN_POINT('Origin',(-48.35,-7.1,9.));
#5648=CARTESIAN_POINT('',(-48.35,-7.1,9.));
#5649=CARTESIAN_POINT('Origin',(-43.35,-1.1,9.));
#5650=CARTESIAN_POINT('',(-41.6,-1.1,9.));
#5651=CARTESIAN_POINT('',(-41.6,-1.1,9.));
#5652=CARTESIAN_POINT('Origin',(-43.35,-1.1,9.));
#5653=CARTESIAN_POINT('Origin',(-43.35,33.9,9.));
#5654=CARTESIAN_POINT('',(-41.6,33.9,9.));
#5655=CARTESIAN_POINT('',(-41.6,33.9,9.));
#5656=CARTESIAN_POINT('Origin',(-43.35,33.9,9.));
#5657=CARTESIAN_POINT('Origin',(-38.35,38.9,9.));
#5658=CARTESIAN_POINT('',(-48.35,38.9,9.));
#5659=CARTESIAN_POINT('',(-38.35,38.9,9.));
#5660=CARTESIAN_POINT('',(-48.35,38.9,9.));
#5661=CARTESIAN_POINT('Origin',(-48.35,-6.1,9.));
#5662=CARTESIAN_POINT('',(-48.35,-6.1,9.));
#5663=CARTESIAN_POINT('',(-48.35,-6.1,9.));
#5664=CARTESIAN_POINT('',(-48.35,-6.1,9.));
#5665=CARTESIAN_POINT('Origin',(-48.35,38.9,9.));
#5666=CARTESIAN_POINT('',(-48.35,38.9,34.));
#5667=CARTESIAN_POINT('',(-48.35,38.9,9.));
#5668=CARTESIAN_POINT('Origin',(-43.35,16.4,34.));
#5669=CARTESIAN_POINT('Origin',(-43.35,16.4,9.));
#5670=CARTESIAN_POINT('',(0.,0.,0.));
#5671=CARTESIAN_POINT('',(-0.499999999999998,-11.5,-0.500000000000001));
#5672=CARTESIAN_POINT('',(-10.85,-8.19999999999996,-1.11022302462516E-15));
#5673=CARTESIAN_POINT('',(0.,-11.5,-0.500000000000001));
#5674=CARTESIAN_POINT('',(97.55,-8.19999999999994,9.99200722162639E-15));
#5675=UNCERTAINTY_MEASURE_WITH_UNIT(LENGTH_MEASURE(0.01),#5687,
'DISTANCE_ACCURACY_VALUE',
'Maximum model space distance between geometric entities at asserted c
onnectivities');
#5676=UNCERTAINTY_MEASURE_WITH_UNIT(LENGTH_MEASURE(0.01),#5687,
'DISTANCE_ACCURACY_VALUE',
'Maximum model space distance between geometric entities at asserted c
onnectivities');
#5677=UNCERTAINTY_MEASURE_WITH_UNIT(LENGTH_MEASURE(0.01),#5687,
'DISTANCE_ACCURACY_VALUE',
'Maximum model space distance between geometric entities at asserted c
onnectivities');
#5678=UNCERTAINTY_MEASURE_WITH_UNIT(LENGTH_MEASURE(0.01),#5687,
'DISTANCE_ACCURACY_VALUE',
'Maximum model space distance between geometric entities at asserted c
onnectivities');
#5679=UNCERTAINTY_MEASURE_WITH_UNIT(LENGTH_MEASURE(0.01),#5687,
'DISTANCE_ACCURACY_VALUE',
'Maximum model space distance between geometric entities at asserted c
onnectivities');
#5680=UNCERTAINTY_MEASURE_WITH_UNIT(LENGTH_MEASURE(0.01),#5687,
'DISTANCE_ACCURACY_VALUE',
'Maximum model space distance between geometric entities at asserted c
onnectivities');
#5681=(
GEOMETRIC_REPRESENTATION_CONTEXT(3)
GLOBAL_UNCERTAINTY_ASSIGNED_CONTEXT((#5675))
GLOBAL_UNIT_ASSIGNED_CONTEXT((#5687,#5689,#5690))
REPRESENTATION_CONTEXT('','3D')
);
#5682=(
GEOMETRIC_REPRESENTATION_CONTEXT(3)
GLOBAL_UNCERTAINTY_ASSIGNED_CONTEXT((#5676))
GLOBAL_UNIT_ASSIGNED_CONTEXT((#5687,#5689,#5690))
REPRESENTATION_CONTEXT('','3D')
);
#5683=(
GEOMETRIC_REPRESENTATION_CONTEXT(3)
GLOBAL_UNCERTAINTY_ASSIGNED_CONTEXT((#5677))
GLOBAL_UNIT_ASSIGNED_CONTEXT((#5687,#5689,#5690))
REPRESENTATION_CONTEXT('','3D')
);
#5684=(
GEOMETRIC_REPRESENTATION_CONTEXT(3)
GLOBAL_UNCERTAINTY_ASSIGNED_CONTEXT((#5678))
GLOBAL_UNIT_ASSIGNED_CONTEXT((#5687,#5689,#5690))
REPRESENTATION_CONTEXT('','3D')
);
#5685=(
GEOMETRIC_REPRESENTATION_CONTEXT(3)
GLOBAL_UNCERTAINTY_ASSIGNED_CONTEXT((#5679))
GLOBAL_UNIT_ASSIGNED_CONTEXT((#5687,#5689,#5690))
REPRESENTATION_CONTEXT('','3D')
);
#5686=(
GEOMETRIC_REPRESENTATION_CONTEXT(3)
GLOBAL_UNCERTAINTY_ASSIGNED_CONTEXT((#5680))
GLOBAL_UNIT_ASSIGNED_CONTEXT((#5687,#5689,#5690))
REPRESENTATION_CONTEXT('','3D')
);
#5687=(
LENGTH_UNIT()
NAMED_UNIT(*)
SI_UNIT(.MILLI.,.METRE.)
);
#5688=(
LENGTH_UNIT()
NAMED_UNIT(*)
SI_UNIT($,.METRE.)
);
#5689=(
NAMED_UNIT(*)
PLANE_ANGLE_UNIT()
SI_UNIT($,.RADIAN.)
);
#5690=(
NAMED_UNIT(*)
SI_UNIT($,.STERADIAN.)
SOLID_ANGLE_UNIT()
);
#5691=SHAPE_DEFINITION_REPRESENTATION(#5696,#5706);
#5692=SHAPE_DEFINITION_REPRESENTATION(#5697,#5707);
#5693=SHAPE_DEFINITION_REPRESENTATION(#5698,#5708);
#5694=SHAPE_DEFINITION_REPRESENTATION(#5699,#5709);
#5695=SHAPE_DEFINITION_REPRESENTATION(#5700,#5710);
#5696=PRODUCT_DEFINITION_SHAPE('',$,#5712);
#5697=PRODUCT_DEFINITION_SHAPE('',$,#5713);
#5698=PRODUCT_DEFINITION_SHAPE('',$,#5714);
#5699=PRODUCT_DEFINITION_SHAPE('',$,#5715);
#5700=PRODUCT_DEFINITION_SHAPE('',$,#5716);
#5701=PRODUCT_DEFINITION_SHAPE($,$,#26);
#5702=PRODUCT_DEFINITION_SHAPE($,$,#27);
#5703=PRODUCT_DEFINITION_SHAPE($,$,#28);
#5704=PRODUCT_DEFINITION_SHAPE($,$,#29);
#5705=PRODUCT_DEFINITION_SHAPE($,$,#30);
#5706=SHAPE_REPRESENTATION('',(#3234,#3545,#3546,#3547,#3548,#3549),#5681);
#5707=SHAPE_REPRESENTATION('',(#3235),#5682);
#5708=SHAPE_REPRESENTATION('',(#3419),#5683);
#5709=SHAPE_REPRESENTATION('',(#3466),#5684);
#5710=SHAPE_REPRESENTATION('',(#3491),#5685);
#5711=PRODUCT_DEFINITION_CONTEXT('part definition',#5728,'design');
#5712=PRODUCT_DEFINITION('esp32-p4-wifi6-waveshare-800x480',
'esp32-p4-wifi6-waveshare-800x480',#5717,#5711);
#5713=PRODUCT_DEFINITION('Main','main',#5718,#5711);
#5714=PRODUCT_DEFINITION('cover-TPU','cover-TPU',#5719,#5711);
#5715=PRODUCT_DEFINITION('insert','insert',#5720,#5711);
#5716=PRODUCT_DEFINITION('u-holder','u-holder',#5721,#5711);
#5717=PRODUCT_DEFINITION_FORMATION('',$,#5730);
#5718=PRODUCT_DEFINITION_FORMATION('',$,#5731);
#5719=PRODUCT_DEFINITION_FORMATION('',$,#5732);
#5720=PRODUCT_DEFINITION_FORMATION('',$,#5733);
#5721=PRODUCT_DEFINITION_FORMATION('',$,#5734);
#5722=PRODUCT_RELATED_PRODUCT_CATEGORY(
'esp32-p4-wifi6-waveshare-800x480','esp32-p4-wifi6-waveshare-800x480',(#5730));
#5723=PRODUCT_RELATED_PRODUCT_CATEGORY('main','main',(#5731));
#5724=PRODUCT_RELATED_PRODUCT_CATEGORY('cover-TPU','cover-TPU',(#5732));
#5725=PRODUCT_RELATED_PRODUCT_CATEGORY('insert','insert',(#5733));
#5726=PRODUCT_RELATED_PRODUCT_CATEGORY('u-holder','u-holder',(#5734));
#5727=APPLICATION_PROTOCOL_DEFINITION('international standard',
'automotive_design',2009,#5728);
#5728=APPLICATION_CONTEXT(
'Core Data for Automotive Mechanical Design Process');
#5729=PRODUCT_CONTEXT('part definition',#5728,'mechanical');
#5730=PRODUCT('esp32-p4-wifi6-waveshare-800x480',
'esp32-p4-wifi6-waveshare-800x480',$,(#5729));
#5731=PRODUCT('Main','main',$,(#5729));
#5732=PRODUCT('cover-TPU','cover-TPU',$,(#5729));
#5733=PRODUCT('insert','insert',$,(#5729));
#5734=PRODUCT('u-holder','u-holder',$,(#5729));
#5735=PRESENTATION_STYLE_ASSIGNMENT((#5736));
#5736=SURFACE_STYLE_USAGE(.BOTH.,#5737);
#5737=SURFACE_SIDE_STYLE('',(#5738));
#5738=SURFACE_STYLE_FILL_AREA(#5739);
#5739=FILL_AREA_STYLE('Steel - Satin',(#5740));
#5740=FILL_AREA_STYLE_COLOUR('Steel - Satin',#5741);
#5741=COLOUR_RGB('Steel - Satin',0.627450980392157,0.627450980392157,0.627450980392157);
ENDSEC;
END-ISO-10303-21;
